<svg width="1440" height="256" viewBox="0 0 1440 256" fill="none" xmlns="http://www.w3.org/2000/svg">
<path fill-rule="evenodd" clip-rule="evenodd" d="M251.755 281.849C251.877 282.934 251.958 283.979 251.999 285.025V288H259.356V286.876C259.274 280.604 257.974 274.372 255.779 268.422L254.6 265.246C252.816 260.471 250.586 255.897 247.587 251.802C247.593 251.794 247.6 251.784 247.609 251.775C247.609 251.775 247.609 251.75 247.59 251.72C247.592 251.716 247.595 251.712 247.599 251.708C247.602 251.704 247.605 251.7 247.609 251.696C247.609 251.696 247.609 251.679 247.598 251.656C250.631 247.564 252.858 242.955 254.6 238.226L255.779 235.05C257.933 229.14 259.274 222.908 259.356 216.596V215.066C259.274 208.794 257.974 202.562 255.779 196.611L254.6 193.435C252.816 188.661 250.586 184.086 247.587 179.992C247.591 179.986 247.595 179.98 247.6 179.974C247.603 179.971 247.606 179.968 247.609 179.965C247.609 179.965 247.609 179.963 247.609 179.959C247.609 179.956 247.608 179.953 247.607 179.948C247.604 179.938 247.599 179.925 247.59 179.91C247.595 179.902 247.601 179.894 247.609 179.886C247.609 179.886 247.609 179.869 247.598 179.845C250.631 175.754 252.858 171.145 254.6 166.415L255.779 163.239C257.933 157.329 259.274 151.097 259.356 144.785V143.255C259.274 136.983 257.974 130.751 255.779 124.801L254.6 121.625C252.816 116.85 250.586 112.276 247.587 108.181C247.593 108.173 247.6 108.163 247.609 108.154C247.609 108.154 247.609 108.144 247.604 108.129C247.601 108.12 247.597 108.11 247.59 108.099C247.592 108.095 247.595 108.091 247.599 108.087C247.602 108.083 247.605 108.079 247.609 108.076C247.609 108.076 247.609 108.068 247.606 108.057C247.605 108.051 247.602 108.043 247.598 108.035C250.631 103.943 252.858 99.3342 254.6 94.605L255.779 91.4288C257.933 85.5186 259.274 79.2868 259.356 72.9746V71.4446C259.274 65.1726 257.974 58.9408 255.779 52.9904L254.6 49.8142C252.816 45.0397 250.586 40.4654 247.587 36.3709C247.591 36.3654 247.595 36.3598 247.6 36.3541C247.603 36.3506 247.606 36.3472 247.609 36.3437C247.609 36.3437 247.609 36.3418 247.609 36.3384L247.608 36.3317L247.606 36.3248L247.604 36.3194L247.603 36.3149L247.6 36.3071L247.596 36.2993C247.594 36.2959 247.592 36.2924 247.59 36.2888C247.595 36.2811 247.601 36.2731 247.609 36.2651C247.609 36.2651 247.609 36.2576 247.606 36.246C247.604 36.2397 247.602 36.2323 247.598 36.2242C250.631 32.133 252.858 27.5237 254.6 22.7946L255.779 19.6183C257.933 13.7082 259.274 7.47641 259.356 1.16415V0.0401917H251.999V3.01541C251.97 3.37714 251.946 3.74921 251.921 4.12802L251.921 4.12912C251.878 4.80255 251.833 5.49704 251.755 6.19159V6.47302C251.633 7.59875 251.511 8.6843 251.308 9.85025C250.251 16.3233 248.382 20.7459 247.569 22.4345C246.756 20.7459 244.886 16.3233 243.829 9.85025C243.626 8.72452 243.504 7.59875 243.382 6.47302V6.19159C243.26 5.10605 243.179 4.06073 243.138 3.01541V0.0401917H235.782V1.16415C235.863 7.43619 237.164 13.668 239.358 19.6183L240.537 22.7946C242.281 27.5691 244.552 32.1435 247.55 36.238C247.547 36.2421 247.544 36.2462 247.541 36.2505C247.537 36.2553 247.533 36.2602 247.528 36.2651C247.528 36.2651 247.528 36.2753 247.533 36.2906C247.536 36.2992 247.541 36.3093 247.548 36.3201C247.543 36.3278 247.536 36.3358 247.528 36.3437C247.528 36.3437 247.528 36.3612 247.54 36.3846C244.506 40.4758 242.239 45.0851 240.537 49.8142L239.358 52.9904C237.204 58.9006 235.863 65.1324 235.782 71.4446V72.9746C235.863 79.2466 237.164 85.4784 239.358 91.4288L240.537 94.605C242.281 99.3796 244.551 103.954 247.55 108.048C247.545 108.057 247.537 108.066 247.528 108.076C247.528 108.076 247.528 108.1 247.548 108.131C247.544 108.136 247.54 108.141 247.536 108.146C247.534 108.149 247.531 108.151 247.528 108.154C247.528 108.154 247.528 108.172 247.54 108.195C244.506 112.286 242.239 116.896 240.537 121.625L239.358 124.801C237.204 130.711 235.863 136.943 235.782 143.255V144.785C235.863 151.057 237.164 157.289 239.358 163.239L240.537 166.415C242.281 171.19 244.551 175.764 247.55 179.859C247.545 179.868 247.537 179.877 247.528 179.886C247.528 179.886 247.528 179.911 247.548 179.941C247.543 179.949 247.536 179.957 247.528 179.965C247.528 179.965 247.528 179.982 247.54 180.005C244.506 184.097 242.239 188.706 240.537 193.435L239.358 196.611C237.204 202.522 235.863 208.753 235.782 215.066V216.596C235.863 222.868 237.164 229.099 239.358 235.05L240.537 238.226C242.281 243.001 244.551 247.575 247.55 251.669C247.545 251.678 247.537 251.687 247.528 251.696C247.528 251.696 247.528 251.721 247.548 251.752C247.543 251.759 247.536 251.767 247.528 251.775C247.528 251.775 247.528 251.793 247.54 251.816C244.506 255.907 242.239 260.516 240.537 265.246L239.358 268.422C237.204 274.332 235.863 280.564 235.782 286.876V288H243.138V285.025C243.168 284.662 243.192 284.289 243.216 283.91C243.259 283.237 243.304 282.543 243.382 281.849V281.567C243.504 280.441 243.626 279.356 243.829 278.19C244.886 271.717 246.756 267.294 247.569 265.606C248.382 267.294 250.251 271.717 251.308 278.19C251.511 279.315 251.633 280.44 251.755 281.564L251.755 281.567V281.849ZM243.138 141.404C243.168 141.041 243.192 140.669 243.216 140.289C243.259 139.616 243.304 138.922 243.382 138.228V137.946C243.504 136.821 243.626 135.735 243.829 134.569C244.886 128.096 246.756 123.673 247.569 121.985C248.382 123.673 250.251 128.096 251.308 134.569C251.511 135.694 251.633 136.819 251.755 137.944L251.755 137.946V138.228C251.877 139.313 251.958 140.359 251.999 141.404V146.636C251.97 146.998 251.946 147.37 251.921 147.749C251.878 148.422 251.833 149.118 251.755 149.812V150.094C251.633 151.22 251.511 152.305 251.308 153.471C250.251 159.944 248.382 164.367 247.569 166.055C246.756 164.367 244.886 159.944 243.829 153.471C243.626 152.345 243.504 151.22 243.382 150.094V149.812C243.26 148.727 243.179 147.682 243.138 146.636V141.404ZM243.138 213.214C243.168 212.852 243.192 212.479 243.216 212.099C243.259 211.426 243.304 210.732 243.382 210.038V209.757C243.504 208.631 243.626 207.545 243.829 206.379C244.886 199.906 246.756 195.484 247.569 193.795C248.382 195.484 250.251 199.906 251.308 206.379C251.511 207.504 251.633 208.629 251.755 209.754L251.755 209.757V210.038C251.877 211.124 251.958 212.169 251.999 213.214V218.447C251.97 218.809 251.946 219.181 251.921 219.56C251.878 220.234 251.833 220.928 251.755 221.623V221.904C251.633 223.03 251.511 224.116 251.308 225.282C250.251 231.755 248.382 236.177 247.569 237.866C246.756 236.177 244.886 231.755 243.829 225.282C243.626 224.156 243.504 223.03 243.382 221.904V221.623C243.26 220.537 243.179 219.492 243.138 218.447V213.214ZM243.138 69.5934C243.168 69.231 243.192 68.8581 243.216 68.4785C243.259 67.8054 243.304 67.1113 243.382 66.4172V66.1358C243.504 65.01 243.626 63.9245 243.829 62.7586C244.886 56.2855 246.756 51.8629 247.569 50.1743C248.382 51.8629 250.251 56.2855 251.308 62.7586C251.511 63.8834 251.633 65.0082 251.755 66.1331L251.755 66.1358V66.4172C251.877 67.5028 251.958 68.5481 251.999 69.5934V74.8258C251.97 75.1879 251.946 75.5604 251.921 75.9396C251.878 76.613 251.833 77.3075 251.755 78.0021V78.2835C251.633 79.4092 251.511 80.4948 251.308 81.6607C250.251 88.1338 248.382 92.5564 247.569 94.245C246.756 92.5564 244.886 88.1338 243.829 81.6607C243.626 80.535 243.504 79.4092 243.382 78.2835V78.0021C243.26 76.9165 243.179 75.8712 243.138 74.8258V69.5934Z" fill="url(#paint0_linear_35097_25798)"/>
<path fill-rule="evenodd" clip-rule="evenodd" d="M325.485 274.412C323.737 279.156 321.502 283.779 318.454 287.88C318.454 287.88 318.454 287.92 318.413 287.961H318.372C318.372 287.961 318.372 287.92 318.332 287.88C315.324 283.779 313.048 279.196 311.3 274.412L310.121 271.235C307.927 265.285 306.626 259.053 306.545 252.781V250.69C306.626 244.378 307.967 238.146 310.121 232.236L311.3 229.06C313.014 224.407 315.197 219.87 318.156 215.829C315.235 211.79 313.014 207.292 311.3 202.601L310.121 199.425C307.927 193.474 306.626 187.243 306.545 180.971V178.88C306.626 172.568 307.967 166.336 310.121 160.426L311.3 157.25C313.014 152.597 315.197 148.06 318.156 144.019C315.235 139.979 313.014 135.482 311.3 130.791L310.121 127.614C307.927 121.664 306.626 115.432 306.545 109.16V107.07C306.626 100.757 307.967 94.5255 310.121 88.6153L311.3 85.4391C313.014 80.7863 315.197 76.2496 318.156 72.2081C315.235 68.1689 313.014 63.6711 311.3 58.9801L310.121 55.8039C307.927 49.8536 306.626 43.6218 306.545 37.3497V35.259C306.626 28.9468 307.967 22.715 310.121 16.8049L311.3 13.6286C313.048 8.88443 315.283 4.26083 318.332 0.159943C318.332 0.159943 318.332 0.119659 318.372 0.0794678H318.413C318.413 0.0794678 318.413 0.119751 318.454 0.159943C321.461 4.26083 323.737 8.84421 325.485 13.6286L326.664 16.8049C328.859 22.7552 330.159 28.987 330.241 35.259V37.3497C330.159 43.662 328.818 49.8938 326.664 55.8039L325.485 58.9801C323.771 63.6329 321.588 68.1697 318.629 72.2112C321.55 76.2504 323.772 80.7481 325.485 85.4391L326.664 88.6153C328.859 94.5657 330.159 100.797 330.241 107.07V109.16C330.159 115.472 328.818 121.704 326.664 127.614L325.485 130.791C323.771 135.443 321.588 139.98 318.629 144.022C321.55 148.061 323.772 152.559 325.485 157.25L326.664 160.426C328.859 166.376 330.159 172.608 330.241 178.88V180.971C330.159 187.283 328.818 193.515 326.664 199.425L325.485 202.601C323.771 207.254 321.588 211.791 318.629 215.832C321.55 219.871 323.772 224.369 325.485 229.06L326.664 232.236C328.859 238.187 330.159 244.418 330.241 250.69V252.781C330.159 259.093 328.818 265.325 326.664 271.235L325.485 274.412ZM322.884 248.72C322.843 247.675 322.762 246.63 322.64 245.544V245.263L322.64 245.26C322.518 244.135 322.396 243.01 322.193 241.886C321.136 235.412 319.266 230.99 318.454 229.301C317.641 230.99 315.771 235.412 314.714 241.886C314.511 243.051 314.389 244.137 314.267 245.263V245.544C314.189 246.238 314.144 246.932 314.101 247.606C314.077 247.985 314.053 248.358 314.023 248.72V254.671C314.064 255.716 314.145 256.761 314.267 257.847V258.128C314.389 259.254 314.511 260.38 314.714 261.506C315.771 267.979 317.641 272.401 318.454 274.09C319.266 272.401 321.136 267.979 322.193 261.506C322.396 260.34 322.518 259.254 322.64 258.128V257.847C322.718 257.153 322.763 256.458 322.806 255.785L322.806 255.784C322.831 255.405 322.855 255.033 322.884 254.671V248.72ZM322.884 176.91C322.843 175.865 322.762 174.819 322.64 173.734V173.452L322.64 173.45C322.518 172.325 322.396 171.2 322.193 170.075C321.136 163.602 319.266 159.179 318.454 157.491C317.641 159.179 315.771 163.602 314.714 170.075C314.511 171.241 314.389 172.327 314.267 173.452V173.734C314.189 174.428 314.144 175.122 314.101 175.795C314.077 176.175 314.053 176.547 314.023 176.91V182.86C314.064 183.906 314.145 184.951 314.267 186.036V186.318C314.389 187.444 314.511 188.569 314.714 189.695C315.771 196.168 317.641 200.591 318.454 202.279C319.266 200.591 321.136 196.168 322.193 189.695C322.396 188.529 322.518 187.444 322.64 186.318V186.036C322.718 185.342 322.763 184.648 322.806 183.975C322.831 183.596 322.855 183.222 322.884 182.86V176.91ZM322.884 105.099C322.843 104.054 322.762 103.009 322.64 101.923V101.642L322.64 101.639C322.518 100.514 322.396 99.3894 322.193 98.2646C321.136 91.7915 319.266 87.369 318.454 85.6803C317.641 87.369 315.771 91.7915 314.714 98.2646C314.511 99.4305 314.389 100.516 314.267 101.642V101.923C314.189 102.617 314.144 103.311 314.101 103.985C314.077 104.364 314.053 104.737 314.023 105.099V111.05C314.064 112.095 314.145 113.14 314.267 114.226V114.507C314.389 115.633 314.511 116.759 314.714 117.885C315.771 124.358 317.641 128.78 318.454 130.469C319.266 128.78 321.136 124.358 322.193 117.885C322.396 116.719 322.518 115.633 322.64 114.507V114.226C322.718 113.532 322.763 112.837 322.806 112.164L322.806 112.163C322.831 111.784 322.855 111.412 322.884 111.05V105.099ZM322.884 33.289C322.843 32.2437 322.762 31.1983 322.64 30.1128V29.8314L322.64 29.8286C322.518 28.7038 322.396 27.579 322.193 26.4541C321.136 19.9811 319.266 15.5585 318.454 13.8699C317.641 15.5585 315.771 19.9811 314.714 26.4541C314.511 27.6201 314.389 28.7056 314.267 29.8314V30.1128C314.189 30.8069 314.144 31.501 314.101 32.1741C314.077 32.5537 314.053 32.9266 314.023 33.289V39.2394C314.064 40.2847 314.145 41.33 314.267 42.4156V42.697C314.389 43.8227 314.511 44.9485 314.714 46.0742C315.771 52.5473 317.641 56.9699 318.454 58.6585C319.266 56.9699 321.136 52.5473 322.193 46.0742C322.396 44.9083 322.518 43.8227 322.64 42.697V42.4156C322.718 41.7213 322.763 41.027 322.806 40.3538L322.806 40.3515C322.831 39.9729 322.855 39.6009 322.884 39.2394V33.289Z" fill="url(#paint1_linear_35097_25798)"/>
<path fill-rule="evenodd" clip-rule="evenodd" d="M18.8185 238.147C17.0708 242.892 14.8354 247.515 11.787 251.616C11.8277 251.656 11.8276 251.696 11.8276 251.696C11.7869 251.737 11.787 251.777 11.787 251.777C14.7948 255.878 17.0708 260.461 18.8185 265.246L19.9973 268.422C22.1921 274.372 23.4928 280.604 23.574 286.876V287.921H16.2173V284.946C16.1767 283.901 16.0954 282.856 15.9735 281.77V281.489C15.8515 280.363 15.7295 279.237 15.5263 278.111C14.4695 271.638 12.5999 267.216 11.787 265.527C10.9741 267.216 9.1044 271.638 8.04763 278.111C7.84441 279.277 7.72253 280.363 7.6006 281.489V281.77C7.52262 282.464 7.47789 283.158 7.43452 283.831C7.41007 284.211 7.38604 284.584 7.35673 284.946V287.921H0V286.876C0.08129 280.564 1.42247 274.332 3.57666 268.422L4.7554 265.246C6.50313 260.501 8.73865 255.878 11.787 251.777C11.7464 251.737 11.7463 251.696 11.7463 251.696C11.787 251.656 11.787 251.616 11.787 251.616C8.77929 247.515 6.50313 242.932 4.7554 238.147L3.57666 234.971C1.38183 229.021 0.08129 222.789 0 216.517V215.066C0.08129 208.753 1.42247 202.522 3.57666 196.611L4.7554 193.435C6.50313 188.691 8.73865 184.067 11.787 179.966C11.7464 179.926 11.7463 179.886 11.7463 179.886C11.787 179.846 11.787 179.806 11.787 179.806C8.77929 175.705 6.50313 171.121 4.7554 166.337L3.57666 163.161C1.38183 157.21 0.08129 150.978 0 144.706V143.255C0.08129 136.943 1.42247 130.711 3.57666 124.801L4.7554 121.625C6.50313 116.88 8.73865 112.257 11.787 108.156C11.7464 108.116 11.7463 108.076 11.7463 108.076C11.787 108.035 11.787 107.995 11.787 107.995C8.77929 103.894 6.50313 99.3108 4.7554 94.5264L3.57666 91.3502C1.38183 85.3998 0.08129 79.168 0 72.896V71.4446C0.08129 65.1324 1.42247 58.9006 3.57666 52.9904L4.7554 49.8142C6.50313 45.07 8.73865 40.4464 11.787 36.3455C11.7464 36.3053 11.7463 36.2651 11.7463 36.2651C11.787 36.2249 11.787 36.1847 11.787 36.1847C8.77929 32.0837 6.50313 27.5003 4.7554 22.7159L3.57666 19.5397C1.38183 13.5893 0.08129 7.35751 0 1.08554V0.0401917H7.35673V3.01541C7.39738 4.06073 7.47866 5.10605 7.6006 6.19159V6.47302L7.60085 6.47543C7.7227 7.60037 7.84455 8.72528 8.04763 9.85025C9.1044 16.3233 10.9741 20.7459 11.787 22.4345C12.5999 20.7459 14.4695 16.3233 15.5263 9.85025C15.7295 8.6843 15.8515 7.59875 15.9735 6.47302V6.19159C16.0514 5.49738 16.0962 4.80322 16.1395 4.13007C16.164 3.75046 16.188 3.37772 16.2173 3.01541V0.0401917H23.574V1.08554C23.4928 7.39774 22.1515 13.6295 19.9973 19.5397L18.8185 22.7159C17.0708 27.4601 14.8354 32.0837 11.787 36.1847C11.8277 36.2249 11.8276 36.2651 11.8276 36.2651C11.7869 36.3053 11.787 36.3455 11.787 36.3455C14.7948 40.4464 17.0708 45.0298 18.8185 49.8142L19.9973 52.9904C22.1921 58.9408 23.4928 65.1726 23.574 71.4446V72.896C23.4928 79.2082 22.1515 85.44 19.9973 91.3502L18.8185 94.5264C17.0708 99.2706 14.8354 103.894 11.787 107.995C11.8277 108.035 11.8276 108.076 11.8276 108.076C11.7869 108.116 11.787 108.156 11.787 108.156C14.7948 112.257 17.0708 116.84 18.8185 121.625L19.9973 124.801C22.1921 130.751 23.4928 136.983 23.574 143.255V144.706C23.4928 151.019 22.1515 157.25 19.9973 163.161L18.8185 166.337C17.0708 171.081 14.8354 175.705 11.787 179.806C11.8277 179.846 11.8276 179.886 11.8276 179.886C11.7869 179.926 11.787 179.966 11.787 179.966C14.7948 184.067 17.0708 188.651 18.8185 193.435L19.9973 196.611C22.1921 202.562 23.4928 208.794 23.574 215.066V216.517C23.4928 222.829 22.1515 229.061 19.9973 234.971L18.8185 238.147ZM16.2173 146.636C16.188 146.999 16.164 147.371 16.1395 147.751C16.0962 148.424 16.0514 149.118 15.9735 149.812V150.094C15.8515 151.22 15.7295 152.305 15.5263 153.471C14.4695 159.944 12.5999 164.367 11.787 166.055C10.9741 164.367 9.1044 159.944 8.04763 153.471C7.84455 152.346 7.7227 151.221 7.60085 150.096L7.6006 150.094V149.812C7.47866 148.727 7.39738 147.682 7.35673 146.636V141.325C7.38604 140.963 7.41006 140.59 7.43451 140.211C7.47788 139.538 7.52262 138.843 7.6006 138.149V137.868C7.72253 136.742 7.84441 135.656 8.04763 134.49C9.1044 128.017 10.9741 123.595 11.787 121.906C12.5999 123.595 14.4695 128.017 15.5263 134.49C15.7295 135.616 15.8515 136.742 15.9735 137.868V138.149C16.0954 139.235 16.1767 140.28 16.2173 141.325V146.636ZM7.35673 218.447C7.39738 219.492 7.47866 220.537 7.6006 221.623V221.904L7.60085 221.907C7.7227 223.032 7.84455 224.157 8.04763 225.282C9.1044 231.755 10.9741 236.177 11.787 237.866C12.5999 236.177 14.4695 231.755 15.5263 225.282C15.7295 224.116 15.8515 223.03 15.9735 221.904V221.623C16.0514 220.929 16.0962 220.235 16.1395 219.561L16.1396 219.56C16.164 219.181 16.188 218.809 16.2173 218.447V213.136C16.1767 212.09 16.0954 211.045 15.9735 209.96V209.678C15.8515 208.552 15.7295 207.427 15.5263 206.301C14.4695 199.828 12.5999 195.405 11.787 193.717C10.9741 195.405 9.1044 199.828 8.04763 206.301C7.84441 207.467 7.72253 208.552 7.6006 209.678V209.96C7.52262 210.654 7.47789 211.348 7.43452 212.021C7.41007 212.4 7.38604 212.773 7.35673 213.136V218.447ZM7.35673 74.8258C7.39738 75.8712 7.47866 76.9165 7.6006 78.0021V78.2835L7.60085 78.2859C7.7227 79.4108 7.84455 80.5358 8.04763 81.6607C9.1044 88.1337 10.9741 92.5563 11.787 94.245C12.5999 92.5563 14.4695 88.1337 15.5263 81.6607C15.7295 80.4948 15.8515 79.4092 15.9735 78.2835V78.0021C16.0514 77.3079 16.0962 76.6137 16.1395 75.9404L16.1396 75.9393C16.164 75.5604 16.188 75.1877 16.2173 74.8258V69.5148C16.1767 68.4695 16.0954 67.4241 15.9735 66.3386V66.0572C15.8515 64.9314 15.7295 63.8056 15.5263 62.6799C14.4695 56.2068 12.5999 51.7843 11.787 50.0957C10.9741 51.7843 9.1044 56.2068 8.04763 62.6799C7.84441 63.8458 7.72253 64.9314 7.6006 66.0572V66.3386C7.52262 67.0328 7.47789 67.7269 7.43452 68.4001C7.41007 68.7796 7.38604 69.1525 7.35673 69.5148V74.8258Z" fill="url(#paint2_linear_35097_25798)"/>
<path fill-rule="evenodd" clip-rule="evenodd" d="M59.0164 251.616C62.0648 247.515 64.3003 242.892 66.0481 238.147L67.2267 234.971C69.3809 229.061 70.7222 222.829 70.8035 216.517V215.066C70.7222 208.794 69.4215 202.562 67.2267 196.611L66.0481 193.435C64.2597 188.651 62.0242 184.067 59.0164 179.966C55.9681 184.067 53.6919 188.691 51.9848 193.435L50.8062 196.611C48.652 202.522 47.3107 208.753 47.2294 215.066V216.517C47.3107 222.789 48.6114 229.021 50.8062 234.971L51.9848 238.147C53.7325 242.932 56.0087 247.515 59.0164 251.616ZM54.5862 213.136C54.6154 212.774 54.6395 212.401 54.6639 212.022C54.7073 211.349 54.752 210.654 54.83 209.96V209.678C54.9519 208.552 55.0738 207.467 55.277 206.301C56.3338 199.828 58.2035 195.405 59.0164 193.717C59.8293 195.405 61.6989 199.828 62.7557 206.301C62.9589 207.427 63.0809 208.552 63.2029 209.678V209.96C63.3248 211.045 63.4061 212.09 63.4467 213.136V218.447C63.4174 218.809 63.3934 219.182 63.369 219.561C63.3256 220.234 63.2808 220.929 63.2029 221.623V221.904C63.0809 223.03 62.9589 224.116 62.7557 225.282C61.6989 231.755 59.8293 236.177 59.0164 237.866C58.2035 236.177 56.3338 231.755 55.277 225.282C55.074 224.157 54.9521 223.032 54.8303 221.907L54.83 221.904V221.623C54.7081 220.537 54.6268 219.492 54.5862 218.447V213.136Z" fill="url(#paint3_linear_35097_25798)"/>
<path fill-rule="evenodd" clip-rule="evenodd" d="M59.0164 251.777C62.0242 255.878 64.2597 260.461 66.0481 265.246L67.2267 268.422C69.4215 274.372 70.7222 280.604 70.8035 286.876V287.921H63.4467V284.946C63.4061 283.901 63.3248 282.856 63.2029 281.77V281.489C63.0809 280.363 62.9589 279.237 62.7557 278.111C61.6989 271.638 59.8293 267.216 59.0164 265.527C58.2035 267.216 56.3338 271.638 55.277 278.111C55.0738 279.277 54.9519 280.363 54.83 281.489V281.77C54.752 282.464 54.7073 283.158 54.6639 283.832C54.6395 284.211 54.6154 284.584 54.5862 284.946V287.921H47.2294V286.876C47.3107 280.564 48.652 274.332 50.8062 268.422L51.9848 265.246C53.6919 260.501 55.9681 255.878 59.0164 251.777ZM59.0164 251.777C59.0164 251.777 59.0165 251.737 59.0571 251.696C59.0571 251.696 59.0571 251.656 59.0164 251.616C59.0164 251.616 59.0164 251.656 58.9758 251.696C58.9758 251.696 58.9758 251.737 59.0164 251.777Z" fill="url(#paint4_linear_35097_25798)"/>
<path d="M59.0164 179.806C59.0164 179.806 59.0164 179.846 58.9758 179.886C58.9758 179.886 58.9758 179.926 59.0164 179.966C59.0164 179.966 59.0165 179.926 59.0571 179.886C59.0571 179.886 59.0571 179.846 59.0164 179.806Z" fill="url(#paint5_linear_35097_25798)"/>
<path fill-rule="evenodd" clip-rule="evenodd" d="M70.8035 144.706C70.7222 151.019 69.3809 157.25 67.2267 163.161L66.0481 166.337C64.3003 171.081 62.0648 175.705 59.0164 179.806C56.0087 175.705 53.7325 171.121 51.9848 166.337L50.8062 163.161C48.6114 157.21 47.3107 150.978 47.2294 144.706V143.255C47.3107 136.943 48.652 130.711 50.8062 124.801L51.9848 121.625C53.6919 116.88 55.9681 112.257 59.0164 108.156C58.9758 108.116 58.9758 108.076 58.9758 108.076C59.0164 108.035 59.0164 107.995 59.0164 107.995C56.0087 103.894 53.7325 99.3108 51.9848 94.5264L50.8062 91.3502C48.6114 85.3998 47.3107 79.168 47.2294 72.896V71.4446C47.3107 65.1324 48.652 58.9006 50.8062 52.9904L51.9848 49.8142C53.6919 45.07 55.9681 40.4464 59.0164 36.3455C58.9758 36.3053 58.9758 36.2651 58.9758 36.2651C59.0164 36.2249 59.0164 36.1847 59.0164 36.1847C56.0087 32.0837 53.7325 27.5003 51.9848 22.7159L50.8062 19.5397C48.6114 13.5893 47.3107 7.35751 47.2294 1.08554V0.0401917H54.5862V3.01541C54.6268 4.06073 54.7081 5.10605 54.83 6.19159V6.47302L54.8303 6.47537C54.9521 7.60034 55.074 8.72528 55.277 9.85025C56.3338 16.3233 58.2035 20.7459 59.0164 22.4345C59.8293 20.7459 61.6989 16.3233 62.7557 9.85025C62.9589 8.6843 63.0809 7.59875 63.2029 6.47302V6.19159C63.2808 5.49744 63.3256 4.80325 63.369 4.12988C63.3934 3.75043 63.4174 3.37769 63.4467 3.01541V0.0401917H70.8035V1.08554C70.7222 7.39774 69.3809 13.6295 67.2267 19.5397L66.0481 22.7159C64.3003 27.4601 62.0648 32.0837 59.0164 36.1847C59.0571 36.2249 59.0571 36.2651 59.0571 36.2651C59.0165 36.3053 59.0164 36.3455 59.0164 36.3455C62.0242 40.4464 64.2597 45.0298 66.0481 49.8142L67.2267 52.9904C69.4215 58.9408 70.7222 65.1726 70.8035 71.4446V72.896C70.7222 79.2082 69.3809 85.44 67.2267 91.3502L66.0481 94.5264C64.3003 99.2706 62.0648 103.894 59.0164 107.995C59.0571 108.035 59.0571 108.076 59.0571 108.076C59.0165 108.116 59.0164 108.156 59.0164 108.156C62.0242 112.257 64.2597 116.84 66.0481 121.625L67.2267 124.801C69.4215 130.751 70.7222 136.983 70.8035 143.255V144.706ZM63.4467 146.636C63.4174 146.999 63.3934 147.371 63.369 147.751C63.3256 148.424 63.2808 149.118 63.2029 149.812V150.094C63.0809 151.22 62.9589 152.305 62.7557 153.471C61.6989 159.944 59.8293 164.367 59.0164 166.055C58.2035 164.367 56.3338 159.944 55.277 153.471C55.074 152.346 54.9521 151.221 54.8303 150.096L54.83 150.094V149.812C54.7081 148.727 54.6268 147.682 54.5862 146.636V141.325C54.6154 140.963 54.6395 140.59 54.6639 140.211C54.7073 139.538 54.752 138.843 54.83 138.149V137.868C54.9519 136.742 55.0738 135.656 55.277 134.49C56.3338 128.017 58.2035 123.595 59.0164 121.906C59.8293 123.595 61.6989 128.017 62.7557 134.49C62.9589 135.616 63.0809 136.742 63.2029 137.868V138.149C63.3248 139.235 63.4061 140.28 63.4467 141.325V146.636ZM54.5862 69.5148C54.6154 69.1526 54.6395 68.78 54.6639 68.4007C54.7073 67.7276 54.752 67.0328 54.83 66.3386V66.0572C54.9519 64.9314 55.0738 63.8458 55.277 62.6799C56.3338 56.2068 58.2035 51.7843 59.0164 50.0957C59.8293 51.7843 61.6989 56.2068 62.7557 62.6799C62.9589 63.8056 63.0809 64.9314 63.2029 66.0572V66.3386C63.3248 67.4241 63.4061 68.4695 63.4467 69.5148V74.8258C63.4174 75.188 63.3934 75.5607 63.369 75.94C63.3256 76.6131 63.2808 77.3079 63.2029 78.0021V78.2835C63.0809 79.4092 62.9589 80.4948 62.7557 81.6607C61.6989 88.1338 59.8293 92.5564 59.0164 94.245C58.2035 92.5564 56.3338 88.1338 55.277 81.6607C55.074 80.5358 54.9521 79.4108 54.8303 78.2859L54.83 78.2835V78.0021C54.7081 76.9165 54.6268 75.8712 54.5862 74.8258V69.5148Z" fill="url(#paint6_linear_35097_25798)"/>
<path fill-rule="evenodd" clip-rule="evenodd" d="M47.1075 252.742C47.0262 259.054 45.6849 265.286 43.5307 271.196L42.352 274.372C40.6043 279.116 38.3688 283.74 35.3204 287.841C35.3204 287.841 35.3205 287.881 35.2798 287.921H35.2391C35.2391 287.921 35.2391 287.881 35.1984 287.841C32.1907 283.74 29.9147 279.157 28.1669 274.372L26.9882 271.196C24.7934 265.246 23.4927 259.014 23.4114 252.742V250.611C23.4927 244.299 24.834 238.067 26.9882 232.157L28.1669 228.981C29.8782 224.335 32.0569 219.806 35.0084 215.769C32.0946 211.735 29.8777 207.245 28.1669 202.562L26.9882 199.386C24.7934 193.435 23.4927 187.203 23.4114 180.931V178.8C23.4927 172.488 24.834 166.256 26.9882 160.346L28.1669 157.17C29.8782 152.525 32.0569 147.995 35.0084 143.959C32.0946 139.925 29.8777 135.434 28.1669 130.751L26.9882 127.575C24.7934 121.625 23.4927 115.393 23.4114 109.121V106.99C23.4927 100.678 24.834 94.446 26.9882 88.5358L28.1669 85.3596C29.8782 80.7145 32.0569 76.185 35.0084 72.1485C32.0946 68.1145 29.8777 63.624 28.1669 58.9408L26.9882 55.7646C24.7934 49.8142 23.4927 43.5824 23.4114 37.3104V35.1795C23.4927 28.8673 24.834 22.6355 26.9882 16.7253L28.1669 13.5491C29.9147 8.80487 32.1501 4.1813 35.1984 0.0804138C35.1984 0.0804138 35.1985 0.0401917 35.2391 0H35.2798C35.2798 0 35.2797 0.0401917 35.3204 0.0804138C38.3281 4.1813 40.6043 8.76468 42.352 13.5491L43.5307 16.7253C45.7256 22.6757 47.0262 28.9075 47.1075 35.1795V37.3104C47.0262 43.6226 45.6849 49.8544 43.5307 55.7646L42.352 58.9408C40.6408 63.5859 38.4619 68.1154 35.5104 72.1519C38.4242 76.1859 40.6413 80.6764 42.352 85.3596L43.5307 88.5358C45.7256 94.4862 47.0262 100.718 47.1075 106.99V109.121C47.0262 115.433 45.6849 121.665 43.5307 127.575L42.352 130.751C40.6408 135.396 38.4619 139.926 35.5104 143.962C38.4242 147.996 40.6413 152.487 42.352 157.17L43.5307 160.346C45.7256 166.297 47.0262 172.528 47.1075 178.8V180.931C47.0262 187.244 45.6849 193.475 43.5307 199.386L42.352 202.562C40.6408 207.207 38.4619 211.736 35.5104 215.773C38.4242 219.807 40.6413 224.297 42.352 228.981L43.5307 232.157C45.7256 238.107 47.0262 244.339 47.1075 250.611V252.742ZM39.7101 248.761C39.6695 247.716 39.5882 246.671 39.4662 245.585V245.304C39.3443 244.178 39.2223 243.052 39.0191 241.927C37.9623 235.454 36.0927 231.031 35.2798 229.342C34.4669 231.031 32.5972 235.454 31.5404 241.927C31.3372 243.093 31.2153 244.178 31.0934 245.304V245.585C31.0154 246.279 30.9707 246.974 30.9273 247.647C30.9029 248.026 30.8788 248.399 30.8495 248.761V254.712C30.8902 255.757 30.9715 256.803 31.0934 257.888V258.17L31.0937 258.172C31.2155 259.297 31.3374 260.422 31.5404 261.547C32.5972 268.02 34.4669 272.442 35.2798 274.131C36.0927 272.442 37.9623 268.02 39.0191 261.547C39.2223 260.381 39.3443 259.295 39.4662 258.17V257.888C39.5442 257.194 39.5889 256.5 39.6323 255.827C39.6568 255.447 39.6808 255.074 39.7101 254.712V248.761ZM39.7101 176.951C39.6695 175.906 39.5882 174.86 39.4662 173.775V173.493C39.3443 172.368 39.2223 171.242 39.0191 170.116C37.9623 163.643 36.0927 159.221 35.2798 157.532C34.4669 159.221 32.5972 163.643 31.5404 170.116C31.3372 171.282 31.2153 172.368 31.0934 173.493V173.775C31.0154 174.469 30.9707 175.163 30.9273 175.836L30.9272 175.838L30.9271 175.839C30.9027 176.218 30.8788 176.589 30.8495 176.951V182.901C30.8902 183.947 30.9715 184.992 31.0934 186.078V186.359L31.0937 186.362C31.2155 187.487 31.3374 188.611 31.5404 189.736C32.5972 196.209 34.4669 200.632 35.2798 202.321C36.0927 200.632 37.9623 196.209 39.0191 189.736C39.2223 188.57 39.3443 187.485 39.4662 186.359V186.078C39.5442 185.384 39.5889 184.689 39.6323 184.016C39.6568 183.637 39.6808 183.264 39.7101 182.901V176.951ZM39.7101 105.141C39.6695 104.095 39.5882 103.05 39.4662 101.964V101.683C39.3443 100.557 39.2223 99.4314 39.0191 98.3056C37.9623 91.8326 36.0927 87.4101 35.2798 85.7214C34.4669 87.4101 32.5972 91.8326 31.5404 98.3056C31.3372 99.4716 31.2153 100.557 31.0934 101.683V101.964C31.0154 102.659 30.9707 103.353 30.9273 104.026C30.9029 104.405 30.8788 104.778 30.8495 105.141V111.091C30.8902 112.136 30.9715 113.182 31.0934 114.267V114.549L31.0937 114.551C31.2155 115.676 31.3374 116.801 31.5404 117.926C32.5972 124.399 34.4669 128.821 35.2798 130.51C36.0927 128.821 37.9623 124.399 39.0191 117.926C39.2223 116.76 39.3443 115.674 39.4662 114.549V114.267C39.5442 113.573 39.5889 112.879 39.6323 112.206C39.6568 111.826 39.6808 111.453 39.7101 111.091V105.141ZM39.7101 33.3301C39.6695 32.2848 39.5882 31.2394 39.4662 30.1539V29.8724C39.3443 28.7467 39.2223 27.621 39.0191 26.4952C37.9623 20.0222 36.0927 15.5996 35.2798 13.911C34.4669 15.5996 32.5972 20.0222 31.5404 26.4952C31.3372 27.6612 31.2153 28.7467 31.0934 29.8724V30.1539C31.0154 30.8481 30.9707 31.5422 30.9273 32.2154L30.9272 32.2167L30.9271 32.218C30.9027 32.5966 30.8788 32.9686 30.8495 33.3301V39.2805C30.8902 40.3258 30.9715 41.3712 31.0934 42.4567V42.7381L31.0937 42.7407C31.2155 43.8656 31.3374 44.9905 31.5404 46.1154C32.5972 52.5884 34.4669 57.011 35.2798 58.6996C36.0927 57.011 37.9623 52.5884 39.0191 46.1154C39.2223 44.9494 39.3443 43.8639 39.4662 42.7381V42.4567C39.5442 41.7626 39.5889 41.0685 39.6323 40.3955C39.6568 40.0159 39.6808 39.6429 39.7101 39.2805V33.3301Z" fill="url(#paint7_linear_35097_25798)"/>
<path fill-rule="evenodd" clip-rule="evenodd" d="M94.3775 252.742V250.611C94.2962 244.339 92.9957 238.107 90.8008 232.157L89.6221 228.981C87.8716 224.297 85.6927 219.807 82.7805 215.773C85.732 211.736 87.9109 207.207 89.6221 202.562L90.8008 199.386C92.955 193.475 94.2962 187.244 94.3775 180.931V178.8C94.2962 172.528 92.9957 166.297 90.8008 160.346L89.6221 157.17C87.8716 152.487 85.6927 147.996 82.7805 143.962C85.732 139.926 87.9109 135.396 89.6221 130.751L90.8008 127.575C92.955 121.665 94.2962 115.433 94.3775 109.121V106.99C94.2962 100.718 92.9957 94.4862 90.8008 88.5358L89.6221 85.3596C87.8716 80.6764 85.6927 76.1859 82.7805 72.1519C85.732 68.1154 87.9109 63.5859 89.6221 58.9408L90.8008 55.7646C92.955 49.8544 94.2962 43.6226 94.3775 37.3104V35.1795C94.2962 28.9075 92.9957 22.6757 90.8008 16.7253L89.6221 13.5491C87.8337 8.76468 85.5982 4.1813 82.5905 0.0804138C82.5498 0.0401917 82.5499 0 82.5499 0H82.5092C82.4686 0.0401917 82.4685 0.0804138 82.4685 0.0804138C79.4202 4.1813 77.1441 8.80487 75.437 13.5491L74.2583 16.7253C72.1041 22.6355 70.7628 28.8673 70.6815 35.1795V37.3104C70.7628 43.5824 72.0635 49.8142 74.2583 55.7646L75.437 58.9408C77.1478 63.624 79.3647 68.1145 82.2785 72.1485C79.3253 76.185 77.1085 80.7145 75.437 85.3596L74.2583 88.5358C72.1041 94.446 70.7628 100.678 70.6815 106.99V109.121C70.7628 115.393 72.0635 121.625 74.2583 127.575L75.437 130.751C77.1478 135.434 79.3647 139.925 82.2785 143.959C79.3253 147.995 77.1085 152.525 75.437 157.17L74.2583 160.346C72.1041 166.256 70.7628 172.488 70.6815 178.8V180.931C70.7628 187.203 72.0635 193.435 74.2583 199.386L75.437 202.562C77.1478 207.245 79.3647 211.735 82.2785 215.769C79.3253 219.806 77.1085 224.335 75.437 228.981L74.2583 232.157C72.1041 238.067 70.7628 244.299 70.6815 250.611V252.742C70.7628 259.014 72.0635 265.246 74.2583 271.196L75.437 274.372C77.1848 279.157 79.4608 283.74 82.4685 287.841C82.5092 287.881 82.5092 287.921 82.5092 287.921H82.5499C82.5906 287.881 82.5905 287.841 82.5905 287.841C85.6388 283.74 87.8744 279.116 89.6221 274.372L90.8008 271.196C92.955 265.286 94.2962 259.054 94.3775 252.742ZM86.9802 248.761V254.712C86.9509 255.074 86.9269 255.447 86.9024 255.827C86.859 256.5 86.8143 257.194 86.7363 257.888V258.17C86.6144 259.295 86.4924 260.381 86.2892 261.547C85.2324 268.02 83.3628 272.442 82.5499 274.131C81.737 272.442 79.8673 268.02 78.8105 261.547C78.6075 260.422 78.4856 259.297 78.3638 258.172L78.3635 258.17V257.888C78.2416 256.803 78.1601 255.757 78.1195 254.712V248.761C78.1487 248.4 78.1727 248.029 78.197 247.651L78.1971 247.65L78.1973 247.648C78.2407 246.974 78.2855 246.28 78.3635 245.585V245.304C78.4854 244.178 78.6073 243.093 78.8105 241.927C79.8673 235.454 81.737 231.031 82.5499 229.342C83.3628 231.031 85.2324 235.454 86.2892 241.927C86.4924 243.052 86.6144 244.178 86.7363 245.304V245.585C86.8583 246.671 86.9396 247.716 86.9802 248.761ZM86.9802 176.951V182.901C86.9509 183.264 86.9269 183.637 86.9024 184.016C86.859 184.689 86.8143 185.383 86.7363 186.078V186.359C86.6144 187.485 86.4924 188.57 86.2892 189.736C85.2324 196.209 83.3628 200.632 82.5499 202.321C81.737 200.632 79.8673 196.209 78.8105 189.736C78.6075 188.611 78.4856 187.487 78.3638 186.362L78.3635 186.359V186.078C78.2416 184.992 78.1601 183.947 78.1195 182.901V176.951C78.1487 176.59 78.1727 176.218 78.1971 175.839L78.1972 175.838L78.1973 175.837C78.2407 175.163 78.2855 174.469 78.3635 173.775V173.493C78.4854 172.368 78.6073 171.282 78.8105 170.116C79.8673 163.643 81.737 159.221 82.5499 157.532C83.3628 159.221 85.2324 163.643 86.2892 170.116C86.4924 171.242 86.6144 172.368 86.7363 173.493V173.775C86.8583 174.86 86.9396 175.906 86.9802 176.951ZM86.9802 105.141V111.091C86.9509 111.453 86.9269 111.826 86.9024 112.206C86.859 112.879 86.8143 113.573 86.7363 114.267V114.549C86.6144 115.674 86.4924 116.76 86.2892 117.926C85.2324 124.399 83.3628 128.821 82.5499 130.51C81.737 128.821 79.8673 124.399 78.8105 117.926C78.6075 116.801 78.4856 115.676 78.3638 114.551L78.3635 114.549V114.267C78.2416 113.182 78.1601 112.136 78.1195 111.091V105.141C78.1487 104.78 78.1727 104.408 78.197 104.03L78.1971 104.029L78.1973 104.027C78.2407 103.353 78.2855 102.659 78.3635 101.964V101.683C78.4854 100.557 78.6073 99.4716 78.8105 98.3056C79.8673 91.8326 81.737 87.4101 82.5499 85.7214C83.3628 87.4101 85.2324 91.8326 86.2892 98.3056C86.4924 99.4314 86.6144 100.557 86.7363 101.683V101.964C86.8583 103.05 86.9396 104.095 86.9802 105.141ZM86.9802 33.3301V39.2805C86.9509 39.6429 86.9269 40.0157 86.9024 40.3952C86.859 41.0684 86.8143 41.7625 86.7363 42.4567V42.7381C86.6144 43.8639 86.4924 44.9494 86.2892 46.1154C85.2324 52.5884 83.3628 57.011 82.5499 58.6996C81.737 57.011 79.8673 52.5884 78.8105 46.1154C78.6075 44.9905 78.4856 43.8656 78.3638 42.7406L78.3635 42.7381V42.4567C78.2416 41.3712 78.1601 40.3258 78.1195 39.2805V33.3301C78.1487 32.9687 78.1727 32.5969 78.1971 32.2185L78.1972 32.2172L78.1973 32.2157C78.2407 31.5424 78.2855 30.8482 78.3635 30.1539V29.8724C78.4854 28.7467 78.6073 27.6612 78.8105 26.4952C79.8673 20.0222 81.737 15.5996 82.5499 13.911C83.3628 15.5996 85.2324 20.0222 86.2892 26.4952C86.4924 27.621 86.6144 28.7467 86.7363 29.8724V30.1539C86.8583 31.2394 86.9396 32.2848 86.9802 33.3301Z" fill="url(#paint8_linear_35097_25798)"/>
<path fill-rule="evenodd" clip-rule="evenodd" d="M113.156 238.147C111.408 242.892 109.172 247.515 106.124 251.616C106.165 251.656 106.165 251.696 106.165 251.696C106.124 251.737 106.124 251.777 106.124 251.777C109.132 255.878 111.408 260.461 113.156 265.246L114.334 268.422C116.529 274.372 117.83 280.604 117.911 286.876V287.921H110.554V284.946C110.514 283.901 110.432 282.856 110.311 281.77V281.489L110.31 281.486C110.188 280.361 110.067 279.236 109.863 278.111C108.807 271.638 106.937 267.216 106.124 265.527C105.311 267.216 103.441 271.638 102.385 278.111C102.181 279.277 102.06 280.363 101.938 281.489V281.77C101.86 282.464 101.815 283.158 101.772 283.831C101.747 284.211 101.723 284.584 101.694 284.946V287.921H94.3371V286.876C94.4183 280.564 95.7596 274.332 97.9138 268.422L99.0924 265.246C100.84 260.501 103.076 255.878 106.124 251.777C106.083 251.737 106.083 251.696 106.083 251.696C106.124 251.656 106.124 251.616 106.124 251.616C103.116 247.515 100.84 242.932 99.0924 238.147L97.9138 234.971C95.719 229.021 94.4183 222.789 94.3371 216.517V215.066C94.4183 208.753 95.7596 202.522 97.9138 196.611L99.0924 193.435C100.84 188.691 103.076 184.067 106.124 179.966C106.083 179.926 106.083 179.886 106.083 179.886C106.124 179.846 106.124 179.806 106.124 179.806C103.116 175.705 100.84 171.121 99.0924 166.337L97.9138 163.161C95.719 157.21 94.4183 150.978 94.3371 144.706V143.255C94.4183 136.943 95.7596 130.711 97.9138 124.801L99.0924 121.625C100.84 116.88 103.076 112.257 106.124 108.156C106.083 108.116 106.083 108.076 106.083 108.076C106.124 108.035 106.124 107.995 106.124 107.995C103.116 103.894 100.84 99.3108 99.0924 94.5264L97.9138 91.3502C95.719 85.3998 94.4183 79.168 94.3371 72.896V71.4446C94.4183 65.1324 95.7596 58.9006 97.9138 52.9904L99.0924 49.8142C100.84 45.07 103.076 40.4464 106.124 36.3455C106.083 36.3053 106.083 36.2651 106.083 36.2651C106.124 36.2249 106.124 36.1847 106.124 36.1847C103.116 32.0837 100.84 27.5003 99.0924 22.7159L97.9138 19.5397C95.719 13.5893 94.4183 7.35751 94.3371 1.08554V0.0401917H101.694V3.01541C101.734 4.06073 101.816 5.10605 101.938 6.19159V6.47302L101.938 6.47537C102.06 7.60034 102.182 8.72528 102.385 9.85025C103.441 16.3233 105.311 20.7459 106.124 22.4345C106.937 20.7459 108.807 16.3233 109.863 9.85025C110.067 8.6843 110.189 7.59875 110.311 6.47302V6.19159C110.388 5.49768 110.433 4.80383 110.477 4.13071L110.477 4.12894C110.501 3.75015 110.525 3.37708 110.554 3.01541V0.0401917H117.911V1.08554C117.83 7.39774 116.489 13.6295 114.334 19.5397L113.156 22.7159C111.408 27.4601 109.172 32.0837 106.124 36.1847C106.165 36.2249 106.165 36.2651 106.165 36.2651C106.124 36.3053 106.124 36.3455 106.124 36.3455C109.132 40.4464 111.408 45.0298 113.156 49.8142L114.334 52.9904C116.529 58.9408 117.83 65.1726 117.911 71.4446V72.896C117.83 79.2082 116.489 85.44 114.334 91.3502L113.156 94.5264C111.408 99.2706 109.172 103.894 106.124 107.995C106.165 108.035 106.165 108.076 106.165 108.076C106.124 108.116 106.124 108.156 106.124 108.156C109.132 112.257 111.408 116.84 113.156 121.625L114.334 124.801C116.529 130.751 117.83 136.983 117.911 143.255V144.706C117.83 151.019 116.489 157.25 114.334 163.161L113.156 166.337C111.408 171.081 109.172 175.705 106.124 179.806C106.165 179.846 106.165 179.886 106.165 179.886C106.124 179.926 106.124 179.966 106.124 179.966C109.132 184.067 111.408 188.651 113.156 193.435L114.334 196.611C116.529 202.562 117.83 208.794 117.911 215.066V216.517C117.83 222.829 116.489 229.061 114.334 234.971L113.156 238.147ZM110.554 146.636C110.525 146.998 110.501 147.371 110.477 147.75L110.477 147.751C110.433 148.424 110.388 149.118 110.311 149.812V150.094C110.189 151.22 110.067 152.305 109.863 153.471C108.807 159.944 106.937 164.367 106.124 166.055C105.311 164.367 103.441 159.944 102.385 153.471C102.182 152.346 102.06 151.221 101.938 150.096L101.938 150.094V149.812C101.816 148.727 101.734 147.682 101.694 146.636V141.325C101.723 140.963 101.747 140.59 101.772 140.21C101.815 139.537 101.86 138.843 101.938 138.149V137.868C102.06 136.742 102.181 135.656 102.385 134.49C103.441 128.017 105.311 123.595 106.124 121.906C106.937 123.595 108.807 128.017 109.863 134.49C110.067 135.615 110.188 136.74 110.31 137.865L110.311 137.868V138.149C110.432 139.235 110.514 140.28 110.554 141.325V146.636ZM101.694 218.447C101.734 219.492 101.816 220.537 101.938 221.623V221.904L101.938 221.907C102.06 223.032 102.182 224.157 102.385 225.282C103.441 231.755 105.311 236.177 106.124 237.866C106.937 236.177 108.807 231.755 109.863 225.282C110.067 224.116 110.189 223.03 110.311 221.904V221.623C110.388 220.929 110.433 220.236 110.476 219.563L110.477 219.562L110.477 219.56L110.477 219.559C110.501 219.18 110.525 218.808 110.554 218.447V213.136C110.514 212.09 110.432 211.045 110.311 209.96V209.678L110.31 209.676C110.188 208.551 110.067 207.426 109.863 206.301C108.807 199.828 106.937 195.405 106.124 193.717C105.311 195.405 103.441 199.828 102.385 206.301C102.181 207.467 102.06 208.552 101.938 209.678V209.96C101.86 210.654 101.815 211.348 101.772 212.021C101.747 212.4 101.723 212.773 101.694 213.136V218.447ZM101.694 74.8258C101.734 75.8712 101.816 76.9165 101.938 78.0021V78.2835L101.938 78.2859C102.06 79.4108 102.182 80.5358 102.385 81.6607C103.441 88.1338 105.311 92.5564 106.124 94.245C106.937 92.5564 108.807 88.1338 109.863 81.6607C110.067 80.4948 110.189 79.4092 110.311 78.2835V78.0021C110.388 77.3084 110.433 76.6147 110.476 75.942L110.477 75.9407L110.477 75.9393L110.477 75.938C110.501 75.5594 110.525 75.1874 110.554 74.8258V69.5148C110.514 68.4695 110.432 67.4241 110.311 66.3386V66.0572L110.31 66.0546C110.188 64.9297 110.067 63.8048 109.863 62.6799C108.807 56.2068 106.937 51.7843 106.124 50.0957C105.311 51.7843 103.441 56.2068 102.385 62.6799C102.181 63.8458 102.06 64.9314 101.938 66.0572V66.3386C101.86 67.0327 101.815 67.7269 101.772 68.4C101.747 68.7796 101.723 69.1524 101.694 69.5148V74.8258Z" fill="url(#paint9_linear_35097_25798)"/>
<path fill-rule="evenodd" clip-rule="evenodd" d="M153.394 251.616C156.443 247.515 158.678 242.892 160.426 238.147L161.604 234.971C163.759 229.061 165.1 222.829 165.181 216.517V215.066C165.1 208.794 163.799 202.562 161.604 196.611L160.426 193.435C158.637 188.651 156.402 184.067 153.394 179.966C150.346 184.067 148.07 188.691 146.363 193.435L145.184 196.611C143.03 202.522 141.688 208.753 141.607 215.066V216.517C141.688 222.789 142.989 229.021 145.184 234.971L146.363 238.147C148.11 242.932 150.386 247.515 153.394 251.616ZM148.964 213.136C148.993 212.773 149.017 212.4 149.042 212.021C149.085 211.348 149.13 210.654 149.208 209.96V209.678C149.33 208.552 149.452 207.467 149.655 206.301C150.712 199.828 152.581 195.405 153.394 193.717C154.207 195.405 156.077 199.828 157.133 206.301C157.337 207.427 157.459 208.552 157.581 209.678V209.96C157.703 211.045 157.784 212.09 157.824 213.136V218.447C157.795 218.809 157.771 219.181 157.747 219.56L157.747 219.561C157.703 220.235 157.659 220.929 157.581 221.623V221.904C157.459 223.03 157.337 224.116 157.133 225.282C156.077 231.755 154.207 236.177 153.394 237.866C152.581 236.177 150.712 231.755 149.655 225.282C149.452 224.157 149.33 223.032 149.208 221.906L149.208 221.904V221.623C149.086 220.537 149.005 219.492 148.964 218.447V213.136Z" fill="url(#paint10_linear_35097_25798)"/>
<path fill-rule="evenodd" clip-rule="evenodd" d="M153.394 251.777C156.402 255.878 158.637 260.461 160.426 265.246L161.604 268.422C163.799 274.372 165.1 280.604 165.181 286.876V287.921H157.824V284.946C157.784 283.901 157.703 282.856 157.581 281.77V281.489C157.459 280.363 157.337 279.237 157.133 278.111C156.077 271.638 154.207 267.216 153.394 265.527C152.581 267.216 150.712 271.638 149.655 278.111C149.452 279.277 149.33 280.363 149.208 281.489V281.77C149.13 282.464 149.085 283.158 149.042 283.831C149.017 284.211 148.993 284.584 148.964 284.946V287.921H141.607V286.876C141.688 280.564 143.03 274.332 145.184 268.422L146.363 265.246C148.07 260.501 150.346 255.878 153.394 251.777ZM153.394 251.777C153.394 251.777 153.394 251.737 153.435 251.696C153.435 251.696 153.435 251.656 153.394 251.616C153.394 251.616 153.394 251.656 153.353 251.696C153.353 251.696 153.354 251.737 153.394 251.777Z" fill="url(#paint11_linear_35097_25798)"/>
<path d="M153.394 179.806C153.394 179.806 153.394 179.846 153.353 179.886C153.353 179.886 153.354 179.926 153.394 179.966C153.394 179.966 153.394 179.926 153.435 179.886C153.435 179.886 153.435 179.846 153.394 179.806Z" fill="url(#paint12_linear_35097_25798)"/>
<path fill-rule="evenodd" clip-rule="evenodd" d="M165.181 144.706C165.1 151.019 163.759 157.25 161.604 163.161L160.426 166.337C158.678 171.081 156.443 175.705 153.394 179.806C150.386 175.705 148.11 171.121 146.363 166.337L145.184 163.161C142.989 157.21 141.688 150.978 141.607 144.706V143.255C141.688 136.943 143.03 130.711 145.184 124.801L146.363 121.625C148.07 116.88 150.346 112.257 153.394 108.156C153.354 108.116 153.353 108.076 153.353 108.076C153.394 108.035 153.394 107.995 153.394 107.995C150.386 103.894 148.11 99.3108 146.363 94.5264L145.184 91.3502C142.989 85.3998 141.688 79.168 141.607 72.896V71.4446C141.688 65.1324 143.03 58.9006 145.184 52.9904L146.363 49.8142C148.07 45.07 150.346 40.4464 153.394 36.3455C153.354 36.3053 153.353 36.2651 153.353 36.2651C153.394 36.2249 153.394 36.1847 153.394 36.1847C150.386 32.0837 148.11 27.5003 146.363 22.7159L145.184 19.5397C142.989 13.5893 141.688 7.35751 141.607 1.08554V0.0401917H148.964V3.01541C149.005 4.06073 149.086 5.10605 149.208 6.19159V6.47302L149.208 6.47504C149.33 7.60013 149.452 8.72519 149.655 9.85025C150.712 16.3233 152.581 20.7459 153.394 22.4345C154.207 20.7459 156.077 16.3233 157.133 9.85025C157.337 8.6843 157.459 7.59875 157.581 6.47302V6.19159C157.659 5.49738 157.703 4.80319 157.747 4.13C157.771 3.75089 157.795 3.37738 157.824 3.01541V0.0401917H165.181V1.08554C165.1 7.39774 163.759 13.6295 161.604 19.5397L160.426 22.7159C158.678 27.4601 156.443 32.0837 153.394 36.1847C153.435 36.2249 153.435 36.2651 153.435 36.2651C153.394 36.3053 153.394 36.3455 153.394 36.3455C156.402 40.4464 158.637 45.0298 160.426 49.8142L161.604 52.9904C163.799 58.9408 165.1 65.1726 165.181 71.4446V72.896C165.1 79.2082 163.759 85.44 161.604 91.3502L160.426 94.5264C158.678 99.2706 156.443 103.894 153.394 107.995C153.435 108.035 153.435 108.076 153.435 108.076C153.394 108.116 153.394 108.156 153.394 108.156C156.402 112.257 158.637 116.84 160.426 121.625L161.604 124.801C163.799 130.751 165.1 136.983 165.181 143.255V144.706ZM157.824 146.636C157.795 146.998 157.771 147.371 157.747 147.75L157.747 147.751C157.703 148.424 157.659 149.118 157.581 149.812V150.094C157.459 151.22 157.337 152.305 157.133 153.471C156.077 159.944 154.207 164.367 153.394 166.055C152.581 164.367 150.712 159.944 149.655 153.471C149.452 152.346 149.33 151.221 149.208 150.096L149.208 150.094V149.812C149.086 148.727 149.005 147.682 148.964 146.636V141.325C148.993 140.963 149.017 140.59 149.042 140.21C149.085 139.537 149.13 138.843 149.208 138.149V137.868C149.33 136.742 149.452 135.656 149.655 134.49C150.712 128.017 152.581 123.595 153.394 121.906C154.207 123.595 156.077 128.017 157.133 134.49C157.337 135.616 157.459 136.742 157.581 137.868V138.149C157.703 139.235 157.784 140.28 157.824 141.325V146.636ZM148.964 69.5148C148.993 69.1524 149.017 68.7795 149.042 68.3999C149.085 67.7268 149.13 67.0327 149.208 66.3386V66.0572C149.33 64.9314 149.452 63.8458 149.655 62.6799C150.712 56.2068 152.581 51.7843 153.394 50.0957C154.207 51.7843 156.077 56.2068 157.133 62.6799C157.337 63.8056 157.459 64.9314 157.581 66.0572V66.3386C157.703 67.4241 157.784 68.4695 157.824 69.5148V74.8258C157.795 75.1878 157.771 75.5602 157.747 75.9393L157.747 75.9405C157.703 76.6136 157.659 77.3078 157.581 78.0021V78.2835C157.459 79.4092 157.337 80.4948 157.133 81.6607C156.077 88.1338 154.207 92.5564 153.394 94.245C152.581 92.5564 150.712 88.1338 149.655 81.6607C149.452 80.5356 149.33 79.4106 149.208 78.2855L149.208 78.2835V78.0021C149.086 76.9165 149.005 75.8712 148.964 74.8258V69.5148Z" fill="url(#paint13_linear_35097_25798)"/>
<path fill-rule="evenodd" clip-rule="evenodd" d="M141.445 252.742C141.363 259.054 140.022 265.286 137.868 271.196L136.689 274.372C134.941 279.116 132.706 283.74 129.658 287.841C129.658 287.841 129.658 287.881 129.617 287.921H129.576C129.576 287.921 129.576 287.881 129.536 287.841C126.528 283.74 124.252 279.157 122.504 274.372L121.325 271.196C119.13 265.246 117.83 259.014 117.748 252.742V250.611C117.83 244.299 119.171 238.067 121.325 232.157L122.504 228.981C124.215 224.335 126.394 219.806 129.346 215.769C126.432 211.735 124.215 207.245 122.504 202.562L121.325 199.386C119.13 193.435 117.83 187.203 117.748 180.931V178.8C117.83 172.488 119.171 166.256 121.325 160.346L122.504 157.17C124.215 152.525 126.394 147.995 129.346 143.959C126.432 139.925 124.215 135.434 122.504 130.751L121.325 127.575C119.13 121.625 117.83 115.393 117.748 109.121V106.99C117.83 100.678 119.171 94.446 121.325 88.5358L122.504 85.3596C124.215 80.7145 126.394 76.185 129.346 72.1485C126.432 68.1145 124.215 63.624 122.504 58.9408L121.325 55.7646C119.13 49.8142 117.83 43.5824 117.748 37.3104V35.1795C117.83 28.8673 119.171 22.6355 121.325 16.7253L122.504 13.5491C124.252 8.80487 126.487 4.1813 129.536 0.0804138C129.536 0.0804138 129.536 0.0401917 129.576 0H129.617C129.617 0 129.617 0.0401917 129.658 0.0804138C132.665 4.1813 134.941 8.76468 136.689 13.5491L137.868 16.7253C140.063 22.6757 141.363 28.9075 141.445 35.1795V37.3104C141.363 43.6226 140.022 49.8544 137.868 55.7646L136.689 58.9408C134.978 63.5859 132.799 68.1154 129.848 72.1519C132.761 76.1859 134.978 80.6764 136.689 85.3596L137.868 88.5358C140.063 94.4862 141.363 100.718 141.445 106.99V109.121C141.363 115.433 140.022 121.665 137.868 127.575L136.689 130.751C134.978 135.396 132.799 139.926 129.848 143.962C132.761 147.996 134.978 152.487 136.689 157.17L137.868 160.346C140.063 166.297 141.363 172.528 141.445 178.8V180.931C141.363 187.244 140.022 193.475 137.868 199.386L136.689 202.562C134.978 207.207 132.799 211.736 129.848 215.773C132.761 219.807 134.978 224.297 136.689 228.981L137.868 232.157C140.063 238.107 141.363 244.339 141.445 250.611V252.742ZM134.088 248.761C134.047 247.716 133.966 246.671 133.844 245.585V245.304C133.722 244.178 133.6 243.052 133.397 241.927C132.34 235.454 130.47 231.031 129.658 229.342C128.845 231.031 126.975 235.454 125.918 241.927C125.715 243.093 125.593 244.178 125.471 245.304V245.585C125.393 246.279 125.348 246.974 125.305 247.647C125.281 248.026 125.257 248.399 125.227 248.761V254.712C125.268 255.757 125.349 256.803 125.471 257.888V258.17L125.471 258.172C125.593 259.297 125.715 260.422 125.918 261.547C126.975 268.02 128.845 272.442 129.658 274.131C130.47 272.442 132.34 268.02 133.397 261.547C133.6 260.381 133.722 259.295 133.844 258.17V257.888C133.922 257.194 133.967 256.5 134.01 255.827C134.034 255.448 134.059 255.074 134.088 254.712V248.761ZM134.088 176.951C134.047 175.906 133.966 174.86 133.844 173.775V173.493C133.722 172.368 133.6 171.242 133.397 170.116C132.34 163.643 130.47 159.221 129.658 157.532C128.845 159.221 126.975 163.643 125.918 170.116C125.715 171.282 125.593 172.368 125.471 173.493V173.775C125.393 174.469 125.348 175.163 125.305 175.836C125.281 176.216 125.257 176.589 125.227 176.951V182.901C125.268 183.947 125.349 184.992 125.471 186.078V186.359L125.471 186.362C125.593 187.486 125.715 188.611 125.918 189.736C126.975 196.209 128.845 200.632 129.658 202.321C130.47 200.632 132.34 196.209 133.397 189.736C133.6 188.57 133.722 187.485 133.844 186.359V186.078C133.922 185.384 133.967 184.69 134.01 184.017C134.034 183.637 134.059 183.264 134.088 182.901V176.951ZM134.088 105.141C134.047 104.095 133.966 103.05 133.844 101.964V101.683C133.722 100.557 133.6 99.4314 133.397 98.3056C132.34 91.8326 130.47 87.4101 129.658 85.7214C128.845 87.4101 126.975 91.8326 125.918 98.3056C125.715 99.4716 125.593 100.557 125.471 101.683V101.964C125.393 102.659 125.348 103.353 125.305 104.026C125.281 104.405 125.257 104.778 125.227 105.141V111.091C125.268 112.136 125.349 113.182 125.471 114.267V114.549L125.471 114.551C125.593 115.676 125.715 116.801 125.918 117.926C126.975 124.399 128.845 128.821 129.658 130.51C130.47 128.821 132.34 124.399 133.397 117.926C133.6 116.76 133.722 115.674 133.844 114.549V114.267C133.922 113.573 133.967 112.879 134.01 112.206C134.034 111.827 134.059 111.453 134.088 111.091V105.141ZM134.088 33.3301C134.047 32.2848 133.966 31.2394 133.844 30.1539V29.8724C133.722 28.7467 133.6 27.621 133.397 26.4952C132.34 20.0222 130.47 15.5996 129.658 13.911C128.845 15.5996 126.975 20.0222 125.918 26.4952C125.715 27.6612 125.593 28.7467 125.471 29.8724V30.1539C125.393 30.8481 125.348 31.5422 125.305 32.2153C125.281 32.5949 125.257 32.9677 125.227 33.3301V39.2805C125.268 40.3258 125.349 41.3712 125.471 42.4567V42.7381L125.471 42.7406C125.593 43.8656 125.715 44.9905 125.918 46.1154C126.975 52.5884 128.845 57.011 129.658 58.6996C130.47 57.011 132.34 52.5884 133.397 46.1154C133.6 44.9494 133.722 43.8639 133.844 42.7381V42.4567C133.922 41.7628 133.967 41.0689 134.01 40.3959C134.034 40.0164 134.059 39.6428 134.088 39.2805V33.3301Z" fill="url(#paint14_linear_35097_25798)"/>
<path fill-rule="evenodd" clip-rule="evenodd" d="M188.715 252.742V250.611C188.633 244.339 187.333 238.107 185.138 232.157L183.959 228.981C182.209 224.297 180.03 219.807 177.118 215.773C180.069 211.736 182.248 207.207 183.959 202.562L185.138 199.386C187.292 193.475 188.633 187.244 188.715 180.931V178.8C188.633 172.528 187.333 166.297 185.138 160.346L183.959 157.17C182.209 152.487 180.03 147.996 177.118 143.962C180.069 139.926 182.248 135.396 183.959 130.751L185.138 127.575C187.292 121.665 188.633 115.433 188.715 109.121V106.99C188.633 100.718 187.333 94.4862 185.138 88.5358L183.959 85.3596C182.209 80.6764 180.03 76.1859 177.118 72.1519C180.069 68.1154 182.248 63.5859 183.959 58.9408L185.138 55.7646C187.292 49.8544 188.633 43.6226 188.715 37.3104V35.1795C188.633 28.9075 187.333 22.6757 185.138 16.7253L183.959 13.5491C182.171 8.76468 179.935 4.1813 176.928 0.0804138C176.887 0.0401917 176.887 0 176.887 0H176.846C176.806 0.0401917 176.806 0.0804138 176.806 0.0804138C173.757 4.1813 171.481 8.80487 169.774 13.5491L168.595 16.7253C166.441 22.6355 165.1 28.8673 165.019 35.1795V37.3104C165.1 43.5824 166.401 49.8142 168.595 55.7646L169.774 58.9408C171.485 63.624 173.702 68.1145 176.616 72.1485C173.662 76.185 171.446 80.7145 169.774 85.3596L168.595 88.5358C166.441 94.446 165.1 100.678 165.019 106.99V109.121C165.1 115.393 166.401 121.625 168.595 127.575L169.774 130.751C171.485 135.434 173.702 139.925 176.616 143.959C173.662 147.995 171.446 152.525 169.774 157.17L168.595 160.346C166.441 166.256 165.1 172.488 165.019 178.8V180.931C165.1 187.203 166.401 193.435 168.595 199.386L169.774 202.562C171.485 207.245 173.702 211.735 176.616 215.769C173.662 219.806 171.446 224.335 169.774 228.981L168.595 232.157C166.441 238.067 165.1 244.299 165.019 250.611V252.742C165.1 259.014 166.401 265.246 168.595 271.196L169.774 274.372C171.522 279.157 173.798 283.74 176.806 287.841C176.846 287.881 176.846 287.921 176.846 287.921H176.887C176.928 287.881 176.928 287.841 176.928 287.841C179.976 283.74 182.211 279.116 183.959 274.372L185.138 271.196C187.292 265.286 188.633 259.054 188.715 252.742ZM181.358 248.761V254.712C181.329 255.074 181.305 255.446 181.28 255.825C181.237 256.499 181.192 257.194 181.114 257.888V258.17C180.992 259.295 180.87 260.381 180.667 261.547C179.61 268.02 177.741 272.442 176.928 274.131C176.115 272.442 174.245 268.02 173.188 261.547C172.985 260.422 172.863 259.297 172.741 258.172L172.741 258.17V257.888C172.619 256.803 172.538 255.757 172.497 254.712V248.761C172.527 248.399 172.551 248.027 172.575 247.647C172.618 246.974 172.663 246.28 172.741 245.585V245.304C172.863 244.178 172.985 243.093 173.188 241.927C174.245 235.454 176.115 231.031 176.928 229.342C177.741 231.031 179.61 235.454 180.667 241.927C180.87 243.052 180.992 244.178 181.114 245.304V245.585C181.236 246.671 181.317 247.716 181.358 248.761ZM181.358 176.951V182.901C181.329 183.264 181.305 183.637 181.28 184.016C181.237 184.689 181.192 185.383 181.114 186.078V186.359C180.992 187.485 180.87 188.57 180.667 189.736C179.61 196.209 177.741 200.632 176.928 202.321C176.115 200.632 174.245 196.209 173.188 189.736C172.985 188.611 172.863 187.486 172.741 186.361L172.741 186.359V186.078C172.619 184.992 172.538 183.947 172.497 182.901V176.951C172.527 176.589 172.551 176.216 172.575 175.837C172.618 175.164 172.663 174.469 172.741 173.775V173.493C172.863 172.368 172.985 171.282 173.188 170.116C174.245 163.643 176.115 159.221 176.928 157.532C177.741 159.221 179.61 163.643 180.667 170.116C180.87 171.242 180.992 172.368 181.114 173.493V173.775C181.236 174.86 181.317 175.906 181.358 176.951ZM181.358 105.141V111.091C181.329 111.453 181.305 111.825 181.28 112.204C181.237 112.878 181.192 113.573 181.114 114.267V114.549C180.992 115.674 180.87 116.76 180.667 117.926C179.61 124.399 177.741 128.821 176.928 130.51C176.115 128.821 174.245 124.399 173.188 117.926C172.985 116.801 172.863 115.676 172.741 114.551L172.741 114.549V114.267C172.619 113.182 172.538 112.136 172.497 111.091V105.141C172.527 104.778 172.551 104.406 172.575 104.026C172.618 103.353 172.663 102.659 172.741 101.964V101.683C172.863 100.557 172.985 99.4716 173.188 98.3056C174.245 91.8326 176.115 87.4101 176.928 85.7214C177.741 87.4101 179.61 91.8326 180.667 98.3056C180.87 99.4314 180.992 100.557 181.114 101.683V101.964C181.236 103.05 181.317 104.095 181.358 105.141ZM181.358 33.3301V39.2805C181.329 39.6425 181.305 40.015 181.28 40.3941C181.237 41.0672 181.192 41.7625 181.114 42.4567V42.7381C180.992 43.8639 180.87 44.9494 180.667 46.1154C179.61 52.5884 177.741 57.011 176.928 58.6996C176.115 57.011 174.245 52.5884 173.188 46.1154C172.985 44.9904 172.863 43.8654 172.741 42.7404L172.741 42.7381V42.4567C172.619 41.3712 172.538 40.3258 172.497 39.2805V33.3301C172.527 32.9679 172.551 32.5953 172.575 32.2159C172.618 31.5426 172.663 30.8482 172.741 30.1539V29.8724C172.863 28.7467 172.985 27.6612 173.188 26.4952C174.245 20.0222 176.115 15.5996 176.928 13.911C177.741 15.5996 179.61 20.0222 180.667 26.4952C180.87 27.621 180.992 28.7467 181.114 29.8724V30.1539C181.236 31.2394 181.317 32.2848 181.358 33.3301Z" fill="url(#paint15_linear_35097_25798)"/>
<path fill-rule="evenodd" clip-rule="evenodd" d="M207.533 238.147C205.786 242.892 203.55 247.515 200.502 251.616C200.542 251.656 200.542 251.696 200.542 251.696C200.502 251.737 200.502 251.777 200.502 251.777C203.509 255.878 205.786 260.461 207.533 265.246L208.712 268.422C210.907 274.372 212.207 280.604 212.289 286.876V287.921H204.932V284.946C204.891 283.901 204.81 282.856 204.688 281.77V281.489L204.688 281.486C204.566 280.361 204.444 279.236 204.241 278.111C203.184 271.638 201.315 267.216 200.502 265.527C199.689 267.216 197.819 271.638 196.762 278.111C196.559 279.277 196.437 280.363 196.315 281.489V281.77C196.237 282.464 196.193 283.158 196.149 283.831C196.125 284.211 196.101 284.584 196.071 284.946V287.921H188.715V286.876C188.796 280.564 190.137 274.332 192.291 268.422L193.47 265.246C195.218 260.501 197.453 255.878 200.502 251.777C200.461 251.737 200.461 251.696 200.461 251.696C200.502 251.656 200.502 251.616 200.502 251.616C197.494 247.515 195.218 242.932 193.47 238.147L192.291 234.971C190.097 229.021 188.796 222.789 188.715 216.517V215.066C188.796 208.753 190.137 202.522 192.291 196.611L193.47 193.435C195.218 188.691 197.453 184.067 200.502 179.966C200.461 179.926 200.461 179.886 200.461 179.886C200.502 179.846 200.502 179.806 200.502 179.806C197.494 175.705 195.218 171.121 193.47 166.337L192.291 163.161C190.097 157.21 188.796 150.978 188.715 144.706V143.255C188.796 136.943 190.137 130.711 192.291 124.801L193.47 121.625C195.218 116.88 197.453 112.257 200.502 108.156C200.461 108.116 200.461 108.076 200.461 108.076C200.502 108.035 200.502 107.995 200.502 107.995C197.494 103.894 195.218 99.3108 193.47 94.5264L192.291 91.3502C190.097 85.3998 188.796 79.168 188.715 72.896V71.4446C188.796 65.1324 190.137 58.9006 192.291 52.9904L193.47 49.8142C195.218 45.07 197.453 40.4464 200.502 36.3455C200.461 36.3053 200.461 36.2651 200.461 36.2651C200.502 36.2249 200.502 36.1847 200.502 36.1847C197.494 32.0837 195.218 27.5003 193.47 22.7159L192.291 19.5397C190.097 13.5893 188.796 7.35751 188.715 1.08554V0.0401917H196.071V3.01541C196.112 4.06073 196.193 5.10605 196.315 6.19159V6.47302L196.315 6.47504C196.437 7.60013 196.559 8.72519 196.762 9.85025C197.819 16.3233 199.689 20.7459 200.502 22.4345C201.315 20.7459 203.184 16.3233 204.241 9.85025C204.444 8.6843 204.566 7.59875 204.688 6.47302V6.19159C204.766 5.49738 204.811 4.80319 204.854 4.13C204.879 3.75089 204.903 3.37738 204.932 3.01541V0.0401917H212.289V1.08554C212.207 7.39774 210.866 13.6295 208.712 19.5397L207.533 22.7159C205.786 27.4601 203.55 32.0837 200.502 36.1847C200.542 36.2249 200.542 36.2651 200.542 36.2651C200.502 36.3053 200.502 36.3455 200.502 36.3455C203.509 40.4464 205.786 45.0298 207.533 49.8142L208.712 52.9904C210.907 58.9408 212.207 65.1726 212.289 71.4446V72.896C212.207 79.2082 210.866 85.44 208.712 91.3502L207.533 94.5264C205.786 99.2706 203.55 103.894 200.502 107.995C200.542 108.035 200.542 108.076 200.542 108.076C200.502 108.116 200.502 108.156 200.502 108.156C203.509 112.257 205.786 116.84 207.533 121.625L208.712 124.801C210.907 130.751 212.207 136.983 212.289 143.255V144.706C212.207 151.019 210.866 157.25 208.712 163.161L207.533 166.337C205.786 171.081 203.55 175.705 200.502 179.806C200.542 179.846 200.542 179.886 200.542 179.886C200.502 179.926 200.502 179.966 200.502 179.966C203.509 184.067 205.786 188.651 207.533 193.435L208.712 196.611C210.907 202.562 212.207 208.794 212.289 215.066V216.517C212.207 222.829 210.866 229.061 208.712 234.971L207.533 238.147ZM204.932 146.636C204.903 146.999 204.879 147.371 204.854 147.751C204.811 148.424 204.766 149.118 204.688 149.812V150.094C204.566 151.22 204.444 152.305 204.241 153.471C203.184 159.944 201.315 164.367 200.502 166.055C199.689 164.367 197.819 159.944 196.762 153.471C196.559 152.346 196.437 151.221 196.315 150.096L196.315 150.094V149.812C196.193 148.727 196.112 147.682 196.071 146.636V141.325C196.101 140.963 196.125 140.59 196.149 140.21C196.193 139.537 196.237 138.843 196.315 138.149V137.868C196.437 136.742 196.559 135.656 196.762 134.49C197.819 128.017 199.689 123.595 200.502 121.906C201.315 123.595 203.184 128.017 204.241 134.49C204.444 135.615 204.566 136.74 204.688 137.865L204.688 137.868V138.149C204.81 139.235 204.891 140.28 204.932 141.325V146.636ZM196.071 218.447C196.112 219.492 196.193 220.537 196.315 221.623V221.904L196.315 221.906C196.437 223.032 196.559 224.157 196.762 225.282C197.819 231.755 199.689 236.177 200.502 237.866C201.315 236.177 203.184 231.755 204.241 225.282C204.444 224.116 204.566 223.03 204.688 221.904V221.623C204.766 220.929 204.811 220.235 204.854 219.561L204.854 219.56C204.879 219.181 204.903 218.809 204.932 218.447V213.136C204.891 212.09 204.81 211.045 204.688 209.96V209.678L204.688 209.676C204.566 208.551 204.444 207.426 204.241 206.301C203.184 199.828 201.315 195.405 200.502 193.717C199.689 195.405 197.819 199.828 196.762 206.301C196.559 207.467 196.437 208.552 196.315 209.678V209.96C196.237 210.654 196.193 211.348 196.149 212.021C196.125 212.4 196.101 212.773 196.071 213.136V218.447ZM196.071 74.8258C196.112 75.8712 196.193 76.9165 196.315 78.0021V78.2835L196.315 78.2855C196.437 79.4106 196.559 80.5356 196.762 81.6607C197.819 88.1338 199.689 92.5564 200.502 94.245C201.315 92.5564 203.184 88.1338 204.241 81.6607C204.444 80.4948 204.566 79.4092 204.688 78.2835V78.0021C204.766 77.3078 204.811 76.6136 204.854 75.9405L204.854 75.9393C204.879 75.5602 204.903 75.1878 204.932 74.8258V69.5148C204.891 68.4695 204.81 67.4241 204.688 66.3386V66.0572L204.688 66.055C204.566 64.93 204.444 63.8049 204.241 62.6799C203.184 56.2068 201.315 51.7843 200.502 50.0957C199.689 51.7843 197.819 56.2068 196.762 62.6799C196.559 63.8458 196.437 64.9314 196.315 66.0572V66.3386C196.237 67.0327 196.193 67.7268 196.149 68.3999C196.125 68.7795 196.101 69.1524 196.071 69.5148V74.8258Z" fill="url(#paint16_linear_35097_25798)"/>
<path fill-rule="evenodd" clip-rule="evenodd" d="M235.822 252.742V250.611C235.741 244.339 234.44 238.107 232.245 232.157L231.067 228.981C229.356 224.297 227.139 219.807 224.225 215.773C227.177 211.736 229.355 207.207 231.067 202.562L232.245 199.386C234.4 193.475 235.741 187.244 235.822 180.931V178.8C235.741 172.528 234.44 166.297 232.245 160.346L231.067 157.17C229.356 152.487 227.139 147.996 224.225 143.962C227.177 139.926 229.355 135.396 231.067 130.751L232.245 127.575C234.4 121.665 235.741 115.433 235.822 109.121V106.99C235.741 100.718 234.44 94.4862 232.245 88.5358L231.067 85.3596C229.356 80.6764 227.139 76.1859 224.225 72.1519C227.177 68.1154 229.355 63.5859 231.067 58.9408L232.245 55.7646C234.4 49.8544 235.741 43.6226 235.822 37.3104V35.1795C235.741 28.9075 234.44 22.6757 232.245 16.7253L231.067 13.5491C229.319 8.76468 227.043 4.1813 224.035 0.0804138C223.994 0.0401917 223.994 0 223.994 0H223.954C223.913 0.0401917 223.913 0.0804138 223.913 0.0804138C220.865 4.1813 218.629 8.80487 216.882 13.5491L215.703 16.7253C213.549 22.6355 212.207 28.8673 212.126 35.1795V37.3104C212.207 43.5824 213.508 49.8142 215.703 55.7646L216.882 58.9408C218.592 63.624 220.809 68.1145 223.723 72.1485C220.772 76.185 218.593 80.7145 216.882 85.3596L215.703 88.5358C213.549 94.446 212.207 100.678 212.126 106.99V109.121C212.207 115.393 213.508 121.625 215.703 127.575L216.882 130.751C218.592 135.434 220.809 139.925 223.723 143.959C220.772 147.995 218.593 152.525 216.882 157.17L215.703 160.346C213.549 166.256 212.207 172.488 212.126 178.8V180.931C212.207 187.203 213.508 193.435 215.703 199.386L216.882 202.562C218.592 207.245 220.809 211.735 223.723 215.769C220.772 219.806 218.593 224.335 216.882 228.981L215.703 232.157C213.549 238.067 212.207 244.299 212.126 250.611V252.742C212.207 259.014 213.508 265.246 215.703 271.196L216.882 274.372C218.629 279.157 220.905 283.74 223.913 287.841C223.954 287.881 223.954 287.921 223.954 287.921H223.994C224.035 287.881 224.035 287.841 224.035 287.841C227.084 283.74 229.319 279.116 231.067 274.372L232.245 271.196C234.4 265.286 235.741 259.054 235.822 252.742ZM228.425 248.761V254.712C228.395 255.074 228.371 255.447 228.347 255.826C228.304 256.5 228.259 257.194 228.181 257.888V258.17C228.059 259.295 227.937 260.381 227.734 261.547C226.677 268.02 224.807 272.442 223.994 274.131C223.182 272.442 221.312 268.02 220.255 261.547C220.052 260.422 219.93 259.297 219.808 258.172L219.808 258.17V257.888C219.686 256.803 219.605 255.757 219.564 254.712V248.761C219.593 248.399 219.618 248.026 219.642 247.647C219.685 246.973 219.73 246.279 219.808 245.585V245.304C219.93 244.178 220.052 243.093 220.255 241.927C221.312 235.454 223.182 231.031 223.994 229.342C224.807 231.031 226.677 235.454 227.734 241.927C227.937 243.052 228.059 244.177 228.181 245.302L228.181 245.304V245.585C228.303 246.671 228.384 247.716 228.425 248.761ZM228.425 176.951V182.901C228.395 183.264 228.371 183.637 228.347 184.016C228.304 184.689 228.259 185.383 228.181 186.078V186.359C228.059 187.485 227.937 188.57 227.734 189.736C226.677 196.209 224.807 200.632 223.994 202.321C223.182 200.632 221.312 196.209 220.255 189.736C220.052 188.611 219.93 187.486 219.808 186.361L219.808 186.359V186.078C219.686 184.992 219.605 183.947 219.564 182.901V176.951C219.593 176.589 219.618 176.216 219.642 175.836C219.685 175.163 219.73 174.469 219.808 173.775V173.493C219.93 172.368 220.052 171.282 220.255 170.116C221.312 163.643 223.182 159.221 223.994 157.532C224.807 159.221 226.677 163.643 227.734 170.116C227.937 171.241 228.059 172.366 228.181 173.491L228.181 173.493V173.775C228.303 174.86 228.384 175.906 228.425 176.951ZM228.425 105.141V111.091C228.395 111.453 228.371 111.826 228.347 112.206C228.304 112.879 228.259 113.573 228.181 114.267V114.549C228.059 115.674 227.937 116.76 227.734 117.926C226.677 124.399 224.807 128.821 223.994 130.51C223.182 128.821 221.312 124.399 220.255 117.926C220.052 116.801 219.93 115.676 219.808 114.551L219.808 114.549V114.267C219.686 113.182 219.605 112.136 219.564 111.091V105.141C219.593 104.778 219.618 104.405 219.642 104.026C219.685 103.353 219.73 102.658 219.808 101.964V101.683C219.93 100.557 220.052 99.4716 220.255 98.3056C221.312 91.8326 223.182 87.4101 223.994 85.7214C224.807 87.4101 226.677 91.8326 227.734 98.3056C227.937 99.4307 228.059 100.556 228.181 101.681L228.181 101.683V101.964C228.303 103.05 228.384 104.095 228.425 105.141ZM228.425 33.3301V39.2805C228.395 39.6425 228.371 40.015 228.347 40.3941C228.304 41.0672 228.259 41.7625 228.181 42.4567V42.7381C228.059 43.8639 227.937 44.9494 227.734 46.1154C226.677 52.5884 224.807 57.011 223.994 58.6996C223.182 57.011 221.312 52.5884 220.255 46.1154C220.052 44.9904 219.93 43.8654 219.808 42.7404L219.808 42.7381V42.4567C219.686 41.3712 219.605 40.3258 219.564 39.2805V33.3301C219.593 32.9677 219.618 32.5948 219.642 32.2152C219.685 31.5421 219.73 30.848 219.808 30.1539V29.8724C219.93 28.7467 220.052 27.6612 220.255 26.4952C221.312 20.0222 223.182 15.5996 223.994 13.911C224.807 15.5996 226.677 20.0222 227.734 26.4952C227.937 27.6202 228.059 28.7453 228.181 29.8703L228.181 29.8724V30.1539C228.303 31.2394 228.384 32.2848 228.425 33.3301Z" fill="url(#paint17_linear_35097_25798)"/>
<path fill-rule="evenodd" clip-rule="evenodd" d="M283.174 252.742V250.732C283.092 244.46 281.792 238.228 279.597 232.277L278.418 229.101C276.659 224.395 274.467 219.882 271.533 215.833C274.507 211.781 276.699 207.23 278.418 202.562L279.597 199.386C281.751 193.475 283.092 187.244 283.174 180.931V178.921C283.092 172.649 281.792 166.417 279.597 160.467L278.418 157.291C276.659 152.584 274.467 148.072 271.533 144.022C274.507 139.971 276.699 135.419 278.418 130.751L279.597 127.575C281.751 121.665 283.092 115.433 283.174 109.121V107.111C283.092 100.839 281.792 94.6068 279.597 88.6564L278.418 85.4802C276.659 80.7736 274.467 76.2615 271.533 72.2118C274.507 68.1603 276.699 63.6089 278.418 58.9408L279.597 55.7646C281.751 49.8544 283.092 43.6227 283.174 37.3104V35.3001C283.092 29.0282 281.792 22.7964 279.597 16.846L278.418 13.6697C276.63 8.88535 274.394 4.30194 271.387 0.201019C271.378 0.192169 271.371 0.183319 271.365 0.174896C271.359 0.164886 271.354 0.155487 271.352 0.1474C271.346 0.131409 271.346 0.120605 271.346 0.120605H271.305C271.265 0.160828 271.265 0.201019 271.265 0.201019C268.216 4.30194 265.94 8.92554 264.233 13.6697L263.054 16.846C260.9 22.7561 259.559 28.9879 259.478 35.3001V37.3104C259.559 43.5824 260.859 49.8142 263.054 55.7646L264.233 58.9408C265.952 63.6475 268.183 68.1596 271.119 72.2092C268.143 76.2608 265.913 80.8121 264.233 85.4802L263.054 88.6564C260.9 94.5666 259.559 100.798 259.478 107.111V109.121C259.559 115.393 260.859 121.625 263.054 127.575L264.233 130.751C265.952 135.458 268.183 139.97 271.119 144.02C268.143 148.071 265.913 152.623 264.233 157.291L263.054 160.467C260.9 166.377 259.559 172.609 259.478 178.921V180.931C259.559 187.203 260.859 193.435 263.054 199.386L264.233 202.562C265.952 207.268 268.183 211.78 271.119 215.83C268.143 219.882 265.913 224.433 264.233 229.101L263.054 232.277C260.9 238.188 259.559 244.419 259.478 250.732V252.742C259.559 259.014 260.859 265.246 263.054 271.196L264.233 274.372C265.981 279.157 268.257 283.74 271.265 287.841C271.305 287.881 271.305 287.921 271.305 287.921H271.346C271.387 287.881 271.387 287.841 271.387 287.841C274.435 283.74 276.671 279.116 278.418 274.372L279.597 271.196C281.751 265.286 283.092 259.054 283.174 252.742ZM275.492 245.666C275.614 246.751 275.695 247.797 275.736 248.842V254.672C275.706 255.034 275.682 255.406 275.658 255.785L275.658 255.786C275.615 256.459 275.57 257.154 275.492 257.848V258.129C275.37 259.255 275.248 260.341 275.045 261.507C273.988 267.98 272.118 272.402 271.305 274.091C270.492 272.402 268.623 267.98 267.566 261.507C267.363 260.381 267.241 259.255 267.119 258.129V257.848C266.997 256.762 266.916 255.717 266.875 254.672V248.842C266.904 248.48 266.928 248.108 266.953 247.728C266.996 247.055 267.041 246.36 267.119 245.666V245.384C267.241 244.259 267.363 243.173 267.566 242.007C268.623 235.534 270.492 231.111 271.305 229.423C272.118 231.111 273.988 235.534 275.045 242.007C275.248 243.133 275.37 244.259 275.492 245.384V245.666ZM275.492 173.855C275.614 174.941 275.695 175.986 275.736 177.031V182.861C275.706 183.223 275.682 183.596 275.658 183.975L275.658 183.976C275.615 184.649 275.57 185.343 275.492 186.037V186.319C275.37 187.445 275.248 188.53 275.045 189.696C273.988 196.169 272.118 200.592 271.305 202.28C270.492 200.592 268.623 196.169 267.566 189.696C267.363 188.57 267.241 187.445 267.119 186.319V186.037C266.997 184.952 266.916 183.907 266.875 182.861V177.031C266.904 176.669 266.928 176.297 266.953 175.918L266.953 175.917C266.996 175.244 267.041 174.549 267.119 173.855V173.574C267.241 172.448 267.363 171.363 267.566 170.197C268.623 163.724 270.492 159.301 271.305 157.612C272.118 159.301 273.988 163.724 275.045 170.197C275.248 171.322 275.37 172.448 275.492 173.574V173.855ZM275.492 102.045C275.614 103.13 275.695 104.176 275.736 105.221V111.051C275.706 111.413 275.682 111.785 275.658 112.164L275.658 112.165C275.615 112.839 275.57 113.533 275.492 114.227V114.508C275.37 115.634 275.248 116.72 275.045 117.886C273.988 124.359 272.118 128.781 271.305 130.47C270.492 128.781 268.623 124.359 267.566 117.886C267.363 116.76 267.241 115.634 267.119 114.508V114.227C266.997 113.141 266.916 112.096 266.875 111.051V105.221C266.904 104.859 266.928 104.487 266.953 104.108C266.996 103.434 267.041 102.739 267.119 102.045V101.763C267.241 100.638 267.363 99.5521 267.566 98.3861C268.623 91.9131 270.492 87.4905 271.305 85.8018C272.118 87.4905 273.988 91.9131 275.045 98.3861C275.248 99.5119 275.37 100.638 275.492 101.763V102.045ZM275.492 30.2343C275.614 31.3198 275.695 32.3652 275.736 33.4105V39.2403C275.706 39.6023 275.682 39.9747 275.658 40.3537L275.658 40.3549C275.615 41.0281 275.57 41.7223 275.492 42.4165V42.6979C275.37 43.8237 275.248 44.9092 275.045 46.0751C273.988 52.5482 272.118 56.9708 271.305 58.6594C270.492 56.9708 268.623 52.5482 267.566 46.0751C267.363 44.9494 267.241 43.8237 267.119 42.6979V42.4165C266.997 41.3309 266.916 40.2856 266.875 39.2403V33.4105C266.904 33.0486 266.928 32.6762 266.953 32.2971L266.953 32.296C266.996 31.6228 267.041 30.9285 267.119 30.2343V29.9529C267.241 28.8271 267.363 27.7416 267.566 26.5756C268.623 20.1026 270.492 15.68 271.305 13.9914C272.118 15.68 273.988 20.1026 275.045 26.5756C275.248 27.7014 275.37 28.8271 275.492 29.9529V30.2343Z" fill="url(#paint18_linear_35097_25798)"/>
<path fill-rule="evenodd" clip-rule="evenodd" d="M301.952 238.147C300.204 242.892 297.969 247.515 294.92 251.616C294.961 251.656 294.961 251.696 294.961 251.696C294.92 251.737 294.92 251.777 294.92 251.777C297.928 255.878 300.204 260.461 301.952 265.246L303.13 268.422C305.325 274.372 306.626 280.604 306.707 286.876V287.921H299.35V284.946C299.31 283.901 299.229 282.856 299.107 281.77V281.489C298.985 280.363 298.863 279.237 298.66 278.111C297.603 271.638 295.733 267.216 294.92 265.527C294.107 267.216 292.238 271.638 291.181 278.111C290.978 279.277 290.856 280.363 290.734 281.489V281.77C290.656 282.464 290.611 283.157 290.568 283.83L290.568 283.832C290.543 284.211 290.519 284.584 290.49 284.946V287.921H283.133V286.876C283.214 280.564 284.556 274.332 286.71 268.422L287.889 265.246C289.636 260.501 291.872 255.878 294.92 251.777C294.88 251.737 294.88 251.696 294.88 251.696C294.92 251.656 294.92 251.616 294.92 251.616C291.912 247.515 289.636 242.932 287.889 238.147L286.71 234.971C284.515 229.021 283.214 222.789 283.133 216.517V215.066C283.214 208.753 284.556 202.522 286.71 196.611L287.889 193.435C289.636 188.691 291.872 184.067 294.92 179.966C294.88 179.926 294.88 179.886 294.88 179.886C294.92 179.846 294.92 179.806 294.92 179.806C291.912 175.705 289.636 171.121 287.889 166.337L286.71 163.161C284.515 157.21 283.214 150.978 283.133 144.706V143.255C283.214 136.943 284.556 130.711 286.71 124.801L287.889 121.625C289.636 116.88 291.872 112.257 294.92 108.156C294.88 108.116 294.88 108.076 294.88 108.076C294.92 108.035 294.92 107.995 294.92 107.995C291.912 103.894 289.636 99.3108 287.889 94.5264L286.71 91.3502C284.515 85.3998 283.214 79.168 283.133 72.896V71.4446C283.214 65.1324 284.556 58.9006 286.71 52.9904L287.889 49.8142C289.636 45.07 291.872 40.4464 294.92 36.3455C294.88 36.3053 294.88 36.2651 294.88 36.2651C294.92 36.2249 294.92 36.1847 294.92 36.1847C291.912 32.0837 289.636 27.5003 287.889 22.7159L286.71 19.5397C284.515 13.5893 283.214 7.35751 283.133 1.08554V0.0401917H290.49V3.01541C290.53 4.06073 290.612 5.10605 290.734 6.19159V6.47302L290.734 6.47711C290.856 7.6015 290.978 8.72586 291.181 9.85025C292.238 16.3233 294.107 20.7459 294.92 22.4345C295.733 20.7459 297.603 16.3233 298.66 9.85025C298.863 8.6843 298.985 7.59875 299.107 6.47302V6.19159C299.185 5.4975 299.229 4.80341 299.273 4.13034L299.281 3.9975L299.296 3.76566C299.313 3.51157 299.331 3.26108 299.35 3.01541V0.0401917H306.707V1.08554C306.626 7.39774 305.285 13.6295 303.13 19.5397L301.952 22.7159C300.204 27.4601 297.969 32.0837 294.92 36.1847C294.961 36.2249 294.961 36.2651 294.961 36.2651C294.948 36.2773 294.94 36.2894 294.934 36.3005C294.932 36.3042 294.93 36.3077 294.929 36.3111L294.926 36.319C294.92 36.3348 294.92 36.3455 294.92 36.3455C297.928 40.4464 300.204 45.0298 301.952 49.8142L303.13 52.9904C305.325 58.9408 306.626 65.1726 306.707 71.4446V72.896C306.626 79.2082 305.285 85.44 303.13 91.3502L301.952 94.5264C300.204 99.2706 297.969 103.894 294.92 107.995C294.961 108.035 294.961 108.076 294.961 108.076C294.92 108.116 294.92 108.156 294.92 108.156C297.928 112.257 300.204 116.84 301.952 121.625L303.13 124.801C305.325 130.751 306.626 136.983 306.707 143.255V144.706C306.626 151.019 305.285 157.25 303.13 163.161L301.952 166.337C300.204 171.081 297.969 175.705 294.92 179.806C294.961 179.846 294.961 179.886 294.961 179.886C294.941 179.906 294.931 179.925 294.926 179.94C294.92 179.956 294.92 179.966 294.92 179.966C297.928 184.067 300.204 188.651 301.952 193.435L303.13 196.611C305.325 202.562 306.626 208.794 306.707 215.066V216.517C306.626 222.829 305.285 229.061 303.13 234.971L301.952 238.147ZM299.35 146.636C299.322 146.995 299.298 147.363 299.274 147.739L299.273 147.742L299.273 147.744L299.273 147.746L299.273 147.747L299.273 147.748L299.273 147.75L299.273 147.751C299.229 148.424 299.185 149.118 299.107 149.812V150.094C298.985 151.22 298.863 152.305 298.66 153.471C297.603 159.944 295.733 164.367 294.92 166.055C294.107 164.367 292.238 159.944 291.181 153.471C290.978 152.347 290.856 151.222 290.734 150.098L290.734 150.094V149.812C290.612 148.727 290.53 147.682 290.49 146.636V141.325C290.519 140.963 290.543 140.591 290.568 140.212L290.568 140.21C290.611 139.537 290.656 138.843 290.734 138.149V137.868C290.856 136.742 290.978 135.656 291.181 134.49C292.238 128.017 294.107 123.595 294.92 121.906C295.733 123.595 297.603 128.017 298.66 134.49C298.863 135.616 298.985 136.742 299.107 137.868V138.149C299.229 139.235 299.31 140.28 299.35 141.325V146.636ZM290.49 218.447C290.53 219.492 290.612 220.537 290.734 221.623V221.904L290.734 221.909C290.856 223.033 290.978 224.157 291.181 225.282C292.238 231.755 294.107 236.177 294.92 237.866C295.733 236.177 297.603 231.755 298.66 225.282C298.863 224.116 298.985 223.03 299.107 221.904V221.623C299.185 220.929 299.229 220.235 299.273 219.562L299.273 219.559L299.273 219.558C299.297 219.18 299.321 218.808 299.35 218.447V213.136C299.31 212.09 299.229 211.045 299.107 209.96V209.678C298.985 208.552 298.863 207.427 298.66 206.301C297.603 199.828 295.733 195.405 294.92 193.717C294.107 195.405 292.238 199.828 291.181 206.301C290.978 207.467 290.856 208.552 290.734 209.678V209.96C290.656 210.653 290.611 211.347 290.568 212.02L290.568 212.021C290.543 212.4 290.519 212.774 290.49 213.136V218.447ZM290.49 74.8258C290.53 75.8712 290.612 76.9165 290.734 78.0021V78.2835L290.734 78.2876C290.856 79.412 290.978 80.5363 291.181 81.6607C292.238 88.1338 294.107 92.5564 294.92 94.245C295.733 92.5564 297.603 88.1338 298.66 81.6607C298.863 80.4948 298.985 79.4092 299.107 78.2835V78.0021C299.185 77.308 299.229 76.6139 299.273 75.9408L299.273 75.9385L299.273 75.9371L299.273 75.9355C299.297 75.5577 299.321 75.1866 299.35 74.8258V69.5148C299.31 68.4695 299.229 67.4241 299.107 66.3386V66.0572C298.985 64.9314 298.863 63.8056 298.66 62.6799C297.603 56.2068 295.733 51.7843 294.92 50.0957C294.107 51.7843 292.238 56.2068 291.181 62.6799C290.978 63.8458 290.856 64.9314 290.734 66.0572V66.3386C290.656 67.0323 290.611 67.7261 290.568 68.3988L290.568 68.4003C290.543 68.7794 290.519 69.1528 290.49 69.5148V74.8258Z" fill="url(#paint19_linear_35097_25798)"/>
<path fill-rule="evenodd" clip-rule="evenodd" d="M349.303 238.147C347.555 242.892 345.32 247.515 342.272 251.616C342.312 251.656 342.312 251.696 342.312 251.696C342.271 251.737 342.272 251.777 342.272 251.777C345.279 255.878 347.515 260.461 349.303 265.246L350.482 268.422C352.677 274.372 353.977 280.604 354.059 286.876V287.921H346.702V284.946C346.661 283.901 346.58 282.856 346.458 281.77V281.489C346.336 280.363 346.214 279.237 346.011 278.111C344.954 271.638 343.084 267.216 342.272 265.527C341.459 267.216 339.589 271.638 338.532 278.111C338.329 279.277 338.207 280.363 338.085 281.489V281.77C338.007 282.464 337.962 283.159 337.919 283.832L337.919 283.833L337.919 283.834L337.919 283.836L337.919 283.837L337.919 283.839L337.918 283.841L337.918 283.843C337.894 284.219 337.87 284.587 337.841 284.946V287.921H330.485V286.876C330.566 280.564 331.907 274.332 334.061 268.422L335.24 265.246C336.947 260.501 339.223 255.878 342.272 251.777C342.231 251.737 342.231 251.696 342.231 251.696C342.272 251.656 342.272 251.616 342.272 251.616C339.264 247.515 336.988 242.932 335.24 238.147L334.061 234.971C331.866 229.021 330.566 222.789 330.485 216.517V215.066C330.566 208.753 331.907 202.522 334.061 196.611L335.24 193.435C336.947 188.691 339.223 184.067 342.272 179.966C342.231 179.926 342.231 179.886 342.231 179.886C342.272 179.846 342.272 179.806 342.272 179.806C339.264 175.705 336.988 171.121 335.24 166.337L334.061 163.161C331.866 157.21 330.566 150.978 330.485 144.706V143.255C330.566 136.943 331.907 130.711 334.061 124.801L335.24 121.625C336.947 116.88 339.223 112.257 342.272 108.156C342.231 108.116 342.231 108.076 342.231 108.076C342.272 108.035 342.272 107.995 342.272 107.995C339.264 103.894 336.988 99.3108 335.24 94.5264L334.061 91.3502C331.866 85.3998 330.566 79.168 330.485 72.896V71.4446C330.566 65.1324 331.907 58.9006 334.061 52.9904L335.24 49.8142C336.947 45.07 339.223 40.4464 342.272 36.3455C342.231 36.3053 342.231 36.2651 342.231 36.2651C342.272 36.2249 342.272 36.1847 342.272 36.1847C339.264 32.0837 336.988 27.5003 335.24 22.7159L334.061 19.5397C331.866 13.5893 330.566 7.35751 330.485 1.08554V0.0401917H337.841V3.01541C337.882 4.06073 337.963 5.10605 338.085 6.19159V6.47302L338.085 6.47577C338.207 7.60059 338.329 8.7254 338.532 9.85025C339.589 16.3233 341.459 20.7459 342.272 22.4345C343.084 20.7459 344.954 16.3233 346.011 9.85025C346.214 8.6843 346.336 7.59875 346.458 6.47302V6.19159C346.536 5.49747 346.581 4.80334 346.624 4.13025C346.648 3.75067 346.673 3.37781 346.702 3.01541V0.0401917H354.059V1.08554C353.977 7.39774 352.636 13.6295 350.482 19.5397L349.303 22.7159C347.555 27.4601 345.32 32.0837 342.272 36.1847C342.312 36.2249 342.312 36.2651 342.312 36.2651C342.271 36.3053 342.272 36.3455 342.272 36.3455C345.279 40.4464 347.515 45.0298 349.303 49.8142L350.482 52.9904C352.677 58.9408 353.977 65.1726 354.059 71.4446V72.896C353.977 79.2082 352.636 85.44 350.482 91.3502L349.303 94.5264C347.555 99.2706 345.32 103.894 342.272 107.995C342.312 108.035 342.312 108.076 342.312 108.076C342.271 108.116 342.272 108.156 342.272 108.156C345.279 112.257 347.515 116.84 349.303 121.625L350.482 124.801C352.677 130.751 353.977 136.983 354.059 143.255V144.706C353.977 151.019 352.636 157.25 350.482 163.161L349.303 166.337C347.555 171.081 345.32 175.705 342.272 179.806C342.312 179.846 342.312 179.886 342.312 179.886C342.271 179.926 342.272 179.966 342.272 179.966C345.279 184.067 347.515 188.651 349.303 193.435L350.482 196.611C352.677 202.562 353.977 208.794 354.059 215.066V216.517C353.977 222.829 352.636 229.061 350.482 234.971L349.303 238.147ZM346.702 146.636C346.673 146.999 346.648 147.372 346.624 147.751C346.581 148.424 346.536 149.118 346.458 149.812V150.094C346.336 151.22 346.214 152.305 346.011 153.471C344.954 159.944 343.084 164.367 342.272 166.055C341.459 164.367 339.589 159.944 338.532 153.471C338.329 152.346 338.207 151.221 338.085 150.097L338.085 150.094V149.812C337.963 148.727 337.882 147.682 337.841 146.636V141.325C337.87 140.967 337.894 140.598 337.918 140.222L337.918 140.22L337.919 140.218L337.919 140.216L337.919 140.215L337.919 140.213L337.919 140.212L337.919 140.211C337.962 139.538 338.007 138.843 338.085 138.149V137.868C338.207 136.742 338.329 135.656 338.532 134.49C339.589 128.017 341.459 123.595 342.272 121.906C343.084 123.595 344.954 128.017 346.011 134.49C346.214 135.616 346.336 136.742 346.458 137.868V138.149C346.58 139.235 346.661 140.28 346.702 141.325V146.636ZM337.841 218.447C337.882 219.492 337.963 220.537 338.085 221.623V221.904L338.085 221.907C338.207 223.032 338.329 224.157 338.532 225.282C339.589 231.755 341.459 236.177 342.272 237.866C343.084 236.177 344.954 231.755 346.011 225.282C346.214 224.116 346.336 223.03 346.458 221.904V221.623C346.536 220.929 346.581 220.235 346.624 219.562C346.648 219.182 346.673 218.809 346.702 218.447V213.136C346.661 212.09 346.58 211.045 346.458 209.96V209.678C346.336 208.552 346.214 207.427 346.011 206.301C344.954 199.828 343.084 195.405 342.272 193.717C341.459 195.405 339.589 199.828 338.532 206.301C338.329 207.467 338.207 208.552 338.085 209.678V209.96C338.007 210.654 337.962 211.348 337.919 212.021L337.919 212.023L337.919 212.024L337.919 212.025L337.919 212.027L337.919 212.029C337.894 212.406 337.87 212.776 337.841 213.136V218.447ZM337.841 74.8258C337.882 75.8712 337.963 76.9165 338.085 78.0021V78.2835L338.085 78.2862C338.207 79.411 338.329 80.5359 338.532 81.6607C339.589 88.1338 341.459 92.5564 342.272 94.245C343.084 92.5564 344.954 88.1338 346.011 81.6607C346.214 80.4948 346.336 79.4092 346.458 78.2835V78.0021C346.536 77.3079 346.581 76.6138 346.624 75.9407C346.648 75.5611 346.673 75.1882 346.702 74.8258V69.5148C346.661 68.4695 346.58 67.4241 346.458 66.3386V66.0572C346.336 64.9314 346.214 63.8056 346.011 62.6799C344.954 56.2068 343.084 51.7843 342.272 50.0957C341.459 51.7843 339.589 56.2068 338.532 62.6799C338.329 63.8458 338.207 64.9314 338.085 66.0572V66.3386C338.007 67.0329 337.962 67.7272 337.919 68.4004L337.919 68.4016L337.919 68.403L337.919 68.4045L337.919 68.4062L337.919 68.408L337.918 68.4102C337.894 68.7862 337.87 69.1557 337.841 69.5148V74.8258Z" fill="url(#paint20_linear_35097_25798)"/>
<path fill-rule="evenodd" clip-rule="evenodd" d="M377.592 252.742V250.611C377.511 244.339 376.21 238.107 374.015 232.157L372.837 228.981C371.086 224.297 368.907 219.807 365.995 215.773C368.947 211.736 371.125 207.207 372.837 202.562L374.015 199.386C376.169 193.475 377.511 187.244 377.592 180.931V178.8C377.511 172.528 376.21 166.297 374.015 160.346L372.837 157.17C371.086 152.487 368.907 147.996 365.995 143.962C368.947 139.926 371.125 135.396 372.837 130.751L374.015 127.575C376.169 121.665 377.511 115.433 377.592 109.121V106.99C377.511 100.718 376.21 94.4862 374.015 88.5358L372.837 85.3596C371.086 80.6764 368.907 76.1859 365.995 72.1519C368.947 68.1154 371.125 63.5859 372.837 58.9408L374.015 55.7646C376.169 49.8544 377.511 43.6226 377.592 37.3104V35.1795C377.511 28.9075 376.21 22.6757 374.015 16.7253L372.837 13.5491C371.048 8.76468 368.813 4.1813 365.805 0.0804138C365.786 0.0613403 365.776 0.0423279 365.77 0.0275574C365.767 0.0197449 365.766 0.0131531 365.765 0.0083313C365.764 0.00305176 365.764 0 365.764 0H365.724C365.683 0.0401917 365.683 0.0804138 365.683 0.0804138C362.635 4.1813 360.359 8.80487 358.651 13.5491L357.473 16.7253C355.319 22.6355 353.977 28.8673 353.896 35.1795V37.3104C353.977 43.5824 355.278 49.8142 357.473 55.7646L358.651 58.9408C360.362 63.624 362.579 68.1145 365.493 72.1485C362.54 76.185 360.323 80.7145 358.651 85.3596L357.473 88.5358C355.319 94.446 353.977 100.678 353.896 106.99V109.121C353.977 115.393 355.278 121.625 357.473 127.575L358.651 130.751C360.362 135.434 362.579 139.925 365.493 143.959C362.54 147.995 360.323 152.525 358.651 157.17L357.473 160.346C355.319 166.256 353.977 172.488 353.896 178.8V180.931C353.977 187.203 355.278 193.435 357.473 199.386L358.651 202.562C360.362 207.245 362.579 211.735 365.493 215.769C362.54 219.806 360.323 224.335 358.651 228.981L357.473 232.157C355.319 238.067 353.977 244.299 353.896 250.611V252.742C353.977 259.014 355.278 265.246 357.473 271.196L358.651 274.372C360.399 279.157 362.675 283.74 365.683 287.841C365.724 287.881 365.724 287.921 365.724 287.921H365.764C365.805 287.881 365.805 287.841 365.805 287.841C368.853 283.74 371.089 279.116 372.837 274.372L374.015 271.196C376.169 265.286 377.511 259.054 377.592 252.742ZM370.195 248.761V254.712C370.165 255.074 370.141 255.447 370.117 255.827C370.074 256.5 370.029 257.194 369.951 257.888V258.17C369.829 259.295 369.707 260.381 369.504 261.547C368.447 268.02 366.577 272.442 365.764 274.131C364.951 272.442 363.082 268.02 362.025 261.547C361.822 260.421 361.7 259.296 361.578 258.171L361.578 258.17V257.888C361.456 256.803 361.375 255.757 361.334 254.712V248.761C361.363 248.401 361.387 248.029 361.411 247.652L361.412 247.65L361.412 247.649L361.412 247.646C361.455 246.973 361.5 246.279 361.578 245.585V245.304C361.7 244.178 361.822 243.093 362.025 241.927C363.082 235.454 364.951 231.031 365.764 229.342C366.577 231.031 368.447 235.454 369.504 241.927C369.707 243.052 369.829 244.178 369.951 245.304V245.585C370.073 246.671 370.154 247.716 370.195 248.761ZM370.195 176.951V182.901C370.165 183.264 370.141 183.637 370.117 184.016C370.074 184.689 370.029 185.383 369.951 186.078V186.359C369.829 187.485 369.707 188.57 369.504 189.736C368.447 196.209 366.577 200.632 365.764 202.321C364.951 200.632 363.082 196.209 362.025 189.736C361.822 188.611 361.7 187.486 361.578 186.36L361.578 186.359V186.078C361.456 184.992 361.375 183.947 361.334 182.901V176.951C361.363 176.59 361.387 176.218 361.411 175.84L361.412 175.838L361.412 175.835C361.455 175.163 361.5 174.469 361.578 173.775V173.493C361.7 172.368 361.822 171.282 362.025 170.116C363.082 163.643 364.951 159.221 365.764 157.532C366.577 159.221 368.447 163.643 369.504 170.116C369.707 171.242 369.829 172.368 369.951 173.493V173.775C370.073 174.86 370.154 175.906 370.195 176.951ZM370.195 105.141V111.091C370.165 111.453 370.141 111.826 370.117 112.206C370.074 112.879 370.029 113.573 369.951 114.267V114.549C369.829 115.674 369.707 116.76 369.504 117.926C368.447 124.399 366.577 128.821 365.764 130.51C364.951 128.821 363.082 124.399 362.025 117.926C361.822 116.801 361.7 115.675 361.578 114.55L361.578 114.549V114.267C361.456 113.182 361.375 112.136 361.334 111.091V105.141C361.363 104.78 361.387 104.41 361.411 104.032L361.411 104.031L361.412 104.029L361.412 104.028L361.412 104.025C361.455 103.352 361.5 102.658 361.578 101.964V101.683C361.7 100.557 361.822 99.4716 362.025 98.3056C363.082 91.8326 364.951 87.4101 365.764 85.7214C366.577 87.4101 368.447 91.8326 369.504 98.3056C369.707 99.4314 369.829 100.557 369.951 101.683V101.964C370.073 103.05 370.154 104.095 370.195 105.141ZM370.195 33.3301V39.2805C370.165 39.6429 370.141 40.0158 370.117 40.3953C370.074 41.0685 370.029 41.7626 369.951 42.4567V42.7381C369.829 43.8639 369.707 44.9494 369.504 46.1154C368.447 52.5884 366.577 57.011 365.764 58.6996C364.951 57.011 363.082 52.5884 362.025 46.1154C361.822 44.9901 361.7 43.8649 361.578 42.7396L361.578 42.7381V42.4567C361.456 41.3712 361.375 40.3258 361.334 39.2805V33.3301C361.363 32.9683 361.387 32.5961 361.412 32.2171L361.412 32.2145C361.455 31.5416 361.5 30.8477 361.578 30.1539V29.8724C361.7 28.7467 361.822 27.6612 362.025 26.4952C363.082 20.0222 364.951 15.5996 365.764 13.911C366.577 15.5996 368.447 20.0222 369.504 26.4952C369.707 27.621 369.829 28.7467 369.951 29.8724V30.1539C370.073 31.2394 370.154 32.2848 370.195 33.3301Z" fill="url(#paint21_linear_35097_25798)"/>
<path fill-rule="evenodd" clip-rule="evenodd" d="M396.37 238.147C394.622 242.892 392.387 247.515 389.338 251.616C389.379 251.656 389.379 251.696 389.379 251.696C389.338 251.737 389.338 251.777 389.338 251.777C392.346 255.878 394.622 260.461 396.37 265.246L397.549 268.422C399.744 274.372 401.044 280.604 401.125 286.876V287.921H393.769V284.946C393.728 283.901 393.647 282.856 393.525 281.77V281.489L393.525 281.487C393.403 280.362 393.281 279.237 393.078 278.111C392.021 271.638 390.151 267.216 389.338 265.527C388.525 267.216 386.656 271.638 385.599 278.111C385.396 279.277 385.274 280.363 385.152 281.489V281.77C385.074 282.464 385.029 283.159 384.986 283.832L384.986 283.833L384.986 283.834L384.986 283.836L384.985 283.837L384.985 283.839L384.985 283.841L384.985 283.843C384.961 284.219 384.937 284.587 384.908 284.946V287.921H377.551V286.876C377.633 280.564 378.974 274.332 381.128 268.422L382.307 265.246C384.055 260.501 386.29 255.878 389.338 251.777C389.298 251.737 389.298 251.696 389.298 251.696C389.338 251.656 389.338 251.616 389.338 251.616C386.331 247.515 384.055 242.932 382.307 238.147L381.128 234.971C378.933 229.021 377.633 222.789 377.551 216.517V215.066C377.633 208.753 378.974 202.522 381.128 196.611L382.307 193.435C384.055 188.691 386.29 184.067 389.338 179.966C389.321 179.95 389.311 179.933 389.306 179.919C389.298 179.9 389.298 179.886 389.298 179.886C389.318 179.866 389.328 179.847 389.333 179.832C389.335 179.826 389.336 179.822 389.337 179.817C389.338 179.81 389.338 179.806 389.338 179.806C386.331 175.705 384.055 171.121 382.307 166.337L381.128 163.161C378.933 157.21 377.633 150.978 377.551 144.706V143.255C377.633 136.943 378.974 130.711 381.128 124.801L382.307 121.625C384.055 116.88 386.29 112.257 389.338 108.156C389.298 108.116 389.298 108.076 389.298 108.076C389.338 108.035 389.338 107.995 389.338 107.995C386.331 103.894 384.055 99.3108 382.307 94.5264L381.128 91.3502C378.933 85.3998 377.633 79.168 377.551 72.896V71.4446C377.633 65.1324 378.974 58.9006 381.128 52.9904L382.307 49.8142C384.055 45.07 386.29 40.4464 389.338 36.3455C389.298 36.3053 389.298 36.2651 389.298 36.2651C389.338 36.2249 389.338 36.1847 389.338 36.1847C386.331 32.0837 384.055 27.5003 382.307 22.7159L381.128 19.5397C378.933 13.5893 377.633 7.35751 377.551 1.08554V0.0401917H384.908V3.01541C384.949 4.06073 385.03 5.10605 385.152 6.19159V6.47302C385.274 7.59875 385.396 8.72452 385.599 9.85025C386.656 16.3233 388.525 20.7459 389.338 22.4345C390.151 20.7459 392.021 16.3233 393.078 9.85025C393.281 8.6843 393.403 7.59875 393.525 6.47302V6.19159C393.603 5.49747 393.648 4.80334 393.691 4.13025C393.715 3.75067 393.739 3.37781 393.769 3.01541V0.0401917H401.125V1.08554C401.044 7.39774 399.703 13.6295 397.549 19.5397L396.37 22.7159C394.622 27.4601 392.387 32.0837 389.338 36.1847C389.379 36.2249 389.379 36.2651 389.379 36.2651C389.365 36.2787 389.356 36.2923 389.35 36.3044C389.338 36.3279 389.338 36.3455 389.338 36.3455C392.346 40.4464 394.622 45.0298 396.37 49.8142L397.549 52.9904C399.744 58.9408 401.044 65.1726 401.125 71.4446V72.896C401.044 79.2082 399.703 85.44 397.549 91.3502L396.37 94.5264C394.622 99.2706 392.387 103.894 389.338 107.995C389.379 108.035 389.379 108.076 389.379 108.076C389.338 108.116 389.338 108.156 389.338 108.156C392.346 112.257 394.622 116.84 396.37 121.625L397.549 124.801C399.744 130.751 401.044 136.983 401.125 143.255V144.706C401.044 151.019 399.703 157.25 397.549 163.161L396.37 166.337C394.622 171.081 392.387 175.705 389.338 179.806C389.359 179.826 389.369 179.846 389.374 179.861C389.375 179.865 389.376 179.869 389.377 179.872L389.378 179.879L389.379 179.884L389.379 179.886C389.338 179.926 389.338 179.966 389.338 179.966C392.346 184.067 394.622 188.651 396.37 193.435L397.549 196.611C399.744 202.562 401.044 208.794 401.125 215.066V216.517C401.044 222.829 399.703 229.061 397.549 234.971L396.37 238.147ZM393.769 146.636C393.739 146.999 393.715 147.372 393.691 147.751C393.648 148.424 393.603 149.118 393.525 149.812V150.094C393.403 151.22 393.281 152.305 393.078 153.471C392.021 159.944 390.151 164.367 389.338 166.055C388.525 164.367 386.656 159.944 385.599 153.471C385.396 152.345 385.274 151.22 385.152 150.094V149.812C385.03 148.727 384.949 147.682 384.908 146.636V141.325C384.937 140.967 384.961 140.598 384.985 140.222L384.985 140.22L384.985 140.218L384.985 140.216L384.986 140.215L384.986 140.213L384.986 140.212L384.986 140.211C385.029 139.538 385.074 138.843 385.152 138.149V137.868C385.274 136.742 385.396 135.656 385.599 134.49C386.656 128.017 388.525 123.595 389.338 121.906C390.151 123.595 392.021 128.017 393.078 134.49C393.281 135.616 393.403 136.741 393.525 137.866L393.525 137.868V138.149C393.647 139.235 393.728 140.28 393.769 141.325V146.636ZM384.908 218.447C384.949 219.492 385.03 220.537 385.152 221.623V221.904C385.274 223.03 385.396 224.156 385.599 225.282C386.656 231.755 388.525 236.177 389.338 237.866C390.151 236.177 392.021 231.755 393.078 225.282C393.281 224.116 393.403 223.03 393.525 221.904V221.623C393.603 220.929 393.648 220.235 393.691 219.562C393.715 219.182 393.739 218.809 393.769 218.447V213.136C393.728 212.09 393.647 211.045 393.525 209.96V209.678L393.525 209.677C393.403 208.551 393.281 207.426 393.078 206.301C392.021 199.828 390.151 195.405 389.338 193.717C388.525 195.405 386.656 199.828 385.599 206.301C385.396 207.467 385.274 208.552 385.152 209.678V209.96C385.074 210.654 385.029 211.348 384.986 212.021C384.961 212.401 384.937 212.773 384.908 213.136V218.447ZM384.908 74.8258C384.949 75.8712 385.03 76.9165 385.152 78.0021V78.2835C385.274 79.4092 385.396 80.535 385.599 81.6607C386.656 88.1338 388.525 92.5564 389.338 94.245C390.151 92.5564 392.021 88.1338 393.078 81.6607C393.281 80.4948 393.403 79.4092 393.525 78.2835V78.0021C393.603 77.3079 393.648 76.6138 393.691 75.9407C393.715 75.5611 393.739 75.1882 393.769 74.8258V69.5148C393.728 68.4695 393.647 67.4241 393.525 66.3386V66.0572L393.525 66.0557C393.403 64.9305 393.281 63.8052 393.078 62.6799C392.021 56.2068 390.151 51.7843 389.338 50.0957C388.525 51.7843 386.656 56.2068 385.599 62.6799C385.396 63.8458 385.274 64.9314 385.152 66.0572V66.3386C385.074 67.0329 385.029 67.7272 384.986 68.4004L384.986 68.4016C384.961 68.7806 384.937 69.1529 384.908 69.5148V74.8258Z" fill="url(#paint22_linear_35097_25798)"/>
<path fill-rule="evenodd" clip-rule="evenodd" d="M436.608 251.616C439.657 247.515 441.892 242.892 443.64 238.147L444.819 234.971C446.973 229.061 448.314 222.829 448.396 216.517V215.066C448.314 208.794 447.014 202.562 444.819 196.611L443.64 193.435C441.852 188.651 439.616 184.067 436.608 179.966C433.56 184.067 431.284 188.691 429.577 193.435L428.398 196.611C426.244 202.522 424.903 208.753 424.821 215.066V216.517C424.903 222.789 426.203 229.021 428.398 234.971L429.577 238.147C431.325 242.932 433.601 247.515 436.608 251.616ZM432.178 213.136C432.207 212.773 432.231 212.401 432.256 212.021C432.299 211.348 432.344 210.654 432.422 209.96V209.678C432.544 208.552 432.666 207.467 432.869 206.301C433.926 199.828 435.796 195.405 436.608 193.717C437.421 195.405 439.291 199.828 440.348 206.301C440.551 207.426 440.673 208.551 440.795 209.677L440.795 209.678V209.96C440.917 211.045 440.998 212.09 441.039 213.136V218.447C441.009 218.809 440.985 219.182 440.961 219.562C440.918 220.235 440.873 220.929 440.795 221.623V221.904C440.673 223.03 440.551 224.116 440.348 225.282C439.291 231.755 437.421 236.177 436.608 237.866C435.796 236.177 433.926 231.755 432.869 225.282C432.666 224.156 432.544 223.03 432.422 221.904V221.623C432.3 220.537 432.219 219.492 432.178 218.447V213.136Z" fill="url(#paint23_linear_35097_25798)"/>
<path fill-rule="evenodd" clip-rule="evenodd" d="M436.608 251.777C433.56 255.878 431.284 260.501 429.577 265.246L428.398 268.422C426.244 274.332 424.903 280.564 424.821 286.876V287.921H432.178V284.946C432.207 284.587 432.231 284.219 432.255 283.843L432.255 283.841L432.255 283.839L432.256 283.837L432.256 283.836L432.256 283.834L432.256 283.833L432.256 283.832C432.299 283.159 432.344 282.464 432.422 281.77V281.489C432.544 280.363 432.666 279.277 432.869 278.111C433.926 271.638 435.796 267.216 436.608 265.527C437.421 267.216 439.291 271.638 440.348 278.111C440.551 279.237 440.673 280.362 440.795 281.487L440.795 281.489V281.77C440.917 282.856 440.998 283.901 441.039 284.946V287.921H448.396V286.876C448.314 280.604 447.014 274.372 444.819 268.422L443.64 265.246C441.852 260.461 439.616 255.878 436.608 251.777ZM436.608 251.777C436.608 251.777 436.609 251.737 436.649 251.696C436.649 251.696 436.649 251.656 436.608 251.616C436.608 251.616 436.608 251.656 436.568 251.696C436.568 251.696 436.568 251.737 436.608 251.777Z" fill="url(#paint24_linear_35097_25798)"/>
<path d="M436.608 179.806C436.608 179.806 436.608 179.846 436.568 179.886C436.568 179.886 436.568 179.926 436.608 179.966C436.608 179.966 436.609 179.926 436.649 179.886C436.649 179.886 436.649 179.846 436.608 179.806Z" fill="url(#paint25_linear_35097_25798)"/>
<path fill-rule="evenodd" clip-rule="evenodd" d="M448.396 144.706C448.314 151.019 446.973 157.25 444.819 163.161L443.64 166.337C441.892 171.081 439.657 175.705 436.608 179.806C433.601 175.705 431.325 171.121 429.577 166.337L428.398 163.161C426.203 157.21 424.903 150.978 424.821 144.706V143.255C424.903 136.943 426.244 130.711 428.398 124.801L429.577 121.625C431.284 116.88 433.56 112.257 436.608 108.156C436.568 108.116 436.568 108.076 436.568 108.076C436.608 108.035 436.608 107.995 436.608 107.995C433.601 103.894 431.325 99.3108 429.577 94.5264L428.398 91.3502C426.203 85.3998 424.903 79.168 424.821 72.896V71.4446C424.903 65.1324 426.244 58.9006 428.398 52.9904L429.577 49.8142C431.284 45.07 433.56 40.4464 436.608 36.3455C436.568 36.3053 436.568 36.2651 436.568 36.2651C436.586 36.2476 436.595 36.23 436.601 36.2158C436.608 36.1975 436.608 36.1847 436.608 36.1847C433.601 32.0837 431.325 27.5003 429.577 22.7159L428.398 19.5397C426.203 13.5893 424.903 7.35751 424.821 1.08554V0.0401917H432.178V3.01541C432.219 4.06073 432.3 5.10605 432.422 6.19159V6.47302C432.544 7.59875 432.666 8.72452 432.869 9.85025C433.926 16.3233 435.796 20.7459 436.608 22.4345C437.421 20.7459 439.291 16.3233 440.348 9.85025C440.551 8.6843 440.673 7.59875 440.795 6.47302V6.19159C440.873 5.49747 440.918 4.80334 440.961 4.13025C440.985 3.75067 441.009 3.37781 441.039 3.01541V0.0401917H448.396V1.08554C448.314 7.39774 446.973 13.6295 444.819 19.5397L443.64 22.7159C441.892 27.4601 439.657 32.0837 436.608 36.1847C436.649 36.2249 436.649 36.2651 436.649 36.2651C436.609 36.3053 436.608 36.3455 436.608 36.3455C439.616 40.4464 441.852 45.0298 443.64 49.8142L444.819 52.9904C447.014 58.9408 448.314 65.1726 448.396 71.4446V72.896C448.314 79.2082 446.973 85.44 444.819 91.3502L443.64 94.5264C441.892 99.2706 439.657 103.894 436.608 107.995C436.649 108.035 436.649 108.076 436.649 108.076C436.609 108.116 436.608 108.156 436.608 108.156C439.616 112.257 441.852 116.84 443.64 121.625L444.819 124.801C447.014 130.751 448.314 136.983 448.396 143.255V144.706ZM441.039 146.636C441.009 146.999 440.985 147.372 440.961 147.751C440.918 148.424 440.873 149.118 440.795 149.812V150.094C440.673 151.22 440.551 152.305 440.348 153.471C439.291 159.944 437.421 164.367 436.608 166.055C435.796 164.367 433.926 159.944 432.869 153.471C432.666 152.345 432.544 151.22 432.422 150.094V149.812C432.3 148.727 432.219 147.682 432.178 146.636V141.325C432.207 140.967 432.231 140.598 432.255 140.222L432.255 140.22L432.255 140.218L432.256 140.216L432.256 140.215L432.256 140.213L432.256 140.212L432.256 140.211C432.299 139.538 432.344 138.843 432.422 138.149V137.868C432.544 136.742 432.666 135.656 432.869 134.49C433.926 128.017 435.796 123.595 436.608 121.906C437.421 123.595 439.291 128.017 440.348 134.49C440.551 135.616 440.673 136.741 440.795 137.866L440.795 137.868V138.149C440.917 139.235 440.998 140.28 441.039 141.325V146.636ZM432.178 69.5148C432.207 69.1538 432.231 68.7825 432.256 68.4044L432.256 68.4016L432.256 68.4004C432.299 67.7272 432.344 67.0329 432.422 66.3386V66.0572C432.544 64.9314 432.666 63.8458 432.869 62.6799C433.926 56.2068 435.796 51.7843 436.608 50.0957C437.421 51.7843 439.291 56.2068 440.348 62.6799C440.551 63.8052 440.673 64.9305 440.795 66.0557L440.795 66.0572V66.3386C440.917 67.4241 440.998 68.4695 441.039 69.5148V74.8258C441.023 75.0226 441.008 75.2224 440.995 75.4248C440.983 75.5951 440.972 75.7672 440.961 75.9407C440.918 76.6138 440.873 77.3079 440.795 78.0021V78.2835C440.673 79.4092 440.551 80.4948 440.348 81.6607C439.291 88.1338 437.421 92.5564 436.608 94.245C435.796 92.5564 433.926 88.1338 432.869 81.6607C432.666 80.535 432.544 79.4092 432.422 78.2835V78.0021C432.3 76.9165 432.219 75.8712 432.178 74.8258V69.5148Z" fill="url(#paint26_linear_35097_25798)"/>
<path fill-rule="evenodd" clip-rule="evenodd" d="M424.7 252.742C424.618 259.054 423.277 265.286 421.123 271.196L419.944 274.372C418.196 279.116 415.961 283.74 412.913 287.841C412.913 287.841 412.913 287.881 412.872 287.921H412.831C412.831 287.921 412.831 287.881 412.791 287.841C409.783 283.74 407.507 279.157 405.759 274.372L404.58 271.196C402.385 265.246 401.085 259.014 401.003 252.742V250.611C401.085 244.299 402.426 238.067 404.58 232.157L405.759 228.981C407.47 224.335 409.649 219.806 412.601 215.769C409.687 211.735 407.47 207.245 405.759 202.562L404.58 199.386C402.385 193.435 401.085 187.203 401.003 180.931V178.8C401.085 172.488 402.426 166.256 404.58 160.346L405.759 157.17C407.47 152.525 409.649 147.995 412.601 143.959C409.687 139.925 407.47 135.434 405.759 130.751L404.58 127.575C402.385 121.625 401.085 115.393 401.003 109.121V106.99C401.085 100.678 402.426 94.446 404.58 88.5358L405.759 85.3596C407.47 80.7145 409.649 76.185 412.601 72.1485C409.687 68.1145 407.47 63.624 405.759 58.9408L404.58 55.7646C402.385 49.8142 401.085 43.5824 401.003 37.3104V35.1795C401.085 28.8673 402.426 22.6355 404.58 16.7253L405.759 13.5491C407.507 8.80487 409.742 4.1813 412.791 0.0804138C412.791 0.0804138 412.791 0.0401917 412.831 0H412.872C412.872 0 412.872 0.0401917 412.913 0.0804138C415.92 4.1813 418.196 8.76468 419.944 13.5491L421.123 16.7253C423.318 22.6757 424.618 28.9075 424.7 35.1795V37.3104C424.618 43.6226 423.277 49.8544 421.123 55.7646L419.944 58.9408C418.233 63.5859 416.054 68.1154 413.103 72.1519C416.016 76.1859 418.233 80.6764 419.944 85.3596L421.123 88.5358C423.318 94.4862 424.618 100.718 424.7 106.99V109.121C424.618 115.433 423.277 121.665 421.123 127.575L419.944 130.751C418.233 135.396 416.054 139.926 413.103 143.962C416.016 147.996 418.233 152.487 419.944 157.17L421.123 160.346C423.318 166.297 424.618 172.528 424.7 178.8V180.931C424.618 187.244 423.277 193.475 421.123 199.386L419.944 202.562C418.233 207.207 416.054 211.736 413.103 215.773C416.016 219.807 418.233 224.297 419.944 228.981L421.123 232.157C423.318 238.107 424.618 244.339 424.7 250.611V252.742ZM417.302 248.761C417.261 247.716 417.18 246.671 417.058 245.585V245.304L417.058 245.302C416.936 244.177 416.814 243.052 416.611 241.927C415.555 235.454 413.685 231.031 412.872 229.342C412.059 231.031 410.189 235.454 409.132 241.927C408.929 243.093 408.807 244.178 408.685 245.304V245.585C408.607 246.279 408.563 246.973 408.519 247.646L408.519 247.649L408.519 247.65L408.519 247.652L408.519 247.653L408.519 247.655L408.519 247.657C408.494 248.033 408.471 248.402 408.442 248.761V254.712C408.482 255.757 408.563 256.803 408.685 257.888V258.17L408.686 258.171C408.807 259.296 408.929 260.421 409.132 261.547C410.189 268.02 412.059 272.442 412.872 274.131C413.685 272.442 415.555 268.02 416.611 261.547C416.814 260.381 416.936 259.295 417.058 258.17V257.888C417.136 257.194 417.181 256.5 417.224 255.827C417.249 255.447 417.273 255.074 417.302 254.712V248.761ZM417.302 176.951C417.261 175.906 417.18 174.86 417.058 173.775V173.493L417.058 173.492C416.936 172.367 416.814 171.241 416.611 170.116C415.555 163.643 413.685 159.221 412.872 157.532C412.059 159.221 410.189 163.643 409.132 170.116C408.929 171.282 408.807 172.368 408.685 173.493V173.775C408.607 174.469 408.563 175.163 408.519 175.835L408.519 175.837C408.495 176.216 408.471 176.589 408.442 176.951V182.901C408.482 183.947 408.563 184.992 408.685 186.078V186.359L408.686 186.36C408.807 187.486 408.929 188.611 409.132 189.736C410.189 196.209 412.059 200.632 412.872 202.321C413.685 200.632 415.555 196.209 416.611 189.736C416.814 188.57 416.936 187.485 417.058 186.359V186.078C417.136 185.383 417.181 184.689 417.224 184.016C417.249 183.637 417.273 183.264 417.302 182.901V176.951ZM417.302 105.141C417.261 104.095 417.18 103.05 417.058 101.964V101.683L417.058 101.681C416.936 100.556 416.814 99.4309 416.611 98.3056C415.555 91.8326 413.685 87.4101 412.872 85.7214C412.059 87.4101 410.189 91.8326 409.132 98.3056C408.929 99.4716 408.807 100.557 408.685 101.683V101.964C408.607 102.658 408.563 103.352 408.519 104.025L408.519 104.028L408.519 104.029L408.519 104.031L408.519 104.032L408.519 104.034L408.519 104.036C408.494 104.412 408.471 104.782 408.442 105.141V111.091C408.482 112.136 408.563 113.182 408.685 114.267V114.549L408.686 114.55C408.807 115.675 408.929 116.801 409.132 117.926C410.189 124.399 412.059 128.821 412.872 130.51C413.685 128.821 415.555 124.399 416.611 117.926C416.814 116.76 416.936 115.674 417.058 114.549V114.267C417.136 113.573 417.181 112.879 417.224 112.206C417.249 111.826 417.273 111.453 417.302 111.091V105.141ZM417.302 33.3301C417.261 32.2848 417.18 31.2394 417.058 30.1539V29.8724L417.058 29.871C416.936 28.7458 416.814 27.6205 416.611 26.4952C415.555 20.0222 413.685 15.5996 412.872 13.911C412.059 15.5996 410.189 20.0222 409.132 26.4952C408.929 27.6612 408.807 28.7467 408.685 29.8724V30.1539C408.607 30.8477 408.563 31.5416 408.519 32.2145L408.519 32.216L408.519 32.2172C408.495 32.5961 408.471 32.9683 408.442 33.3301V39.2805C408.482 40.3258 408.563 41.3712 408.685 42.4567V42.7381L408.686 42.7396C408.807 43.8649 408.929 44.9901 409.132 46.1154C410.189 52.5884 412.059 57.011 412.872 58.6996C413.685 57.011 415.555 52.5884 416.611 46.1154C416.814 44.9494 416.936 43.8639 417.058 42.7381V42.4567C417.136 41.7626 417.181 41.0685 417.224 40.3953C417.249 40.0158 417.273 39.6429 417.302 39.2805V33.3301Z" fill="url(#paint27_linear_35097_25798)"/>
<path fill-rule="evenodd" clip-rule="evenodd" d="M471.929 252.742V250.611C471.848 244.339 470.547 238.107 468.352 232.157L467.174 228.981C465.423 224.297 463.244 219.807 460.332 215.773C463.284 211.736 465.462 207.207 467.174 202.562L468.352 199.386C470.507 193.475 471.848 187.244 471.929 180.931V178.8C471.848 172.528 470.547 166.297 468.352 160.346L467.174 157.17C465.423 152.487 463.244 147.996 460.332 143.962C463.284 139.926 465.462 135.396 467.174 130.751L468.352 127.575C470.507 121.665 471.848 115.433 471.929 109.121V106.99C471.848 100.718 470.547 94.4862 468.352 88.5358L467.174 85.3596C465.423 80.6764 463.244 76.1859 460.332 72.1519C463.284 68.1154 465.462 63.5859 467.174 58.9408L468.352 55.7646C470.507 49.8544 471.848 43.6226 471.929 37.3104V35.1795C471.848 28.9075 470.547 22.6757 468.352 16.7253L467.174 13.5491C465.385 8.76468 463.15 4.1813 460.142 0.0804138C460.123 0.0611877 460.113 0.0419312 460.107 0.0270996C460.101 0.0109253 460.101 0 460.101 0H460.061C460.02 0.0401917 460.02 0.0804138 460.02 0.0804138C456.972 4.1813 454.696 8.80487 452.989 13.5491L451.81 16.7253C449.656 22.6355 448.314 28.8673 448.233 35.1795V37.3104C448.314 43.5824 449.615 49.8142 451.81 55.7646L452.989 58.9408C454.699 63.624 456.916 68.1145 459.83 72.1485C456.877 76.185 454.66 80.7145 452.989 85.3596L451.81 88.5358C449.656 94.446 448.314 100.678 448.233 106.99V109.121C448.314 115.393 449.615 121.625 451.81 127.575L452.989 130.751C454.699 135.434 456.916 139.925 459.83 143.959C456.877 147.995 454.66 152.525 452.989 157.17L451.81 160.346C449.656 166.256 448.314 172.488 448.233 178.8V180.931C448.314 187.203 449.615 193.435 451.81 199.386L452.989 202.562C454.699 207.245 456.916 211.735 459.83 215.769C456.877 219.806 454.66 224.335 452.989 228.981L451.81 232.157C449.656 238.067 448.314 244.299 448.233 250.611V252.742C448.314 259.014 449.615 265.246 451.81 271.196L452.989 274.372C454.736 279.157 457.012 283.74 460.02 287.841C460.061 287.881 460.061 287.921 460.061 287.921H460.101C460.142 287.881 460.142 287.841 460.142 287.841C463.19 283.74 465.426 279.116 467.174 274.372L468.352 271.196C470.507 265.286 471.848 259.054 471.929 252.742ZM464.572 248.761V254.712C464.543 255.074 464.519 255.447 464.495 255.826C464.451 256.5 464.406 257.194 464.329 257.888V258.17C464.207 259.295 464.085 260.381 463.881 261.547C462.825 268.02 460.955 272.442 460.142 274.131C459.329 272.442 457.459 268.02 456.403 261.547C456.2 260.421 456.078 259.296 455.956 258.171L455.956 258.17V257.888C455.834 256.803 455.752 255.757 455.712 254.712V248.761C455.741 248.399 455.765 248.026 455.79 247.647C455.833 246.974 455.878 246.279 455.956 245.585V245.304C456.078 244.178 456.199 243.093 456.403 241.927C457.459 235.454 459.329 231.031 460.142 229.342C460.955 231.031 462.825 235.454 463.881 241.927C464.085 243.052 464.207 244.178 464.329 245.304V245.585C464.45 246.671 464.532 247.716 464.572 248.761ZM464.572 176.951V182.901C464.556 183.107 464.541 183.317 464.526 183.529C464.516 183.69 464.505 183.851 464.495 184.015L464.495 184.016C464.451 184.689 464.406 185.383 464.329 186.078V186.359C464.207 187.485 464.085 188.57 463.881 189.736C462.825 196.209 460.955 200.632 460.142 202.321C459.329 200.632 457.459 196.209 456.403 189.736C456.2 188.611 456.078 187.486 455.956 186.36L455.956 186.359V186.078C455.834 184.992 455.752 183.947 455.712 182.901V176.951C455.741 176.589 455.765 176.216 455.79 175.836C455.833 175.163 455.878 174.469 455.956 173.775V173.493C456.078 172.368 456.199 171.282 456.403 170.116C457.459 163.643 459.329 159.221 460.142 157.532C460.955 159.221 462.825 163.643 463.881 170.116C464.085 171.242 464.207 172.368 464.329 173.493V173.775C464.45 174.86 464.532 175.906 464.572 176.951ZM464.572 105.141V111.091C464.543 111.453 464.519 111.825 464.495 112.204L464.495 112.205C464.451 112.879 464.406 113.573 464.329 114.267V114.549C464.207 115.674 464.085 116.76 463.881 117.926C462.825 124.399 460.955 128.821 460.142 130.51C459.329 128.821 457.459 124.399 456.403 117.926C456.2 116.801 456.078 115.675 455.956 114.55L455.956 114.549V114.267C455.834 113.182 455.752 112.136 455.712 111.091V105.141C455.741 104.778 455.765 104.405 455.79 104.026C455.833 103.353 455.878 102.658 455.956 101.964V101.683C456.078 100.557 456.199 99.4716 456.403 98.3056C457.459 91.8326 459.329 87.4101 460.142 85.7214C460.955 87.4101 462.825 91.8326 463.881 98.3056C464.085 99.4314 464.207 100.557 464.329 101.683V101.964C464.45 103.05 464.532 104.095 464.572 105.141ZM464.572 33.3301V39.2805C464.543 39.6424 464.519 40.0147 464.495 40.3937L464.495 40.3949C464.451 41.0681 464.406 41.7624 464.329 42.4567V42.7381C464.207 43.8639 464.085 44.9494 463.881 46.1154C462.825 52.5884 460.955 57.011 460.142 58.6996C459.329 57.011 457.459 52.5884 456.403 46.1154C456.2 44.9901 456.078 43.8649 455.956 42.7396L455.956 42.7381V42.4567C455.834 41.3712 455.752 40.3258 455.712 39.2805V33.3301C455.741 32.9677 455.765 32.5948 455.79 32.2152C455.833 31.5421 455.878 30.848 455.956 30.1539V29.8724C456.078 28.7467 456.199 27.6612 456.403 26.4952C457.459 20.0222 459.329 15.5996 460.142 13.911C460.955 15.5996 462.825 20.0222 463.881 26.4952C464.085 27.621 464.207 28.7467 464.329 29.8724V30.1539C464.45 31.2394 464.532 32.2848 464.572 33.3301Z" fill="url(#paint28_linear_35097_25798)"/>
<path fill-rule="evenodd" clip-rule="evenodd" d="M724.003 281.849C724.125 282.934 724.207 283.979 724.247 285.025V288H731.604V286.876C731.523 280.604 730.222 274.372 728.027 268.422L726.849 265.246C725.064 260.471 722.834 255.897 719.836 251.802C719.841 251.794 719.848 251.784 719.858 251.775C719.858 251.775 719.858 251.75 719.838 251.72C719.841 251.716 719.844 251.712 719.847 251.708C719.85 251.704 719.854 251.7 719.858 251.696C719.858 251.696 719.858 251.679 719.846 251.656C722.88 247.564 725.107 242.955 726.849 238.226L728.027 235.05C730.182 229.14 731.523 222.908 731.604 216.596V215.066C731.523 208.794 730.222 202.562 728.027 196.611L726.849 193.435C725.064 188.661 722.834 184.086 719.836 179.992C719.839 179.986 719.844 179.98 719.849 179.974C719.852 179.971 719.854 179.968 719.858 179.965C719.858 179.965 719.858 179.963 719.857 179.959C719.857 179.956 719.856 179.953 719.855 179.948C719.853 179.938 719.848 179.925 719.838 179.91C719.843 179.902 719.85 179.894 719.858 179.886C719.858 179.886 719.858 179.869 719.846 179.845C722.88 175.754 725.107 171.145 726.849 166.415L728.027 163.239C730.182 157.329 731.523 151.097 731.604 144.785V143.255C731.523 136.983 730.222 130.751 728.027 124.801L726.849 121.625C725.064 116.85 722.834 112.276 719.836 108.181C719.841 108.173 719.848 108.163 719.858 108.154C719.858 108.154 719.858 108.144 719.853 108.129C719.85 108.12 719.845 108.11 719.838 108.099C719.841 108.095 719.844 108.091 719.847 108.087C719.85 108.083 719.854 108.079 719.858 108.076C719.858 108.076 719.858 108.068 719.855 108.057C719.853 108.051 719.85 108.043 719.846 108.035C722.88 103.943 725.107 99.3342 726.849 94.605L728.027 91.4288C730.182 85.5186 731.523 79.2868 731.604 72.9746V71.4446C731.523 65.1726 730.222 58.9408 728.027 52.9904L726.849 49.8142C725.064 45.0397 722.834 40.4654 719.836 36.3709C719.839 36.3654 719.843 36.3598 719.848 36.3541C719.851 36.3506 719.854 36.3472 719.858 36.3437C719.858 36.3437 719.858 36.3418 719.857 36.3384L719.856 36.3317L719.855 36.3248L719.853 36.3194L719.851 36.3149L719.848 36.3071L719.844 36.2993C719.842 36.2959 719.84 36.2924 719.838 36.2888C719.843 36.2811 719.85 36.2731 719.858 36.2651C719.858 36.2651 719.858 36.2576 719.854 36.246C719.853 36.2397 719.85 36.2323 719.846 36.2242C722.88 32.133 725.107 27.5237 726.849 22.7946L728.027 19.6183C730.182 13.7082 731.523 7.47641 731.604 1.16415V0.0401917H724.247V3.01541C724.218 3.37714 724.194 3.74921 724.17 4.12802V4.12912C724.126 4.80255 724.081 5.49704 724.003 6.19159V6.47302C723.882 7.59875 723.76 8.6843 723.556 9.85025C722.5 16.3233 720.63 20.7459 719.817 22.4345C719.004 20.7459 717.135 16.3233 716.078 9.85025C715.875 8.72452 715.753 7.59875 715.631 6.47302V6.19159C715.509 5.10605 715.427 4.06073 715.387 3.01541V0.0401917H708.03V1.16415C708.111 7.43619 709.412 13.668 711.607 19.6183L712.786 22.7946C714.53 27.5691 716.8 32.1435 719.799 36.238C719.796 36.2421 719.793 36.2462 719.79 36.2505C719.786 36.2553 719.781 36.2602 719.777 36.2651C719.777 36.2651 719.776 36.2753 719.782 36.2906C719.785 36.2992 719.789 36.3093 719.796 36.3201C719.791 36.3278 719.785 36.3358 719.777 36.3437C719.777 36.3437 719.776 36.3612 719.788 36.3846C716.754 40.4758 714.487 45.0851 712.786 49.8142L711.607 52.9904C709.453 58.9006 708.111 65.1324 708.03 71.4446V72.9746C708.111 79.2466 709.412 85.4784 711.607 91.4288L712.786 94.605C714.53 99.3796 716.8 103.954 719.798 108.048C719.793 108.057 719.786 108.066 719.777 108.076C719.777 108.076 719.776 108.1 719.796 108.131C719.793 108.136 719.789 108.141 719.784 108.146C719.782 108.149 719.779 108.151 719.777 108.154C719.777 108.154 719.776 108.172 719.788 108.195C716.754 112.286 714.487 116.896 712.786 121.625L711.607 124.801C709.453 130.711 708.111 136.943 708.03 143.255V144.785C708.111 151.057 709.412 157.289 711.607 163.239L712.786 166.415C714.53 171.19 716.8 175.764 719.798 179.859C719.793 179.868 719.786 179.877 719.777 179.886C719.777 179.886 719.776 179.911 719.796 179.941C719.791 179.949 719.785 179.957 719.777 179.965C719.777 179.965 719.776 179.982 719.788 180.005C716.754 184.097 714.487 188.706 712.786 193.435L711.607 196.611C709.453 202.522 708.111 208.753 708.03 215.066V216.596C708.111 222.868 709.412 229.099 711.607 235.05L712.786 238.226C714.53 243.001 716.8 247.575 719.798 251.669C719.793 251.678 719.786 251.687 719.777 251.696C719.777 251.696 719.776 251.721 719.796 251.752C719.791 251.759 719.785 251.767 719.777 251.775C719.777 251.775 719.776 251.793 719.788 251.816C716.754 255.907 714.487 260.516 712.786 265.246L711.607 268.422C709.453 274.332 708.111 280.564 708.03 286.876V288H715.387V285.025C715.416 284.662 715.44 284.289 715.465 283.91C715.508 283.237 715.553 282.543 715.631 281.849V281.567C715.753 280.441 715.875 279.356 716.078 278.19C717.135 271.717 719.004 267.294 719.817 265.606C720.63 267.294 722.5 271.717 723.556 278.19C723.76 279.315 723.881 280.44 724.003 281.564L724.003 281.567V281.849ZM715.387 141.404C715.416 141.041 715.44 140.669 715.465 140.289C715.508 139.616 715.553 138.922 715.631 138.228V137.946C715.753 136.821 715.875 135.735 716.078 134.569C717.135 128.096 719.004 123.673 719.817 121.985C720.63 123.673 722.5 128.096 723.556 134.569C723.76 135.694 723.881 136.819 724.003 137.944L724.003 137.946V138.228C724.125 139.313 724.207 140.359 724.247 141.404V146.636C724.218 146.998 724.194 147.37 724.17 147.749C724.126 148.422 724.081 149.118 724.003 149.812V150.094C723.882 151.22 723.76 152.305 723.556 153.471C722.5 159.944 720.63 164.367 719.817 166.055C719.004 164.367 717.135 159.944 716.078 153.471C715.875 152.345 715.753 151.22 715.631 150.094V149.812C715.509 148.727 715.427 147.682 715.387 146.636V141.404ZM715.387 213.214C715.416 212.852 715.44 212.479 715.465 212.099C715.508 211.426 715.553 210.732 715.631 210.038V209.757C715.753 208.631 715.875 207.545 716.078 206.379C717.135 199.906 719.004 195.484 719.817 193.795C720.63 195.484 722.5 199.906 723.556 206.379C723.76 207.504 723.881 208.629 724.003 209.754L724.003 209.757V210.038C724.125 211.124 724.207 212.169 724.247 213.214V218.447C724.218 218.809 724.194 219.181 724.17 219.56C724.126 220.234 724.081 220.928 724.003 221.623V221.904C723.882 223.03 723.76 224.116 723.556 225.282C722.5 231.755 720.63 236.177 719.817 237.866C719.004 236.177 717.135 231.755 716.078 225.282C715.875 224.156 715.753 223.03 715.631 221.904V221.623C715.509 220.537 715.427 219.492 715.387 218.447V213.214ZM715.387 69.5934C715.416 69.231 715.44 68.8581 715.465 68.4785C715.508 67.8054 715.553 67.1113 715.631 66.4172V66.1358C715.753 65.01 715.875 63.9245 716.078 62.7586C717.135 56.2855 719.004 51.8629 719.817 50.1743C720.63 51.8629 722.5 56.2855 723.556 62.7586C723.76 63.8834 723.881 65.0082 724.003 66.1331L724.003 66.1358V66.4172C724.125 67.5028 724.207 68.5481 724.247 69.5934V74.8258C724.218 75.1879 724.194 75.5604 724.17 75.9396C724.126 76.613 724.081 77.3075 724.003 78.0021V78.2835C723.882 79.4092 723.76 80.4948 723.556 81.6607C722.5 88.1338 720.63 92.5564 719.817 94.245C719.004 92.5564 717.135 88.1338 716.078 81.6607C715.875 80.535 715.753 79.4092 715.631 78.2835V78.0021C715.509 76.9165 715.427 75.8712 715.387 74.8258V69.5934Z" fill="url(#paint29_linear_35097_25798)"/>
<path fill-rule="evenodd" clip-rule="evenodd" d="M797.734 274.412C795.986 279.156 793.75 283.779 790.702 287.88C790.702 287.88 790.702 287.92 790.661 287.961H790.621C790.621 287.961 790.621 287.92 790.58 287.88C787.572 283.779 785.296 279.196 783.549 274.412L782.37 271.235C780.175 265.285 778.874 259.053 778.793 252.781V250.69C778.874 244.378 780.216 238.146 782.37 232.236L783.549 229.06C785.263 224.407 787.446 219.87 790.405 215.829C787.484 211.79 785.262 207.292 783.549 202.601L782.37 199.425C780.175 193.474 778.874 187.243 778.793 180.971V178.88C778.874 172.568 780.216 166.336 782.37 160.426L783.549 157.25C785.263 152.597 787.446 148.06 790.405 144.019C787.484 139.979 785.262 135.482 783.549 130.791L782.37 127.614C780.175 121.664 778.874 115.432 778.793 109.16V107.07C778.874 100.757 780.216 94.5255 782.37 88.6153L783.549 85.4391C785.263 80.7863 787.446 76.2496 790.405 72.2081C787.484 68.1689 785.262 63.6711 783.549 58.9801L782.37 55.8039C780.175 49.8536 778.874 43.6218 778.793 37.3497V35.259C778.874 28.9468 780.216 22.715 782.37 16.8049L783.549 13.6286C785.296 8.88443 787.532 4.26083 790.58 0.159943C790.58 0.159943 790.58 0.119659 790.621 0.0794678H790.661C790.661 0.0794678 790.661 0.119751 790.702 0.159943C793.71 4.26083 795.986 8.84421 797.734 13.6286L798.912 16.8049C801.107 22.7552 802.408 28.987 802.489 35.259V37.3497C802.408 43.662 801.067 49.8938 798.912 55.8039L797.734 58.9801C796.02 63.6329 793.836 68.1697 790.877 72.2112C793.798 76.2504 796.02 80.7481 797.734 85.4391L798.912 88.6153C801.107 94.5657 802.408 100.797 802.489 107.07V109.16C802.408 115.472 801.067 121.704 798.912 127.614L797.734 130.791C796.02 135.443 793.836 139.98 790.877 144.022C793.798 148.061 796.02 152.559 797.734 157.25L798.912 160.426C801.107 166.376 802.408 172.608 802.489 178.88V180.971C802.408 187.283 801.067 193.515 798.912 199.425L797.734 202.601C796.02 207.254 793.836 211.791 790.877 215.832C793.798 219.871 796.02 224.369 797.734 229.06L798.912 232.236C801.107 238.187 802.408 244.418 802.489 250.69V252.781C802.408 259.093 801.067 265.325 798.912 271.235L797.734 274.412ZM795.132 248.72C795.092 247.675 795.01 246.63 794.888 245.544V245.263L794.888 245.26C794.766 244.135 794.644 243.01 794.441 241.886C793.385 235.412 791.515 230.99 790.702 229.301C789.889 230.99 788.02 235.412 786.963 241.886C786.76 243.051 786.638 244.137 786.516 245.263V245.544C786.438 246.238 786.393 246.932 786.35 247.606C786.325 247.985 786.301 248.358 786.272 248.72V254.671C786.312 255.716 786.394 256.761 786.516 257.847V258.128C786.638 259.254 786.76 260.38 786.963 261.506C788.02 267.979 789.889 272.401 790.702 274.09C791.515 272.401 793.385 267.979 794.441 261.506C794.645 260.34 794.767 259.254 794.888 258.128V257.847C794.966 257.153 795.011 256.458 795.055 255.785L795.055 255.784C795.079 255.405 795.103 255.033 795.132 254.671V248.72ZM795.132 176.91C795.092 175.865 795.01 174.819 794.888 173.734V173.452L794.888 173.45C794.766 172.325 794.644 171.2 794.441 170.075C793.385 163.602 791.515 159.179 790.702 157.491C789.889 159.179 788.02 163.602 786.963 170.075C786.76 171.241 786.638 172.327 786.516 173.452V173.734C786.438 174.428 786.393 175.122 786.35 175.795C786.325 176.175 786.301 176.547 786.272 176.91V182.86C786.312 183.906 786.394 184.951 786.516 186.036V186.318C786.638 187.444 786.76 188.569 786.963 189.695C788.02 196.168 789.889 200.591 790.702 202.279C791.515 200.591 793.385 196.168 794.441 189.695C794.645 188.529 794.767 187.444 794.888 186.318V186.036C794.966 185.342 795.011 184.648 795.055 183.975C795.079 183.596 795.103 183.222 795.132 182.86V176.91ZM795.132 105.099C795.092 104.054 795.01 103.009 794.888 101.923V101.642L794.888 101.639C794.766 100.514 794.644 99.3894 794.441 98.2646C793.385 91.7915 791.515 87.369 790.702 85.6803C789.889 87.369 788.02 91.7915 786.963 98.2646C786.76 99.4305 786.638 100.516 786.516 101.642V101.923C786.438 102.617 786.393 103.311 786.35 103.985C786.325 104.364 786.301 104.737 786.272 105.099V111.05C786.312 112.095 786.394 113.14 786.516 114.226V114.507C786.638 115.633 786.76 116.759 786.963 117.885C788.02 124.358 789.889 128.78 790.702 130.469C791.515 128.78 793.385 124.358 794.441 117.885C794.645 116.719 794.767 115.633 794.888 114.507V114.226C794.966 113.532 795.011 112.837 795.055 112.164L795.055 112.163C795.079 111.784 795.103 111.412 795.132 111.05V105.099ZM795.132 33.289C795.092 32.2437 795.01 31.1983 794.888 30.1128V29.8314L794.888 29.8286C794.766 28.7038 794.644 27.579 794.441 26.4541C793.385 19.9811 791.515 15.5585 790.702 13.8699C789.889 15.5585 788.02 19.9811 786.963 26.4541C786.76 27.6201 786.638 28.7056 786.516 29.8314V30.1128C786.438 30.8069 786.393 31.501 786.35 32.1741C786.325 32.5537 786.301 32.9266 786.272 33.289V39.2394C786.312 40.2847 786.394 41.33 786.516 42.4156V42.697C786.638 43.8227 786.76 44.9485 786.963 46.0742C788.02 52.5473 789.889 56.9699 790.702 58.6585C791.515 56.9699 793.385 52.5473 794.441 46.0742C794.645 44.9083 794.767 43.8227 794.888 42.697V42.4156C794.966 41.7213 795.011 41.027 795.055 40.3538L795.055 40.3515C795.079 39.9729 795.103 39.6009 795.132 39.2394V33.289Z" fill="url(#paint30_linear_35097_25798)"/>
<path fill-rule="evenodd" clip-rule="evenodd" d="M491.067 238.147C489.319 242.892 487.084 247.515 484.035 251.616C484.076 251.656 484.076 251.696 484.076 251.696C484.035 251.737 484.035 251.777 484.035 251.777C487.043 255.878 489.319 260.461 491.067 265.246L492.246 268.422C494.441 274.372 495.741 280.604 495.823 286.876V287.921H488.466V284.946C488.425 283.901 488.344 282.856 488.222 281.77V281.489C488.1 280.363 487.978 279.237 487.775 278.111C486.718 271.638 484.848 267.216 484.035 265.527C483.223 267.216 481.353 271.638 480.296 278.111C480.093 279.277 479.971 280.363 479.849 281.489V281.77C479.771 282.464 479.726 283.158 479.683 283.831C479.659 284.211 479.634 284.584 479.605 284.946V287.921H472.248V286.876C472.33 280.564 473.671 274.332 475.825 268.422L477.004 265.246C478.752 260.501 480.987 255.878 484.035 251.777C483.995 251.737 483.995 251.696 483.995 251.696C484.035 251.656 484.035 251.616 484.035 251.616C481.028 247.515 478.752 242.932 477.004 238.147L475.825 234.971C473.63 229.021 472.33 222.789 472.248 216.517V215.066C472.33 208.753 473.671 202.522 475.825 196.611L477.004 193.435C478.752 188.691 480.987 184.067 484.035 179.966C483.995 179.926 483.995 179.886 483.995 179.886C484.035 179.846 484.035 179.806 484.035 179.806C481.028 175.705 478.752 171.121 477.004 166.337L475.825 163.161C473.63 157.21 472.33 150.978 472.248 144.706V143.255C472.33 136.943 473.671 130.711 475.825 124.801L477.004 121.625C478.752 116.88 480.987 112.257 484.035 108.156C483.995 108.116 483.995 108.076 483.995 108.076C484.035 108.035 484.035 107.995 484.035 107.995C481.028 103.894 478.752 99.3108 477.004 94.5264L475.825 91.3502C473.63 85.3998 472.33 79.168 472.248 72.896V71.4446C472.33 65.1324 473.671 58.9006 475.825 52.9904L477.004 49.8142C478.752 45.07 480.987 40.4464 484.035 36.3455C483.995 36.3053 483.995 36.2651 483.995 36.2651C484.035 36.2249 484.035 36.1847 484.035 36.1847C481.028 32.0837 478.752 27.5003 477.004 22.7159L475.825 19.5397C473.63 13.5893 472.33 7.35751 472.248 1.08554V0.0401917H479.605V3.01541C479.646 4.06073 479.727 5.10605 479.849 6.19159V6.47302L479.849 6.47543C479.971 7.60037 480.093 8.72528 480.296 9.85025C481.353 16.3233 483.223 20.7459 484.035 22.4345C484.848 20.7459 486.718 16.3233 487.775 9.85025C487.978 8.6843 488.1 7.59875 488.222 6.47302V6.19159C488.3 5.49738 488.345 4.80322 488.388 4.13007C488.412 3.75046 488.436 3.37772 488.466 3.01541V0.0401917H495.823V1.08554C495.741 7.39774 494.4 13.6295 492.246 19.5397L491.067 22.7159C489.319 27.4601 487.084 32.0837 484.035 36.1847C484.076 36.2249 484.076 36.2651 484.076 36.2651C484.035 36.3053 484.035 36.3455 484.035 36.3455C487.043 40.4464 489.319 45.0298 491.067 49.8142L492.246 52.9904C494.441 58.9408 495.741 65.1726 495.823 71.4446V72.896C495.741 79.2082 494.4 85.44 492.246 91.3502L491.067 94.5264C489.319 99.2706 487.084 103.894 484.035 107.995C484.076 108.035 484.076 108.076 484.076 108.076C484.035 108.116 484.035 108.156 484.035 108.156C487.043 112.257 489.319 116.84 491.067 121.625L492.246 124.801C494.441 130.751 495.741 136.983 495.823 143.255V144.706C495.741 151.019 494.4 157.25 492.246 163.161L491.067 166.337C489.319 171.081 487.084 175.705 484.035 179.806C484.076 179.846 484.076 179.886 484.076 179.886C484.035 179.926 484.035 179.966 484.035 179.966C487.043 184.067 489.319 188.651 491.067 193.435L492.246 196.611C494.441 202.562 495.741 208.794 495.823 215.066V216.517C495.741 222.829 494.4 229.061 492.246 234.971L491.067 238.147ZM488.466 146.636C488.436 146.999 488.412 147.371 488.388 147.751C488.345 148.424 488.3 149.118 488.222 149.812V150.094C488.1 151.22 487.978 152.305 487.775 153.471C486.718 159.944 484.848 164.367 484.035 166.055C483.223 164.367 481.353 159.944 480.296 153.471C480.093 152.346 479.971 151.221 479.849 150.096L479.849 150.094V149.812C479.727 148.727 479.646 147.682 479.605 146.636V141.325C479.634 140.963 479.659 140.59 479.683 140.211C479.726 139.538 479.771 138.843 479.849 138.149V137.868C479.971 136.742 480.093 135.656 480.296 134.49C481.353 128.017 483.223 123.595 484.035 121.906C484.848 123.595 486.718 128.017 487.775 134.49C487.978 135.616 488.1 136.742 488.222 137.868V138.149C488.344 139.235 488.425 140.28 488.466 141.325V146.636ZM479.605 218.447C479.646 219.492 479.727 220.537 479.849 221.623V221.904L479.849 221.907C479.971 223.032 480.093 224.157 480.296 225.282C481.353 231.755 483.223 236.177 484.035 237.866C484.848 236.177 486.718 231.755 487.775 225.282C487.978 224.116 488.1 223.03 488.222 221.904V221.623C488.3 220.929 488.345 220.235 488.388 219.561L488.388 219.56C488.413 219.181 488.436 218.809 488.466 218.447V213.136C488.425 212.09 488.344 211.045 488.222 209.96V209.678C488.1 208.552 487.978 207.427 487.775 206.301C486.718 199.828 484.848 195.405 484.035 193.717C483.223 195.405 481.353 199.828 480.296 206.301C480.093 207.467 479.971 208.552 479.849 209.678V209.96C479.771 210.654 479.726 211.348 479.683 212.021C479.659 212.4 479.634 212.773 479.605 213.136V218.447ZM479.605 74.8258C479.646 75.8712 479.727 76.9165 479.849 78.0021V78.2835L479.849 78.2859C479.971 79.4108 480.093 80.5358 480.296 81.6607C481.353 88.1337 483.223 92.5563 484.035 94.245C484.848 92.5563 486.718 88.1337 487.775 81.6607C487.978 80.4948 488.1 79.4092 488.222 78.2835V78.0021C488.3 77.3079 488.345 76.6137 488.388 75.9404L488.388 75.9393C488.412 75.5604 488.436 75.1877 488.466 74.8258V69.5148C488.425 68.4695 488.344 67.4241 488.222 66.3386V66.0572C488.1 64.9314 487.978 63.8056 487.775 62.6799C486.718 56.2068 484.848 51.7843 484.035 50.0957C483.223 51.7843 481.353 56.2068 480.296 62.6799C480.093 63.8458 479.971 64.9314 479.849 66.0572V66.3386C479.771 67.0328 479.726 67.7269 479.683 68.4001C479.659 68.7796 479.634 69.1525 479.605 69.5148V74.8258Z" fill="url(#paint31_linear_35097_25798)"/>
<path fill-rule="evenodd" clip-rule="evenodd" d="M531.265 251.616C534.313 247.515 536.549 242.892 538.297 238.147L539.475 234.971C541.629 229.061 542.971 222.829 543.052 216.517V215.066C542.971 208.794 541.67 202.562 539.475 196.611L538.297 193.435C536.508 188.651 534.273 184.067 531.265 179.966C528.216 184.067 525.94 188.691 524.233 193.435L523.055 196.611C520.9 202.522 519.559 208.753 519.478 215.066V216.517C519.559 222.789 520.86 229.021 523.055 234.971L524.233 238.147C525.981 242.932 528.257 247.515 531.265 251.616ZM526.835 213.136C526.864 212.774 526.888 212.401 526.912 212.022C526.956 211.349 527 210.654 527.078 209.96V209.678C527.2 208.552 527.322 207.467 527.526 206.301C528.582 199.828 530.452 195.405 531.265 193.717C532.078 195.405 533.947 199.828 535.004 206.301C535.207 207.427 535.329 208.552 535.451 209.678V209.96C535.573 211.045 535.655 212.09 535.695 213.136V218.447C535.666 218.809 535.642 219.182 535.617 219.561C535.574 220.234 535.529 220.929 535.451 221.623V221.904C535.329 223.03 535.207 224.116 535.004 225.282C533.947 231.755 532.078 236.177 531.265 237.866C530.452 236.177 528.582 231.755 527.526 225.282C527.322 224.157 527.201 223.032 527.079 221.907L527.078 221.904V221.623C526.956 220.537 526.875 219.492 526.835 218.447V213.136Z" fill="url(#paint32_linear_35097_25798)"/>
<path fill-rule="evenodd" clip-rule="evenodd" d="M531.265 251.777C534.273 255.878 536.508 260.461 538.297 265.246L539.475 268.422C541.67 274.372 542.971 280.604 543.052 286.876V287.921H535.695V284.946C535.655 283.901 535.573 282.856 535.451 281.77V281.489C535.329 280.363 535.207 279.237 535.004 278.111C533.947 271.638 532.078 267.216 531.265 265.527C530.452 267.216 528.582 271.638 527.526 278.111C527.322 279.277 527.2 280.363 527.078 281.489V281.77C527 282.464 526.956 283.158 526.912 283.832C526.888 284.211 526.864 284.584 526.835 284.946V287.921H519.478V286.876C519.559 280.564 520.9 274.332 523.055 268.422L524.233 265.246C525.94 260.501 528.216 255.878 531.265 251.777ZM531.265 251.777C531.265 251.777 531.265 251.737 531.306 251.696C531.306 251.696 531.306 251.656 531.265 251.616C531.265 251.616 531.265 251.656 531.224 251.696C531.224 251.696 531.224 251.737 531.265 251.777Z" fill="url(#paint33_linear_35097_25798)"/>
<path d="M531.265 179.806C531.265 179.806 531.265 179.846 531.224 179.886C531.224 179.886 531.224 179.926 531.265 179.966C531.265 179.966 531.265 179.926 531.306 179.886C531.306 179.886 531.306 179.846 531.265 179.806Z" fill="url(#paint34_linear_35097_25798)"/>
<path fill-rule="evenodd" clip-rule="evenodd" d="M543.052 144.706C542.971 151.019 541.629 157.25 539.475 163.161L538.297 166.337C536.549 171.081 534.313 175.705 531.265 179.806C528.257 175.705 525.981 171.121 524.233 166.337L523.055 163.161C520.86 157.21 519.559 150.978 519.478 144.706V143.255C519.559 136.943 520.9 130.711 523.055 124.801L524.233 121.625C525.94 116.88 528.216 112.257 531.265 108.156C531.224 108.116 531.224 108.076 531.224 108.076C531.265 108.035 531.265 107.995 531.265 107.995C528.257 103.894 525.981 99.3108 524.233 94.5264L523.055 91.3502C520.86 85.3998 519.559 79.168 519.478 72.896V71.4446C519.559 65.1324 520.9 58.9006 523.055 52.9904L524.233 49.8142C525.94 45.07 528.216 40.4464 531.265 36.3455C531.224 36.3053 531.224 36.2651 531.224 36.2651C531.265 36.2249 531.265 36.1847 531.265 36.1847C528.257 32.0837 525.981 27.5003 524.233 22.7159L523.055 19.5397C520.86 13.5893 519.559 7.35751 519.478 1.08554V0.0401917H526.835V3.01541C526.875 4.06073 526.956 5.10605 527.078 6.19159V6.47302L527.079 6.47537C527.201 7.60034 527.322 8.72528 527.526 9.85025C528.582 16.3233 530.452 20.7459 531.265 22.4345C532.078 20.7459 533.947 16.3233 535.004 9.85025C535.207 8.6843 535.329 7.59875 535.451 6.47302V6.19159C535.529 5.49744 535.574 4.80325 535.617 4.12988C535.642 3.75043 535.666 3.37769 535.695 3.01541V0.0401917H543.052V1.08554C542.971 7.39774 541.629 13.6295 539.475 19.5397L538.297 22.7159C536.549 27.4601 534.313 32.0837 531.265 36.1847C531.306 36.2249 531.306 36.2651 531.306 36.2651C531.265 36.3053 531.265 36.3455 531.265 36.3455C534.273 40.4464 536.508 45.0298 538.297 49.8142L539.475 52.9904C541.67 58.9408 542.971 65.1726 543.052 71.4446V72.896C542.971 79.2082 541.629 85.44 539.475 91.3502L538.297 94.5264C536.549 99.2706 534.313 103.894 531.265 107.995C531.306 108.035 531.306 108.076 531.306 108.076C531.265 108.116 531.265 108.156 531.265 108.156C534.273 112.257 536.508 116.84 538.297 121.625L539.475 124.801C541.67 130.751 542.971 136.983 543.052 143.255V144.706ZM535.695 146.636C535.666 146.999 535.642 147.371 535.617 147.751C535.574 148.424 535.529 149.118 535.451 149.812V150.094C535.329 151.22 535.207 152.305 535.004 153.471C533.947 159.944 532.078 164.367 531.265 166.055C530.452 164.367 528.582 159.944 527.526 153.471C527.322 152.346 527.201 151.221 527.079 150.096L527.078 150.094V149.812C526.956 148.727 526.875 147.682 526.835 146.636V141.325C526.864 140.963 526.888 140.59 526.912 140.211C526.956 139.538 527 138.843 527.078 138.149V137.868C527.2 136.742 527.322 135.656 527.526 134.49C528.582 128.017 530.452 123.595 531.265 121.906C532.078 123.595 533.947 128.017 535.004 134.49C535.207 135.616 535.329 136.742 535.451 137.868V138.149C535.573 139.235 535.655 140.28 535.695 141.325V146.636ZM526.835 69.5148C526.864 69.1526 526.888 68.78 526.912 68.4007C526.956 67.7276 527 67.0328 527.078 66.3386V66.0572C527.2 64.9314 527.322 63.8458 527.526 62.6799C528.582 56.2068 530.452 51.7843 531.265 50.0957C532.078 51.7843 533.947 56.2068 535.004 62.6799C535.207 63.8056 535.329 64.9314 535.451 66.0572V66.3386C535.573 67.4241 535.655 68.4695 535.695 69.5148V74.8258C535.666 75.188 535.642 75.5607 535.617 75.94C535.574 76.6131 535.529 77.3079 535.451 78.0021V78.2835C535.329 79.4092 535.207 80.4948 535.004 81.6607C533.947 88.1338 532.078 92.5564 531.265 94.245C530.452 92.5564 528.582 88.1338 527.526 81.6607C527.322 80.5358 527.201 79.4108 527.079 78.2859L527.078 78.2835V78.0021C526.956 76.9165 526.875 75.8712 526.835 74.8258V69.5148Z" fill="url(#paint35_linear_35097_25798)"/>
<path fill-rule="evenodd" clip-rule="evenodd" d="M519.356 252.742C519.275 259.054 517.933 265.286 515.779 271.196L514.6 274.372C512.853 279.116 510.617 283.74 507.569 287.841C507.569 287.841 507.569 287.881 507.528 287.921H507.488C507.488 287.921 507.488 287.881 507.447 287.841C504.439 283.74 502.163 279.157 500.415 274.372L499.237 271.196C497.042 265.246 495.741 259.014 495.66 252.742V250.611C495.741 244.299 497.082 238.067 499.237 232.157L500.415 228.981C502.127 224.335 504.305 219.806 507.257 215.769C504.343 211.735 502.126 207.245 500.415 202.562L499.237 199.386C497.042 193.435 495.741 187.203 495.66 180.931V178.8C495.741 172.488 497.082 166.256 499.237 160.346L500.415 157.17C502.127 152.525 504.305 147.995 507.257 143.959C504.343 139.925 502.126 135.434 500.415 130.751L499.237 127.575C497.042 121.625 495.741 115.393 495.66 109.121V106.99C495.741 100.678 497.082 94.446 499.237 88.5358L500.415 85.3596C502.127 80.7145 504.305 76.185 507.257 72.1485C504.343 68.1145 502.126 63.624 500.415 58.9408L499.237 55.7646C497.042 49.8142 495.741 43.5824 495.66 37.3104V35.1795C495.741 28.8673 497.082 22.6355 499.237 16.7253L500.415 13.5491C502.163 8.80487 504.399 4.1813 507.447 0.0804138C507.447 0.0804138 507.447 0.0401917 507.488 0H507.528C507.528 0 507.528 0.0401917 507.569 0.0804138C510.577 4.1813 512.853 8.76468 514.6 13.5491L515.779 16.7253C517.974 22.6757 519.275 28.9075 519.356 35.1795V37.3104C519.275 43.6226 517.933 49.8544 515.779 55.7646L514.6 58.9408C512.889 63.5859 510.71 68.1154 507.759 72.1519C510.673 76.1859 512.89 80.6764 514.6 85.3596L515.779 88.5358C517.974 94.4862 519.275 100.718 519.356 106.99V109.121C519.275 115.433 517.933 121.665 515.779 127.575L514.6 130.751C512.889 135.396 510.71 139.926 507.759 143.962C510.673 147.996 512.89 152.487 514.6 157.17L515.779 160.346C517.974 166.297 519.275 172.528 519.356 178.8V180.931C519.275 187.244 517.933 193.475 515.779 199.386L514.6 202.562C512.889 207.207 510.71 211.736 507.759 215.773C510.673 219.807 512.89 224.297 514.6 228.981L515.779 232.157C517.974 238.107 519.275 244.339 519.356 250.611V252.742ZM511.959 248.761C511.918 247.716 511.837 246.671 511.715 245.585V245.304C511.593 244.178 511.471 243.052 511.268 241.927C510.211 235.454 508.341 231.031 507.528 229.342C506.715 231.031 504.846 235.454 503.789 241.927C503.586 243.093 503.464 244.178 503.342 245.304V245.585C503.264 246.279 503.219 246.974 503.176 247.647C503.151 248.026 503.127 248.399 503.098 248.761V254.712C503.139 255.757 503.22 256.803 503.342 257.888V258.17L503.342 258.172C503.464 259.297 503.586 260.422 503.789 261.547C504.846 268.02 506.715 272.442 507.528 274.131C508.341 272.442 510.211 268.02 511.268 261.547C511.471 260.381 511.593 259.295 511.715 258.17V257.888C511.793 257.194 511.837 256.5 511.881 255.827C511.905 255.447 511.929 255.074 511.959 254.712V248.761ZM511.959 176.951C511.918 175.906 511.837 174.86 511.715 173.775V173.493C511.593 172.368 511.471 171.242 511.268 170.116C510.211 163.643 508.341 159.221 507.528 157.532C506.715 159.221 504.846 163.643 503.789 170.116C503.586 171.282 503.464 172.368 503.342 173.493V173.775C503.264 174.469 503.219 175.163 503.176 175.836L503.176 175.838L503.176 175.839C503.151 176.218 503.127 176.589 503.098 176.951V182.901C503.139 183.947 503.22 184.992 503.342 186.078V186.359L503.342 186.362C503.464 187.487 503.586 188.611 503.789 189.736C504.846 196.209 506.715 200.632 507.528 202.321C508.341 200.632 510.211 196.209 511.268 189.736C511.471 188.57 511.593 187.485 511.715 186.359V186.078C511.793 185.384 511.837 184.689 511.881 184.016C511.905 183.637 511.929 183.264 511.959 182.901V176.951ZM511.959 105.141C511.918 104.095 511.837 103.05 511.715 101.964V101.683C511.593 100.557 511.471 99.4314 511.268 98.3056C510.211 91.8326 508.341 87.4101 507.528 85.7214C506.715 87.4101 504.846 91.8326 503.789 98.3056C503.586 99.4716 503.464 100.557 503.342 101.683V101.964C503.264 102.659 503.219 103.353 503.176 104.026C503.151 104.405 503.127 104.778 503.098 105.141V111.091C503.139 112.136 503.22 113.182 503.342 114.267V114.549L503.342 114.551C503.464 115.676 503.586 116.801 503.789 117.926C504.846 124.399 506.715 128.821 507.528 130.51C508.341 128.821 510.211 124.399 511.268 117.926C511.471 116.76 511.593 115.674 511.715 114.549V114.267C511.793 113.573 511.837 112.879 511.881 112.206C511.905 111.826 511.929 111.453 511.959 111.091V105.141ZM511.959 33.3301C511.918 32.2848 511.837 31.2394 511.715 30.1539V29.8724C511.593 28.7467 511.471 27.621 511.268 26.4952C510.211 20.0222 508.341 15.5996 507.528 13.911C506.715 15.5996 504.846 20.0222 503.789 26.4952C503.586 27.6612 503.464 28.7467 503.342 29.8724V30.1539C503.264 30.8481 503.219 31.5422 503.176 32.2154L503.176 32.2167L503.176 32.218C503.151 32.5966 503.127 32.9686 503.098 33.3301V39.2805C503.139 40.3258 503.22 41.3712 503.342 42.4567V42.7381L503.342 42.7407C503.464 43.8656 503.586 44.9905 503.789 46.1154C504.846 52.5884 506.715 57.011 507.528 58.6996C508.341 57.011 510.211 52.5884 511.268 46.1154C511.471 44.9494 511.593 43.8639 511.715 42.7381V42.4567C511.793 41.7626 511.837 41.0685 511.881 40.3955C511.905 40.0159 511.929 39.6429 511.959 39.2805V33.3301Z" fill="url(#paint36_linear_35097_25798)"/>
<path fill-rule="evenodd" clip-rule="evenodd" d="M566.626 252.742V250.611C566.545 244.339 565.244 238.107 563.049 232.157L561.871 228.981C560.12 224.297 557.941 219.807 555.029 215.773C557.981 211.736 560.159 207.207 561.871 202.562L563.049 199.386C565.203 193.475 566.545 187.244 566.626 180.931V178.8C566.545 172.528 565.244 166.297 563.049 160.346L561.871 157.17C560.12 152.487 557.941 147.996 555.029 143.962C557.981 139.926 560.159 135.396 561.871 130.751L563.049 127.575C565.203 121.665 566.545 115.433 566.626 109.121V106.99C566.545 100.718 565.244 94.4862 563.049 88.5358L561.871 85.3596C560.12 80.6764 557.941 76.1859 555.029 72.1519C557.981 68.1154 560.159 63.5859 561.871 58.9408L563.049 55.7646C565.203 49.8544 566.545 43.6226 566.626 37.3104V35.1795C566.545 28.9075 565.244 22.6757 563.049 16.7253L561.871 13.5491C560.082 8.76468 557.847 4.1813 554.839 0.0804138C554.798 0.0401917 554.798 0 554.798 0H554.758C554.717 0.0401917 554.717 0.0804138 554.717 0.0804138C551.669 4.1813 549.393 8.80487 547.685 13.5491L546.507 16.7253C544.353 22.6355 543.011 28.8673 542.93 35.1795V37.3104C543.011 43.5824 544.312 49.8142 546.507 55.7646L547.685 58.9408C549.396 63.624 551.613 68.1145 554.527 72.1485C551.574 76.185 549.357 80.7145 547.685 85.3596L546.507 88.5358C544.353 94.446 543.011 100.678 542.93 106.99V109.121C543.011 115.393 544.312 121.625 546.507 127.575L547.685 130.751C549.396 135.434 551.613 139.925 554.527 143.959C551.574 147.995 549.357 152.525 547.685 157.17L546.507 160.346C544.353 166.256 543.011 172.488 542.93 178.8V180.931C543.011 187.203 544.312 193.435 546.507 199.386L547.685 202.562C549.396 207.245 551.613 211.735 554.527 215.769C551.574 219.806 549.357 224.335 547.685 228.981L546.507 232.157C544.353 238.067 543.011 244.299 542.93 250.611V252.742C543.011 259.014 544.312 265.246 546.507 271.196L547.685 274.372C549.433 279.157 551.709 283.74 554.717 287.841C554.758 287.881 554.758 287.921 554.758 287.921H554.798C554.839 287.881 554.839 287.841 554.839 287.841C557.887 283.74 560.123 279.116 561.871 274.372L563.049 271.196C565.203 265.286 566.545 259.054 566.626 252.742ZM559.229 248.761V254.712C559.199 255.074 559.175 255.447 559.151 255.827C559.108 256.5 559.063 257.194 558.985 257.888V258.17C558.863 259.295 558.741 260.381 558.538 261.547C557.481 268.02 555.611 272.442 554.798 274.131C553.985 272.442 552.116 268.02 551.059 261.547C550.856 260.422 550.734 259.297 550.612 258.172L550.612 258.17V257.888C550.49 256.803 550.409 255.757 550.368 254.712V248.761C550.397 248.4 550.421 248.029 550.445 247.651L550.446 247.65L550.446 247.648C550.489 246.974 550.534 246.28 550.612 245.585V245.304C550.734 244.178 550.856 243.093 551.059 241.927C552.116 235.454 553.985 231.031 554.798 229.342C555.611 231.031 557.481 235.454 558.538 241.927C558.741 243.052 558.863 244.178 558.985 245.304V245.585C559.107 246.671 559.188 247.716 559.229 248.761ZM559.229 176.951V182.901C559.199 183.264 559.175 183.637 559.151 184.016C559.108 184.689 559.063 185.383 558.985 186.078V186.359C558.863 187.485 558.741 188.57 558.538 189.736C557.481 196.209 555.611 200.632 554.798 202.321C553.985 200.632 552.116 196.209 551.059 189.736C550.856 188.611 550.734 187.487 550.612 186.362L550.612 186.359V186.078C550.49 184.992 550.409 183.947 550.368 182.901V176.951C550.397 176.59 550.421 176.218 550.446 175.839L550.446 175.838L550.446 175.837C550.489 175.163 550.534 174.469 550.612 173.775V173.493C550.734 172.368 550.856 171.282 551.059 170.116C552.116 163.643 553.985 159.221 554.798 157.532C555.611 159.221 557.481 163.643 558.538 170.116C558.741 171.242 558.863 172.368 558.985 173.493V173.775C559.107 174.86 559.188 175.906 559.229 176.951ZM559.229 105.141V111.091C559.199 111.453 559.175 111.826 559.151 112.206C559.108 112.879 559.063 113.573 558.985 114.267V114.549C558.863 115.674 558.741 116.76 558.538 117.926C557.481 124.399 555.611 128.821 554.798 130.51C553.985 128.821 552.116 124.399 551.059 117.926C550.856 116.801 550.734 115.676 550.612 114.551L550.612 114.549V114.267C550.49 113.182 550.409 112.136 550.368 111.091V105.141C550.397 104.78 550.421 104.408 550.445 104.03L550.446 104.029L550.446 104.027C550.489 103.353 550.534 102.659 550.612 101.964V101.683C550.734 100.557 550.856 99.4716 551.059 98.3056C552.116 91.8326 553.985 87.4101 554.798 85.7214C555.611 87.4101 557.481 91.8326 558.538 98.3056C558.741 99.4314 558.863 100.557 558.985 101.683V101.964C559.107 103.05 559.188 104.095 559.229 105.141ZM559.229 33.3301V39.2805C559.199 39.6429 559.175 40.0157 559.151 40.3952C559.108 41.0684 559.063 41.7625 558.985 42.4567V42.7381C558.863 43.8639 558.741 44.9494 558.538 46.1154C557.481 52.5884 555.611 57.011 554.798 58.6996C553.985 57.011 552.116 52.5884 551.059 46.1154C550.856 44.9905 550.734 43.8656 550.612 42.7406L550.612 42.7381V42.4567C550.49 41.3712 550.409 40.3258 550.368 39.2805V33.3301C550.397 32.9687 550.421 32.5969 550.446 32.2185L550.446 32.2172L550.446 32.2157C550.489 31.5424 550.534 30.8482 550.612 30.1539V29.8724C550.734 28.7467 550.856 27.6612 551.059 26.4952C552.116 20.0222 553.985 15.5996 554.798 13.911C555.611 15.5996 557.481 20.0222 558.538 26.4952C558.741 27.621 558.863 28.7467 558.985 29.8724V30.1539C559.107 31.2394 559.188 32.2848 559.229 33.3301Z" fill="url(#paint37_linear_35097_25798)"/>
<path fill-rule="evenodd" clip-rule="evenodd" d="M585.404 238.147C583.656 242.892 581.421 247.515 578.372 251.616C578.413 251.656 578.413 251.696 578.413 251.696C578.373 251.737 578.372 251.777 578.372 251.777C581.38 255.878 583.656 260.461 585.404 265.246L586.583 268.422C588.778 274.372 590.078 280.604 590.16 286.876V287.921H582.803V284.946C582.762 283.901 582.681 282.856 582.559 281.77V281.489L582.559 281.486C582.437 280.361 582.315 279.236 582.112 278.111C581.055 271.638 579.185 267.216 578.372 265.527C577.56 267.216 575.69 271.638 574.633 278.111C574.43 279.277 574.308 280.363 574.186 281.489V281.77C574.108 282.464 574.063 283.158 574.02 283.831C573.996 284.211 573.972 284.584 573.942 284.946V287.921H566.586V286.876C566.667 280.564 568.008 274.332 570.162 268.422L571.341 265.246C573.089 260.501 575.324 255.878 578.372 251.777C578.332 251.737 578.332 251.696 578.332 251.696C578.372 251.656 578.372 251.616 578.372 251.616C575.365 247.515 573.089 242.932 571.341 238.147L570.162 234.971C567.967 229.021 566.667 222.789 566.586 216.517V215.066C566.667 208.753 568.008 202.522 570.162 196.611L571.341 193.435C573.089 188.691 575.324 184.067 578.372 179.966C578.332 179.926 578.332 179.886 578.332 179.886C578.372 179.846 578.372 179.806 578.372 179.806C575.365 175.705 573.089 171.121 571.341 166.337L570.162 163.161C567.967 157.21 566.667 150.978 566.586 144.706V143.255C566.667 136.943 568.008 130.711 570.162 124.801L571.341 121.625C573.089 116.88 575.324 112.257 578.372 108.156C578.332 108.116 578.332 108.076 578.332 108.076C578.372 108.035 578.372 107.995 578.372 107.995C575.365 103.894 573.089 99.3108 571.341 94.5264L570.162 91.3502C567.967 85.3998 566.667 79.168 566.586 72.896V71.4446C566.667 65.1324 568.008 58.9006 570.162 52.9904L571.341 49.8142C573.089 45.07 575.324 40.4464 578.372 36.3455C578.332 36.3053 578.332 36.2651 578.332 36.2651C578.372 36.2249 578.372 36.1847 578.372 36.1847C575.365 32.0837 573.089 27.5003 571.341 22.7159L570.162 19.5397C567.967 13.5893 566.667 7.35751 566.586 1.08554V0.0401917H573.942V3.01541C573.983 4.06073 574.064 5.10605 574.186 6.19159V6.47302L574.186 6.47537C574.308 7.60034 574.43 8.72528 574.633 9.85025C575.69 16.3233 577.56 20.7459 578.372 22.4345C579.185 20.7459 581.055 16.3233 582.112 9.85025C582.315 8.6843 582.437 7.59875 582.559 6.47302V6.19159C582.637 5.49768 582.682 4.80383 582.725 4.13071L582.725 4.12894C582.75 3.75015 582.774 3.37708 582.803 3.01541V0.0401917H590.16V1.08554C590.078 7.39774 588.737 13.6295 586.583 19.5397L585.404 22.7159C583.656 27.4601 581.421 32.0837 578.372 36.1847C578.413 36.2249 578.413 36.2651 578.413 36.2651C578.373 36.3053 578.372 36.3455 578.372 36.3455C581.38 40.4464 583.656 45.0298 585.404 49.8142L586.583 52.9904C588.778 58.9408 590.078 65.1726 590.16 71.4446V72.896C590.078 79.2082 588.737 85.44 586.583 91.3502L585.404 94.5264C583.656 99.2706 581.421 103.894 578.372 107.995C578.413 108.035 578.413 108.076 578.413 108.076C578.373 108.116 578.372 108.156 578.372 108.156C581.38 112.257 583.656 116.84 585.404 121.625L586.583 124.801C588.778 130.751 590.078 136.983 590.16 143.255V144.706C590.078 151.019 588.737 157.25 586.583 163.161L585.404 166.337C583.656 171.081 581.421 175.705 578.372 179.806C578.413 179.846 578.413 179.886 578.413 179.886C578.373 179.926 578.372 179.966 578.372 179.966C581.38 184.067 583.656 188.651 585.404 193.435L586.583 196.611C588.778 202.562 590.078 208.794 590.16 215.066V216.517C590.078 222.829 588.737 229.061 586.583 234.971L585.404 238.147ZM582.803 146.636C582.773 146.998 582.75 147.371 582.725 147.75L582.725 147.751C582.682 148.424 582.637 149.118 582.559 149.812V150.094C582.437 151.22 582.315 152.305 582.112 153.471C581.055 159.944 579.185 164.367 578.372 166.055C577.56 164.367 575.69 159.944 574.633 153.471C574.43 152.346 574.308 151.221 574.186 150.096L574.186 150.094V149.812C574.064 148.727 573.983 147.682 573.942 146.636V141.325C573.972 140.963 573.996 140.59 574.02 140.21C574.063 139.537 574.108 138.843 574.186 138.149V137.868C574.308 136.742 574.43 135.656 574.633 134.49C575.69 128.017 577.56 123.595 578.372 121.906C579.185 123.595 581.055 128.017 582.112 134.49C582.315 135.615 582.437 136.74 582.559 137.865L582.559 137.868V138.149C582.681 139.235 582.762 140.28 582.803 141.325V146.636ZM573.942 218.447C573.983 219.492 574.064 220.537 574.186 221.623V221.904L574.186 221.907C574.308 223.032 574.43 224.157 574.633 225.282C575.69 231.755 577.56 236.177 578.372 237.866C579.185 236.177 581.055 231.755 582.112 225.282C582.315 224.116 582.437 223.03 582.559 221.904V221.623C582.637 220.929 582.682 220.236 582.725 219.563L582.725 219.562L582.725 219.56L582.725 219.559C582.75 219.18 582.774 218.808 582.803 218.447V213.136C582.762 212.09 582.681 211.045 582.559 209.96V209.678L582.559 209.676C582.437 208.551 582.315 207.426 582.112 206.301C581.055 199.828 579.185 195.405 578.372 193.717C577.56 195.405 575.69 199.828 574.633 206.301C574.43 207.467 574.308 208.552 574.186 209.678V209.96C574.108 210.654 574.063 211.348 574.02 212.021C573.996 212.4 573.972 212.773 573.942 213.136V218.447ZM573.942 74.8258C573.983 75.8712 574.064 76.9165 574.186 78.0021V78.2835L574.186 78.2859C574.308 79.4108 574.43 80.5358 574.633 81.6607C575.69 88.1338 577.56 92.5564 578.372 94.245C579.185 92.5564 581.055 88.1338 582.112 81.6607C582.315 80.4948 582.437 79.4092 582.559 78.2835V78.0021C582.637 77.3084 582.682 76.6147 582.725 75.942L582.725 75.9407L582.725 75.9393L582.725 75.938C582.75 75.5594 582.774 75.1874 582.803 74.8258V69.5148C582.762 68.4695 582.681 67.4241 582.559 66.3386V66.0572L582.559 66.0546C582.437 64.9297 582.315 63.8048 582.112 62.6799C581.055 56.2068 579.185 51.7843 578.372 50.0957C577.56 51.7843 575.69 56.2068 574.633 62.6799C574.43 63.8458 574.308 64.9314 574.186 66.0572V66.3386C574.108 67.0327 574.063 67.7269 574.02 68.4C573.996 68.7796 573.972 69.1524 573.942 69.5148V74.8258Z" fill="url(#paint38_linear_35097_25798)"/>
<path fill-rule="evenodd" clip-rule="evenodd" d="M625.643 251.616C628.691 247.515 630.926 242.892 632.674 238.147L633.853 234.971C636.007 229.061 637.348 222.829 637.43 216.517V215.066C637.348 208.794 636.048 202.562 633.853 196.611L632.674 193.435C630.886 188.651 628.65 184.067 625.643 179.966C622.594 184.067 620.318 188.691 618.611 193.435L617.432 196.611C615.278 202.522 613.937 208.753 613.856 215.066V216.517C613.937 222.789 615.237 229.021 617.432 234.971L618.611 238.147C620.359 242.932 622.635 247.515 625.643 251.616ZM621.212 213.136C621.242 212.773 621.266 212.4 621.29 212.021C621.334 211.348 621.378 210.654 621.456 209.96V209.678C621.578 208.552 621.7 207.467 621.903 206.301C622.96 199.828 624.83 195.405 625.643 193.717C626.456 195.405 628.325 199.828 629.382 206.301C629.585 207.427 629.707 208.552 629.829 209.678V209.96C629.951 211.045 630.032 212.09 630.073 213.136V218.447C630.044 218.809 630.02 219.181 629.995 219.56V219.561C629.952 220.235 629.907 220.929 629.829 221.623V221.904C629.707 223.03 629.585 224.116 629.382 225.282C628.325 231.755 626.456 236.177 625.643 237.866C624.83 236.177 622.96 231.755 621.903 225.282C621.7 224.157 621.578 223.032 621.456 221.906L621.456 221.904V221.623C621.334 220.537 621.253 219.492 621.212 218.447V213.136Z" fill="url(#paint39_linear_35097_25798)"/>
<path fill-rule="evenodd" clip-rule="evenodd" d="M625.643 251.777C628.65 255.878 630.886 260.461 632.674 265.246L633.853 268.422C636.048 274.372 637.348 280.604 637.43 286.876V287.921H630.073V284.946C630.032 283.901 629.951 282.856 629.829 281.77V281.489C629.707 280.363 629.585 279.237 629.382 278.111C628.325 271.638 626.456 267.216 625.643 265.527C624.83 267.216 622.96 271.638 621.903 278.111C621.7 279.277 621.578 280.363 621.456 281.489V281.77C621.378 282.464 621.334 283.158 621.29 283.831C621.266 284.211 621.242 284.584 621.212 284.946V287.921H613.856V286.876C613.937 280.564 615.278 274.332 617.432 268.422L618.611 265.246C620.318 260.501 622.594 255.878 625.643 251.777ZM625.643 251.777C625.643 251.777 625.643 251.737 625.683 251.696C625.683 251.696 625.683 251.656 625.643 251.616C625.643 251.616 625.643 251.656 625.602 251.696C625.602 251.696 625.602 251.737 625.643 251.777Z" fill="url(#paint40_linear_35097_25798)"/>
<path d="M625.643 179.806C625.643 179.806 625.643 179.846 625.602 179.886C625.602 179.886 625.602 179.926 625.643 179.966C625.643 179.966 625.643 179.926 625.683 179.886C625.683 179.886 625.683 179.846 625.643 179.806Z" fill="url(#paint41_linear_35097_25798)"/>
<path fill-rule="evenodd" clip-rule="evenodd" d="M637.43 144.706C637.348 151.019 636.007 157.25 633.853 163.161L632.674 166.337C630.926 171.081 628.691 175.705 625.643 179.806C622.635 175.705 620.359 171.121 618.611 166.337L617.432 163.161C615.237 157.21 613.937 150.978 613.856 144.706V143.255C613.937 136.943 615.278 130.711 617.432 124.801L618.611 121.625C620.318 116.88 622.594 112.257 625.643 108.156C625.602 108.116 625.602 108.076 625.602 108.076C625.643 108.035 625.643 107.995 625.643 107.995C622.635 103.894 620.359 99.3108 618.611 94.5264L617.432 91.3502C615.237 85.3998 613.937 79.168 613.856 72.896V71.4446C613.937 65.1324 615.278 58.9006 617.432 52.9904L618.611 49.8142C620.318 45.07 622.594 40.4464 625.643 36.3455C625.602 36.3053 625.602 36.2651 625.602 36.2651C625.643 36.2249 625.643 36.1847 625.643 36.1847C622.635 32.0837 620.359 27.5003 618.611 22.7159L617.432 19.5397C615.237 13.5893 613.937 7.35751 613.856 1.08554V0.0401917H621.212V3.01541C621.253 4.06073 621.334 5.10605 621.456 6.19159V6.47302L621.456 6.47504C621.578 7.60013 621.7 8.72519 621.903 9.85025C622.96 16.3233 624.83 20.7459 625.643 22.4345C626.456 20.7459 628.325 16.3233 629.382 9.85025C629.585 8.6843 629.707 7.59875 629.829 6.47302V6.19159C629.907 5.49738 629.952 4.80319 629.995 4.13C630.02 3.75089 630.044 3.37738 630.073 3.01541V0.0401917H637.43V1.08554C637.348 7.39774 636.007 13.6295 633.853 19.5397L632.674 22.7159C630.926 27.4601 628.691 32.0837 625.643 36.1847C625.683 36.2249 625.683 36.2651 625.683 36.2651C625.643 36.3053 625.643 36.3455 625.643 36.3455C628.65 40.4464 630.886 45.0298 632.674 49.8142L633.853 52.9904C636.048 58.9408 637.348 65.1726 637.43 71.4446V72.896C637.348 79.2082 636.007 85.44 633.853 91.3502L632.674 94.5264C630.926 99.2706 628.691 103.894 625.643 107.995C625.683 108.035 625.683 108.076 625.683 108.076C625.643 108.116 625.643 108.156 625.643 108.156C628.65 112.257 630.886 116.84 632.674 121.625L633.853 124.801C636.048 130.751 637.348 136.983 637.43 143.255V144.706ZM630.073 146.636C630.044 146.998 630.02 147.371 629.995 147.75V147.751C629.952 148.424 629.907 149.118 629.829 149.812V150.094C629.707 151.22 629.585 152.305 629.382 153.471C628.325 159.944 626.456 164.367 625.643 166.055C624.83 164.367 622.96 159.944 621.903 153.471C621.7 152.346 621.578 151.221 621.456 150.096L621.456 150.094V149.812C621.334 148.727 621.253 147.682 621.212 146.636V141.325C621.242 140.963 621.266 140.59 621.29 140.21C621.334 139.537 621.378 138.843 621.456 138.149V137.868C621.578 136.742 621.7 135.656 621.903 134.49C622.96 128.017 624.83 123.595 625.643 121.906C626.456 123.595 628.325 128.017 629.382 134.49C629.585 135.616 629.707 136.742 629.829 137.868V138.149C629.951 139.235 630.032 140.28 630.073 141.325V146.636ZM621.212 69.5148C621.242 69.1524 621.266 68.7795 621.29 68.3999C621.334 67.7268 621.378 67.0327 621.456 66.3386V66.0572C621.578 64.9314 621.7 63.8458 621.903 62.6799C622.96 56.2068 624.83 51.7843 625.643 50.0957C626.456 51.7843 628.325 56.2068 629.382 62.6799C629.585 63.8056 629.707 64.9314 629.829 66.0572V66.3386C629.951 67.4241 630.032 68.4695 630.073 69.5148V74.8258C630.044 75.1878 630.02 75.5602 629.995 75.9393V75.9405C629.952 76.6136 629.907 77.3078 629.829 78.0021V78.2835C629.707 79.4092 629.585 80.4948 629.382 81.6607C628.325 88.1338 626.456 92.5564 625.643 94.245C624.83 92.5564 622.96 88.1338 621.903 81.6607C621.7 80.5356 621.578 79.4106 621.456 78.2855L621.456 78.2835V78.0021C621.334 76.9165 621.253 75.8712 621.212 74.8258V69.5148Z" fill="url(#paint42_linear_35097_25798)"/>
<path fill-rule="evenodd" clip-rule="evenodd" d="M613.693 252.742C613.612 259.054 612.27 265.286 610.116 271.196L608.938 274.372C607.19 279.116 604.954 283.74 601.906 287.841C601.906 287.841 601.906 287.881 601.865 287.921H601.825C601.825 287.921 601.825 287.881 601.784 287.841C598.776 283.74 596.5 279.157 594.752 274.372L593.574 271.196C591.379 265.246 590.078 259.014 589.997 252.742V250.611C590.078 244.299 591.42 238.067 593.574 232.157L594.752 228.981C596.464 224.335 598.643 219.806 601.594 215.769C598.68 211.735 596.463 207.245 594.752 202.562L593.574 199.386C591.379 193.435 590.078 187.203 589.997 180.931V178.8C590.078 172.488 591.42 166.256 593.574 160.346L594.752 157.17C596.464 152.525 598.643 147.995 601.594 143.959C598.68 139.925 596.463 135.434 594.752 130.751L593.574 127.575C591.379 121.625 590.078 115.393 589.997 109.121V106.99C590.078 100.678 591.42 94.446 593.574 88.5358L594.752 85.3596C596.464 80.7145 598.643 76.185 601.594 72.1485C598.68 68.1145 596.463 63.624 594.752 58.9408L593.574 55.7646C591.379 49.8142 590.078 43.5824 589.997 37.3104V35.1795C590.078 28.8673 591.42 22.6355 593.574 16.7253L594.752 13.5491C596.5 8.80487 598.736 4.1813 601.784 0.0804138C601.784 0.0804138 601.784 0.0401917 601.825 0H601.865C601.865 0 601.865 0.0401917 601.906 0.0804138C604.914 4.1813 607.19 8.76468 608.938 13.5491L610.116 16.7253C612.311 22.6757 613.612 28.9075 613.693 35.1795V37.3104C613.612 43.6226 612.27 49.8544 610.116 55.7646L608.938 58.9408C607.226 63.5859 605.048 68.1154 602.096 72.1519C605.01 76.1859 607.227 80.6764 608.938 85.3596L610.116 88.5358C612.311 94.4862 613.612 100.718 613.693 106.99V109.121C613.612 115.433 612.27 121.665 610.116 127.575L608.938 130.751C607.226 135.396 605.048 139.926 602.096 143.962C605.01 147.996 607.227 152.487 608.938 157.17L610.116 160.346C612.311 166.297 613.612 172.528 613.693 178.8V180.931C613.612 187.244 612.27 193.475 610.116 199.386L608.938 202.562C607.226 207.207 605.048 211.736 602.096 215.773C605.01 219.807 607.227 224.297 608.938 228.981L610.116 232.157C612.311 238.107 613.612 244.339 613.693 250.611V252.742ZM606.336 248.761C606.296 247.716 606.214 246.671 606.092 245.585V245.304C605.971 244.178 605.848 243.052 605.645 241.927C604.589 235.454 602.719 231.031 601.906 229.342C601.093 231.031 599.223 235.454 598.167 241.927C597.963 243.093 597.841 244.178 597.72 245.304V245.585C597.642 246.279 597.597 246.974 597.554 247.647C597.529 248.026 597.505 248.399 597.476 248.761V254.712C597.516 255.757 597.598 256.803 597.72 257.888V258.17L597.72 258.172C597.842 259.297 597.964 260.422 598.167 261.547C599.223 268.02 601.093 272.442 601.906 274.131C602.719 272.442 604.589 268.02 605.645 261.547C605.848 260.381 605.971 259.295 606.092 258.17V257.888C606.17 257.194 606.215 256.5 606.258 255.827C606.283 255.448 606.307 255.074 606.336 254.712V248.761ZM606.336 176.951C606.296 175.906 606.214 174.86 606.092 173.775V173.493C605.971 172.368 605.848 171.242 605.645 170.116C604.589 163.643 602.719 159.221 601.906 157.532C601.093 159.221 599.223 163.643 598.167 170.116C597.963 171.282 597.841 172.368 597.72 173.493V173.775C597.642 174.469 597.597 175.163 597.554 175.836C597.529 176.216 597.505 176.589 597.476 176.951V182.901C597.516 183.947 597.598 184.992 597.72 186.078V186.359L597.72 186.362C597.842 187.486 597.964 188.611 598.167 189.736C599.223 196.209 601.093 200.632 601.906 202.321C602.719 200.632 604.589 196.209 605.645 189.736C605.848 188.57 605.971 187.485 606.092 186.359V186.078C606.17 185.384 606.215 184.69 606.258 184.017C606.283 183.637 606.307 183.264 606.336 182.901V176.951ZM606.336 105.141C606.296 104.095 606.214 103.05 606.092 101.964V101.683C605.971 100.557 605.848 99.4314 605.645 98.3056C604.589 91.8326 602.719 87.4101 601.906 85.7214C601.093 87.4101 599.223 91.8326 598.167 98.3056C597.963 99.4716 597.841 100.557 597.72 101.683V101.964C597.642 102.659 597.597 103.353 597.554 104.026C597.529 104.405 597.505 104.778 597.476 105.141V111.091C597.516 112.136 597.598 113.182 597.72 114.267V114.549L597.72 114.551C597.842 115.676 597.964 116.801 598.167 117.926C599.223 124.399 601.093 128.821 601.906 130.51C602.719 128.821 604.589 124.399 605.645 117.926C605.848 116.76 605.971 115.674 606.092 114.549V114.267C606.17 113.573 606.215 112.879 606.258 112.206C606.283 111.827 606.307 111.453 606.336 111.091V105.141ZM606.336 33.3301C606.296 32.2848 606.214 31.2394 606.092 30.1539V29.8724C605.971 28.7467 605.848 27.621 605.645 26.4952C604.589 20.0222 602.719 15.5996 601.906 13.911C601.093 15.5996 599.223 20.0222 598.167 26.4952C597.963 27.6612 597.841 28.7467 597.72 29.8724V30.1539C597.642 30.8481 597.597 31.5422 597.554 32.2153C597.529 32.5949 597.505 32.9677 597.476 33.3301V39.2805C597.516 40.3258 597.598 41.3712 597.72 42.4567V42.7381L597.72 42.7406C597.842 43.8656 597.964 44.9905 598.167 46.1154C599.223 52.5884 601.093 57.011 601.906 58.6996C602.719 57.011 604.589 52.5884 605.645 46.1154C605.848 44.9494 605.971 43.8639 606.092 42.7381V42.4567C606.17 41.7628 606.215 41.0689 606.258 40.3959C606.283 40.0164 606.307 39.6428 606.336 39.2805V33.3301Z" fill="url(#paint43_linear_35097_25798)"/>
<path fill-rule="evenodd" clip-rule="evenodd" d="M660.963 252.742V250.611C660.882 244.339 659.581 238.107 657.386 232.157L656.208 228.981C654.457 224.297 652.278 219.807 649.366 215.773C652.318 211.736 654.496 207.207 656.208 202.562L657.386 199.386C659.541 193.475 660.882 187.244 660.963 180.931V178.8C660.882 172.528 659.581 166.297 657.386 160.346L656.208 157.17C654.457 152.487 652.278 147.996 649.366 143.962C652.318 139.926 654.496 135.396 656.208 130.751L657.386 127.575C659.541 121.665 660.882 115.433 660.963 109.121V106.99C660.882 100.718 659.581 94.4862 657.386 88.5358L656.208 85.3596C654.457 80.6764 652.278 76.1859 649.366 72.1519C652.318 68.1154 654.496 63.5859 656.208 58.9408L657.386 55.7646C659.541 49.8544 660.882 43.6226 660.963 37.3104V35.1795C660.882 28.9075 659.581 22.6757 657.386 16.7253L656.208 13.5491C654.419 8.76468 652.184 4.1813 649.176 0.0804138C649.135 0.0401917 649.135 0 649.135 0H649.095C649.054 0.0401917 649.054 0.0804138 649.054 0.0804138C646.006 4.1813 643.73 8.80487 642.023 13.5491L640.844 16.7253C638.69 22.6355 637.348 28.8673 637.267 35.1795V37.3104C637.348 43.5824 638.649 49.8142 640.844 55.7646L642.023 58.9408C643.733 63.624 645.95 68.1145 648.864 72.1485C645.911 76.185 643.694 80.7145 642.023 85.3596L640.844 88.5358C638.69 94.446 637.348 100.678 637.267 106.99V109.121C637.348 115.393 638.649 121.625 640.844 127.575L642.023 130.751C643.733 135.434 645.95 139.925 648.864 143.959C645.911 147.995 643.694 152.525 642.023 157.17L640.844 160.346C638.69 166.256 637.348 172.488 637.267 178.8V180.931C637.348 187.203 638.649 193.435 640.844 199.386L642.023 202.562C643.733 207.245 645.95 211.735 648.864 215.769C645.911 219.806 643.694 224.335 642.023 228.981L640.844 232.157C638.69 238.067 637.348 244.299 637.267 250.611V252.742C637.348 259.014 638.649 265.246 640.844 271.196L642.023 274.372C643.77 279.157 646.046 283.74 649.054 287.841C649.095 287.881 649.095 287.921 649.095 287.921H649.135C649.176 287.881 649.176 287.841 649.176 287.841C652.224 283.74 654.46 279.116 656.208 274.372L657.386 271.196C659.541 265.286 660.882 259.054 660.963 252.742ZM653.606 248.761V254.712C653.577 255.074 653.553 255.446 653.529 255.825C653.485 256.499 653.44 257.194 653.363 257.888V258.17C653.241 259.295 653.119 260.381 652.915 261.547C651.859 268.02 649.989 272.442 649.176 274.131C648.363 272.442 646.493 268.02 645.437 261.547C645.234 260.422 645.112 259.297 644.99 258.172L644.99 258.17V257.888C644.868 256.803 644.786 255.757 644.746 254.712V248.761C644.775 248.399 644.799 248.027 644.823 247.647C644.867 246.974 644.912 246.28 644.99 245.585V245.304C645.112 244.178 645.234 243.093 645.437 241.927C646.493 235.454 648.363 231.031 649.176 229.342C649.989 231.031 651.859 235.454 652.915 241.927C653.119 243.052 653.241 244.178 653.363 245.304V245.585C653.484 246.671 653.566 247.716 653.606 248.761ZM653.606 176.951V182.901C653.577 183.264 653.553 183.637 653.529 184.016C653.485 184.689 653.44 185.383 653.363 186.078V186.359C653.241 187.485 653.119 188.57 652.915 189.736C651.859 196.209 649.989 200.632 649.176 202.321C648.363 200.632 646.493 196.209 645.437 189.736C645.234 188.611 645.112 187.486 644.99 186.361L644.99 186.359V186.078C644.868 184.992 644.786 183.947 644.746 182.901V176.951C644.775 176.589 644.799 176.216 644.823 175.837C644.867 175.164 644.912 174.469 644.99 173.775V173.493C645.112 172.368 645.234 171.282 645.437 170.116C646.493 163.643 648.363 159.221 649.176 157.532C649.989 159.221 651.859 163.643 652.915 170.116C653.119 171.242 653.241 172.368 653.363 173.493V173.775C653.484 174.86 653.566 175.906 653.606 176.951ZM653.606 105.141V111.091C653.577 111.453 653.553 111.825 653.529 112.204C653.485 112.878 653.44 113.573 653.363 114.267V114.549C653.241 115.674 653.119 116.76 652.915 117.926C651.859 124.399 649.989 128.821 649.176 130.51C648.363 128.821 646.493 124.399 645.437 117.926C645.234 116.801 645.112 115.676 644.99 114.551L644.99 114.549V114.267C644.868 113.182 644.786 112.136 644.746 111.091V105.141C644.775 104.778 644.799 104.406 644.823 104.026C644.867 103.353 644.912 102.659 644.99 101.964V101.683C645.112 100.557 645.234 99.4716 645.437 98.3056C646.493 91.8326 648.363 87.4101 649.176 85.7214C649.989 87.4101 651.859 91.8326 652.915 98.3056C653.119 99.4314 653.241 100.557 653.363 101.683V101.964C653.484 103.05 653.566 104.095 653.606 105.141ZM653.606 33.3301V39.2805C653.577 39.6425 653.553 40.015 653.529 40.3941C653.485 41.0672 653.44 41.7625 653.363 42.4567V42.7381C653.241 43.8639 653.119 44.9494 652.915 46.1154C651.859 52.5884 649.989 57.011 649.176 58.6996C648.363 57.011 646.493 52.5884 645.437 46.1154C645.234 44.9904 645.112 43.8654 644.99 42.7404L644.99 42.7381V42.4567C644.868 41.3712 644.786 40.3258 644.746 39.2805V33.3301C644.775 32.9679 644.799 32.5953 644.823 32.2159C644.867 31.5426 644.912 30.8482 644.99 30.1539V29.8724C645.112 28.7467 645.234 27.6612 645.437 26.4952C646.493 20.0222 648.363 15.5996 649.176 13.911C649.989 15.5996 651.859 20.0222 652.915 26.4952C653.119 27.621 653.241 28.7467 653.363 29.8724V30.1539C653.484 31.2394 653.566 32.2848 653.606 33.3301Z" fill="url(#paint44_linear_35097_25798)"/>
<path fill-rule="evenodd" clip-rule="evenodd" d="M679.782 238.147C678.034 242.892 675.799 247.515 672.75 251.616C672.791 251.656 672.791 251.696 672.791 251.696C672.75 251.737 672.75 251.777 672.75 251.777C675.758 255.878 678.034 260.461 679.782 265.246L680.96 268.422C683.155 274.372 684.456 280.604 684.537 286.876V287.921H677.18V284.946C677.14 283.901 677.058 282.856 676.937 281.77V281.489L676.936 281.486C676.815 280.361 676.693 279.236 676.49 278.111C675.433 271.638 673.563 267.216 672.75 265.527C671.937 267.216 670.068 271.638 669.011 278.111C668.807 279.277 668.686 280.363 668.564 281.489V281.77C668.486 282.464 668.441 283.158 668.398 283.831C668.373 284.211 668.349 284.584 668.32 284.946V287.921H660.963V286.876C661.044 280.564 662.386 274.332 664.54 268.422L665.719 265.246C667.466 260.501 669.702 255.878 672.75 251.777C672.709 251.737 672.709 251.696 672.709 251.696C672.75 251.656 672.75 251.616 672.75 251.616C669.742 247.515 667.466 242.932 665.719 238.147L664.54 234.971C662.345 229.021 661.044 222.789 660.963 216.517V215.066C661.044 208.753 662.386 202.522 664.54 196.611L665.719 193.435C667.466 188.691 669.702 184.067 672.75 179.966C672.709 179.926 672.709 179.886 672.709 179.886C672.75 179.846 672.75 179.806 672.75 179.806C669.742 175.705 667.466 171.121 665.719 166.337L664.54 163.161C662.345 157.21 661.044 150.978 660.963 144.706V143.255C661.044 136.943 662.386 130.711 664.54 124.801L665.719 121.625C667.466 116.88 669.702 112.257 672.75 108.156C672.709 108.116 672.709 108.076 672.709 108.076C672.75 108.035 672.75 107.995 672.75 107.995C669.742 103.894 667.466 99.3108 665.719 94.5264L664.54 91.3502C662.345 85.3998 661.044 79.168 660.963 72.896V71.4446C661.044 65.1324 662.386 58.9006 664.54 52.9904L665.719 49.8142C667.466 45.07 669.702 40.4464 672.75 36.3455C672.709 36.3053 672.709 36.2651 672.709 36.2651C672.75 36.2249 672.75 36.1847 672.75 36.1847C669.742 32.0837 667.466 27.5003 665.719 22.7159L664.54 19.5397C662.345 13.5893 661.044 7.35751 660.963 1.08554V0.0401917H668.32V3.01541C668.36 4.06073 668.442 5.10605 668.564 6.19159V6.47302L668.564 6.47504C668.686 7.60013 668.808 8.72519 669.011 9.85025C670.068 16.3233 671.937 20.7459 672.75 22.4345C673.563 20.7459 675.433 16.3233 676.49 9.85025C676.693 8.6843 676.815 7.59875 676.937 6.47302V6.19159C677.015 5.49738 677.059 4.80319 677.103 4.13C677.127 3.75089 677.151 3.37738 677.18 3.01541V0.0401917H684.537V1.08554C684.456 7.39774 683.115 13.6295 680.96 19.5397L679.782 22.7159C678.034 27.4601 675.799 32.0837 672.75 36.1847C672.791 36.2249 672.791 36.2651 672.791 36.2651C672.75 36.3053 672.75 36.3455 672.75 36.3455C675.758 40.4464 678.034 45.0298 679.782 49.8142L680.96 52.9904C683.155 58.9408 684.456 65.1726 684.537 71.4446V72.896C684.456 79.2082 683.115 85.44 680.96 91.3502L679.782 94.5264C678.034 99.2706 675.799 103.894 672.75 107.995C672.791 108.035 672.791 108.076 672.791 108.076C672.75 108.116 672.75 108.156 672.75 108.156C675.758 112.257 678.034 116.84 679.782 121.625L680.96 124.801C683.155 130.751 684.456 136.983 684.537 143.255V144.706C684.456 151.019 683.115 157.25 680.96 163.161L679.782 166.337C678.034 171.081 675.799 175.705 672.75 179.806C672.791 179.846 672.791 179.886 672.791 179.886C672.75 179.926 672.75 179.966 672.75 179.966C675.758 184.067 678.034 188.651 679.782 193.435L680.96 196.611C683.155 202.562 684.456 208.794 684.537 215.066V216.517C684.456 222.829 683.115 229.061 680.96 234.971L679.782 238.147ZM677.18 146.636C677.151 146.999 677.127 147.371 677.103 147.751C677.059 148.424 677.015 149.118 676.937 149.812V150.094C676.815 151.22 676.693 152.305 676.49 153.471C675.433 159.944 673.563 164.367 672.75 166.055C671.937 164.367 670.068 159.944 669.011 153.471C668.808 152.346 668.686 151.221 668.564 150.096L668.564 150.094V149.812C668.442 148.727 668.36 147.682 668.32 146.636V141.325C668.349 140.963 668.373 140.59 668.398 140.21C668.441 139.537 668.486 138.843 668.564 138.149V137.868C668.686 136.742 668.807 135.656 669.011 134.49C670.068 128.017 671.937 123.595 672.75 121.906C673.563 123.595 675.433 128.017 676.49 134.49C676.693 135.615 676.815 136.74 676.936 137.865L676.937 137.868V138.149C677.058 139.235 677.14 140.28 677.18 141.325V146.636ZM668.32 218.447C668.36 219.492 668.442 220.537 668.564 221.623V221.904L668.564 221.906C668.686 223.032 668.808 224.157 669.011 225.282C670.068 231.755 671.937 236.177 672.75 237.866C673.563 236.177 675.433 231.755 676.49 225.282C676.693 224.116 676.815 223.03 676.937 221.904V221.623C677.015 220.929 677.059 220.235 677.103 219.561L677.103 219.56C677.127 219.181 677.151 218.809 677.18 218.447V213.136C677.14 212.09 677.058 211.045 676.937 209.96V209.678L676.936 209.676C676.815 208.551 676.693 207.426 676.49 206.301C675.433 199.828 673.563 195.405 672.75 193.717C671.937 195.405 670.068 199.828 669.011 206.301C668.807 207.467 668.686 208.552 668.564 209.678V209.96C668.486 210.654 668.441 211.348 668.398 212.021C668.373 212.4 668.349 212.773 668.32 213.136V218.447ZM668.32 74.8258C668.36 75.8712 668.442 76.9165 668.564 78.0021V78.2835L668.564 78.2855C668.686 79.4106 668.808 80.5356 669.011 81.6607C670.068 88.1338 671.937 92.5564 672.75 94.245C673.563 92.5564 675.433 88.1338 676.49 81.6607C676.693 80.4948 676.815 79.4092 676.937 78.2835V78.0021C677.015 77.3078 677.059 76.6136 677.103 75.9405L677.103 75.9393C677.127 75.5602 677.151 75.1878 677.18 74.8258V69.5148C677.14 68.4695 677.058 67.4241 676.937 66.3386V66.0572L676.936 66.055C676.815 64.93 676.693 63.8049 676.49 62.6799C675.433 56.2068 673.563 51.7843 672.75 50.0957C671.937 51.7843 670.068 56.2068 669.011 62.6799C668.807 63.8458 668.686 64.9314 668.564 66.0572V66.3386C668.486 67.0327 668.441 67.7268 668.398 68.3999C668.373 68.7795 668.349 69.1524 668.32 69.5148V74.8258Z" fill="url(#paint45_linear_35097_25798)"/>
<path fill-rule="evenodd" clip-rule="evenodd" d="M708.071 252.742V250.611C707.989 244.339 706.689 238.107 704.494 232.157L703.315 228.981C701.604 224.297 699.387 219.807 696.474 215.773C699.425 211.736 701.604 207.207 703.315 202.562L704.494 199.386C706.648 193.475 707.989 187.244 708.071 180.931V178.8C707.989 172.528 706.689 166.297 704.494 160.346L703.315 157.17C701.604 152.487 699.387 147.996 696.474 143.962C699.425 139.926 701.604 135.396 703.315 130.751L704.494 127.575C706.648 121.665 707.989 115.433 708.071 109.121V106.99C707.989 100.718 706.689 94.4862 704.494 88.5358L703.315 85.3596C701.604 80.6764 699.387 76.1859 696.474 72.1519C699.425 68.1154 701.604 63.5859 703.315 58.9408L704.494 55.7646C706.648 49.8544 707.989 43.6226 708.071 37.3104V35.1795C707.989 28.9075 706.689 22.6757 704.494 16.7253L703.315 13.5491C701.567 8.76468 699.291 4.1813 696.284 0.0804138C696.243 0.0401917 696.243 0 696.243 0H696.202C696.162 0.0401917 696.162 0.0804138 696.162 0.0804138C693.113 4.1813 690.878 8.80487 689.13 13.5491L687.951 16.7253C685.797 22.6355 684.456 28.8673 684.375 35.1795V37.3104C684.456 43.5824 685.756 49.8142 687.951 55.7646L689.13 58.9408C690.841 63.624 693.058 68.1145 695.972 72.1485C693.02 76.185 690.841 80.7145 689.13 85.3596L687.951 88.5358C685.797 94.446 684.456 100.678 684.375 106.99V109.121C684.456 115.393 685.756 121.625 687.951 127.575L689.13 130.751C690.841 135.434 693.058 139.925 695.972 143.959C693.02 147.995 690.841 152.525 689.13 157.17L687.951 160.346C685.797 166.256 684.456 172.488 684.375 178.8V180.931C684.456 187.203 685.756 193.435 687.951 199.386L689.13 202.562C690.841 207.245 693.058 211.735 695.972 215.769C693.02 219.806 690.841 224.335 689.13 228.981L687.951 232.157C685.797 238.067 684.456 244.299 684.375 250.611V252.742C684.456 259.014 685.756 265.246 687.951 271.196L689.13 274.372C690.878 279.157 693.154 283.74 696.162 287.841C696.202 287.881 696.202 287.921 696.202 287.921H696.243C696.284 287.881 696.284 287.841 696.284 287.841C699.332 283.74 701.567 279.116 703.315 274.372L704.494 271.196C706.648 265.286 707.989 259.054 708.071 252.742ZM700.673 248.761V254.712C700.644 255.074 700.62 255.447 700.595 255.826C700.552 256.5 700.507 257.194 700.429 257.888V258.17C700.307 259.295 700.186 260.381 699.982 261.547C698.926 268.02 697.056 272.442 696.243 274.131C695.43 272.442 693.56 268.02 692.504 261.547C692.3 260.422 692.179 259.297 692.057 258.172L692.056 258.17V257.888C691.935 256.803 691.853 255.757 691.813 254.712V248.761C691.842 248.399 691.866 248.026 691.89 247.647C691.934 246.973 691.979 246.279 692.056 245.585V245.304C692.178 244.178 692.3 243.093 692.504 241.927C693.56 235.454 695.43 231.031 696.243 229.342C697.056 231.031 698.926 235.454 699.982 241.927C700.185 243.052 700.307 244.177 700.429 245.302L700.429 245.304V245.585C700.551 246.671 700.633 247.716 700.673 248.761ZM700.673 176.951V182.901C700.644 183.264 700.62 183.637 700.595 184.016C700.552 184.689 700.507 185.383 700.429 186.078V186.359C700.307 187.485 700.186 188.57 699.982 189.736C698.926 196.209 697.056 200.632 696.243 202.321C695.43 200.632 693.56 196.209 692.504 189.736C692.3 188.611 692.179 187.486 692.057 186.361L692.056 186.359V186.078C691.935 184.992 691.853 183.947 691.813 182.901V176.951C691.842 176.589 691.866 176.216 691.89 175.836C691.934 175.163 691.979 174.469 692.056 173.775V173.493C692.178 172.368 692.3 171.282 692.504 170.116C693.56 163.643 695.43 159.221 696.243 157.532C697.056 159.221 698.926 163.643 699.982 170.116C700.185 171.241 700.307 172.366 700.429 173.491L700.429 173.493V173.775C700.551 174.86 700.633 175.906 700.673 176.951ZM700.673 105.141V111.091C700.644 111.453 700.62 111.826 700.595 112.206C700.552 112.879 700.507 113.573 700.429 114.267V114.549C700.307 115.674 700.186 116.76 699.982 117.926C698.926 124.399 697.056 128.821 696.243 130.51C695.43 128.821 693.56 124.399 692.504 117.926C692.3 116.801 692.179 115.676 692.057 114.551L692.056 114.549V114.267C691.935 113.182 691.853 112.136 691.813 111.091V105.141C691.842 104.778 691.866 104.405 691.89 104.026C691.934 103.353 691.979 102.658 692.056 101.964V101.683C692.178 100.557 692.3 99.4716 692.504 98.3056C693.56 91.8326 695.43 87.4101 696.243 85.7214C697.056 87.4101 698.926 91.8326 699.982 98.3056C700.185 99.4307 700.307 100.556 700.429 101.681L700.429 101.683V101.964C700.551 103.05 700.633 104.095 700.673 105.141ZM700.673 33.3301V39.2805C700.644 39.6425 700.62 40.015 700.596 40.3941C700.552 41.0672 700.507 41.7625 700.429 42.4567V42.7381C700.307 43.8639 700.186 44.9494 699.982 46.1154C698.926 52.5884 697.056 57.011 696.243 58.6996C695.43 57.011 693.56 52.5884 692.504 46.1154C692.3 44.9904 692.179 43.8654 692.057 42.7404L692.056 42.7381V42.4567C691.935 41.3712 691.853 40.3258 691.813 39.2805V33.3301C691.842 32.9677 691.866 32.5948 691.89 32.2152C691.934 31.5421 691.979 30.848 692.056 30.1539V29.8724C692.178 28.7467 692.3 27.6612 692.504 26.4952C693.56 20.0222 695.43 15.5996 696.243 13.911C697.056 15.5996 698.926 20.0222 699.982 26.4952C700.185 27.6202 700.307 28.7453 700.429 29.8703L700.429 29.8724V30.1539C700.551 31.2394 700.633 32.2848 700.673 33.3301Z" fill="url(#paint46_linear_35097_25798)"/>
<path fill-rule="evenodd" clip-rule="evenodd" d="M755.422 252.742V250.732C755.341 244.46 754.04 238.228 751.845 232.277L750.667 229.101C748.907 224.395 746.715 219.882 743.781 215.833C746.755 211.781 748.947 207.23 750.667 202.562L751.845 199.386C754 193.475 755.341 187.244 755.422 180.931V178.921C755.341 172.649 754.04 166.417 751.845 160.467L750.667 157.291C748.907 152.584 746.715 148.072 743.781 144.022C746.755 139.971 748.947 135.419 750.667 130.751L751.845 127.575C754 121.665 755.341 115.433 755.422 109.121V107.111C755.341 100.839 754.04 94.6068 751.845 88.6564L750.667 85.4802C748.907 80.7736 746.715 76.2615 743.781 72.2118C746.755 68.1603 748.947 63.6089 750.667 58.9408L751.845 55.7646C754 49.8544 755.341 43.6227 755.422 37.3104V35.3001C755.341 29.0282 754.04 22.7964 751.845 16.846L750.667 13.6697C748.878 8.88535 746.643 4.30194 743.635 0.201019C743.626 0.192169 743.619 0.183319 743.614 0.174896C743.607 0.164886 743.603 0.155487 743.6 0.1474C743.594 0.131409 743.594 0.120605 743.594 0.120605H743.554C743.513 0.160828 743.513 0.201019 743.513 0.201019C740.465 4.30194 738.189 8.92554 736.482 13.6697L735.303 16.846C733.149 22.7561 731.807 28.9879 731.726 35.3001V37.3104C731.807 43.5824 733.108 49.8142 735.303 55.7646L736.482 58.9408C738.201 63.6475 740.432 68.1596 743.367 72.2092C740.392 76.2608 738.161 80.8121 736.482 85.4802L735.303 88.6564C733.149 94.5666 731.807 100.798 731.726 107.111V109.121C731.807 115.393 733.108 121.625 735.303 127.575L736.482 130.751C738.201 135.458 740.432 139.97 743.367 144.02C740.392 148.071 738.161 152.623 736.482 157.291L735.303 160.467C733.149 166.377 731.807 172.609 731.726 178.921V180.931C731.807 187.203 733.108 193.435 735.303 199.386L736.482 202.562C738.201 207.268 740.432 211.78 743.367 215.83C740.392 219.882 738.161 224.433 736.482 229.101L735.303 232.277C733.149 238.188 731.807 244.419 731.726 250.732V252.742C731.807 259.014 733.108 265.246 735.303 271.196L736.482 274.372C738.229 279.157 740.505 283.74 743.513 287.841C743.554 287.881 743.554 287.921 743.554 287.921H743.594C743.635 287.881 743.635 287.841 743.635 287.841C746.683 283.74 748.919 279.116 750.667 274.372L751.845 271.196C754 265.286 755.341 259.054 755.422 252.742ZM747.74 245.666C747.862 246.751 747.943 247.797 747.984 248.842V254.672C747.955 255.034 747.931 255.406 747.906 255.785L747.906 255.786C747.863 256.459 747.818 257.154 747.74 257.848V258.129C747.618 259.255 747.496 260.341 747.293 261.507C746.236 267.98 744.367 272.402 743.554 274.091C742.741 272.402 740.871 267.98 739.814 261.507C739.611 260.381 739.489 259.255 739.367 258.129V257.848C739.245 256.762 739.164 255.717 739.123 254.672V248.842C739.153 248.48 739.177 248.108 739.201 247.728C739.245 247.055 739.289 246.36 739.367 245.666V245.384C739.489 244.259 739.611 243.173 739.814 242.007C740.871 235.534 742.741 231.111 743.554 229.423C744.367 231.111 746.236 235.534 747.293 242.007C747.496 243.133 747.618 244.259 747.74 245.384V245.666ZM747.74 173.855C747.862 174.941 747.943 175.986 747.984 177.031V182.861C747.955 183.223 747.931 183.596 747.906 183.975L747.906 183.976C747.863 184.649 747.818 185.343 747.74 186.037V186.319C747.618 187.445 747.496 188.53 747.293 189.696C746.236 196.169 744.367 200.592 743.554 202.28C742.741 200.592 740.871 196.169 739.814 189.696C739.611 188.57 739.489 187.445 739.367 186.319V186.037C739.245 184.952 739.164 183.907 739.123 182.861V177.031C739.153 176.669 739.177 176.297 739.201 175.918L739.201 175.917C739.245 175.244 739.289 174.549 739.367 173.855V173.574C739.489 172.448 739.611 171.363 739.814 170.197C740.871 163.724 742.741 159.301 743.554 157.612C744.367 159.301 746.236 163.724 747.293 170.197C747.496 171.322 747.618 172.448 747.74 173.574V173.855ZM747.74 102.045C747.862 103.13 747.943 104.176 747.984 105.221V111.051C747.955 111.413 747.931 111.785 747.906 112.164L747.906 112.165C747.863 112.839 747.818 113.533 747.74 114.227V114.508C747.618 115.634 747.496 116.72 747.293 117.886C746.236 124.359 744.367 128.781 743.554 130.47C742.741 128.781 740.871 124.359 739.814 117.886C739.611 116.76 739.489 115.634 739.367 114.508V114.227C739.245 113.141 739.164 112.096 739.123 111.051V105.221C739.153 104.859 739.177 104.487 739.201 104.108C739.245 103.434 739.289 102.739 739.367 102.045V101.763C739.489 100.638 739.611 99.5521 739.814 98.3861C740.871 91.9131 742.741 87.4905 743.554 85.8018C744.367 87.4905 746.236 91.9131 747.293 98.3861C747.496 99.5119 747.618 100.638 747.74 101.763V102.045ZM747.74 30.2343C747.862 31.3198 747.943 32.3652 747.984 33.4105V39.2403C747.955 39.6023 747.931 39.9747 747.906 40.3537L747.906 40.3549C747.863 41.0281 747.818 41.7223 747.74 42.4165V42.6979C747.618 43.8237 747.496 44.9092 747.293 46.0751C746.236 52.5482 744.367 56.9708 743.554 58.6594C742.741 56.9708 740.871 52.5482 739.814 46.0751C739.611 44.9494 739.489 43.8237 739.367 42.6979V42.4165C739.245 41.3309 739.164 40.2856 739.123 39.2403V33.4105C739.153 33.0486 739.177 32.6762 739.201 32.2971L739.201 32.296C739.245 31.6228 739.289 30.9285 739.367 30.2343V29.9529C739.489 28.8271 739.611 27.7416 739.814 26.5756C740.871 20.1026 742.741 15.68 743.554 13.9914C744.367 15.68 746.236 20.1026 747.293 26.5756C747.496 27.7014 747.618 28.8271 747.74 29.9529V30.2343Z" fill="url(#paint47_linear_35097_25798)"/>
<path fill-rule="evenodd" clip-rule="evenodd" d="M774.2 238.147C772.452 242.892 770.217 247.515 767.169 251.616C767.209 251.656 767.209 251.696 767.209 251.696C767.169 251.737 767.169 251.777 767.169 251.777C770.176 255.878 772.452 260.461 774.2 265.246L775.379 268.422C777.574 274.372 778.874 280.604 778.956 286.876V287.921H771.599V284.946C771.558 283.901 771.477 282.856 771.355 281.77V281.489C771.233 280.363 771.111 279.237 770.908 278.111C769.851 271.638 767.982 267.216 767.169 265.527C766.356 267.216 764.486 271.638 763.429 278.111C763.226 279.277 763.104 280.363 762.982 281.489V281.77C762.904 282.464 762.86 283.157 762.816 283.83L762.816 283.832C762.792 284.211 762.768 284.584 762.738 284.946V287.921H755.382V286.876C755.463 280.564 756.804 274.332 758.958 268.422L760.137 265.246C761.885 260.501 764.12 255.878 767.169 251.777C767.128 251.737 767.128 251.696 767.128 251.696C767.169 251.656 767.169 251.616 767.169 251.616C764.161 247.515 761.885 242.932 760.137 238.147L758.958 234.971C756.763 229.021 755.463 222.789 755.382 216.517V215.066C755.463 208.753 756.804 202.522 758.958 196.611L760.137 193.435C761.885 188.691 764.12 184.067 767.169 179.966C767.128 179.926 767.128 179.886 767.128 179.886C767.169 179.846 767.169 179.806 767.169 179.806C764.161 175.705 761.885 171.121 760.137 166.337L758.958 163.161C756.763 157.21 755.463 150.978 755.382 144.706V143.255C755.463 136.943 756.804 130.711 758.958 124.801L760.137 121.625C761.885 116.88 764.12 112.257 767.169 108.156C767.128 108.116 767.128 108.076 767.128 108.076C767.169 108.035 767.169 107.995 767.169 107.995C764.161 103.894 761.885 99.3108 760.137 94.5264L758.958 91.3502C756.763 85.3998 755.463 79.168 755.382 72.896V71.4446C755.463 65.1324 756.804 58.9006 758.958 52.9904L760.137 49.8142C761.885 45.07 764.12 40.4464 767.169 36.3455C767.128 36.3053 767.128 36.2651 767.128 36.2651C767.169 36.2249 767.169 36.1847 767.169 36.1847C764.161 32.0837 761.885 27.5003 760.137 22.7159L758.958 19.5397C756.763 13.5893 755.463 7.35751 755.382 1.08554V0.0401917H762.738V3.01541C762.779 4.06073 762.86 5.10605 762.982 6.19159V6.47302L762.983 6.47711C763.104 7.6015 763.226 8.72586 763.429 9.85025C764.486 16.3233 766.356 20.7459 767.169 22.4345C767.982 20.7459 769.851 16.3233 770.908 9.85025C771.111 8.6843 771.233 7.59875 771.355 6.47302V6.19159C771.433 5.4975 771.478 4.80341 771.521 4.13034L771.53 3.9975L771.545 3.76566C771.562 3.51157 771.579 3.26108 771.599 3.01541V0.0401917H778.956V1.08554C778.874 7.39774 777.533 13.6295 775.379 19.5397L774.2 22.7159C772.452 27.4601 770.217 32.0837 767.169 36.1847C767.209 36.2249 767.209 36.2651 767.209 36.2651C767.197 36.2773 767.188 36.2894 767.182 36.3005C767.18 36.3042 767.179 36.3077 767.177 36.3111L767.174 36.319C767.169 36.3348 767.169 36.3455 767.169 36.3455C770.176 40.4464 772.452 45.0298 774.2 49.8142L775.379 52.9904C777.574 58.9408 778.874 65.1726 778.956 71.4446V72.896C778.874 79.2082 777.533 85.44 775.379 91.3502L774.2 94.5264C772.452 99.2706 770.217 103.894 767.169 107.995C767.209 108.035 767.209 108.076 767.209 108.076C767.169 108.116 767.169 108.156 767.169 108.156C770.176 112.257 772.452 116.84 774.2 121.625L775.379 124.801C777.574 130.751 778.874 136.983 778.956 143.255V144.706C778.874 151.019 777.533 157.25 775.379 163.161L774.2 166.337C772.452 171.081 770.217 175.705 767.169 179.806C767.209 179.846 767.209 179.886 767.209 179.886C767.189 179.906 767.179 179.925 767.174 179.94C767.169 179.956 767.169 179.966 767.169 179.966C770.176 184.067 772.452 188.651 774.2 193.435L775.379 196.611C777.574 202.562 778.874 208.794 778.956 215.066V216.517C778.874 222.829 777.533 229.061 775.379 234.971L774.2 238.147ZM771.599 146.636C771.57 146.995 771.546 147.363 771.522 147.739L771.522 147.742L771.522 147.744L771.522 147.746L771.522 147.747L771.521 147.748L771.521 147.75L771.521 147.751C771.478 148.424 771.433 149.118 771.355 149.812V150.094C771.233 151.22 771.111 152.305 770.908 153.471C769.851 159.944 767.982 164.367 767.169 166.055C766.356 164.367 764.486 159.944 763.429 153.471C763.226 152.347 763.104 151.222 762.983 150.098L762.982 150.094V149.812C762.86 148.727 762.779 147.682 762.738 146.636V141.325C762.768 140.963 762.792 140.591 762.816 140.212L762.816 140.21C762.86 139.537 762.904 138.843 762.982 138.149V137.868C763.104 136.742 763.226 135.656 763.429 134.49C764.486 128.017 766.356 123.595 767.169 121.906C767.982 123.595 769.851 128.017 770.908 134.49C771.111 135.616 771.233 136.742 771.355 137.868V138.149C771.477 139.235 771.558 140.28 771.599 141.325V146.636ZM762.738 218.447C762.779 219.492 762.86 220.537 762.982 221.623V221.904L762.983 221.909C763.104 223.033 763.226 224.157 763.429 225.282C764.486 231.755 766.356 236.177 767.169 237.866C767.982 236.177 769.851 231.755 770.908 225.282C771.111 224.116 771.233 223.03 771.355 221.904V221.623C771.433 220.929 771.478 220.235 771.521 219.562L771.521 219.559L771.521 219.558C771.546 219.18 771.57 218.808 771.599 218.447V213.136C771.558 212.09 771.477 211.045 771.355 209.96V209.678C771.233 208.552 771.111 207.427 770.908 206.301C769.851 199.828 767.982 195.405 767.169 193.717C766.356 195.405 764.486 199.828 763.429 206.301C763.226 207.467 763.104 208.552 762.982 209.678V209.96C762.904 210.653 762.86 211.347 762.816 212.02L762.816 212.021C762.792 212.4 762.768 212.774 762.738 213.136V218.447ZM762.738 74.8258C762.779 75.8712 762.86 76.9165 762.982 78.0021V78.2835L762.983 78.2876C763.104 79.412 763.226 80.5363 763.429 81.6607C764.486 88.1338 766.356 92.5564 767.169 94.245C767.982 92.5564 769.851 88.1338 770.908 81.6607C771.111 80.4948 771.233 79.4092 771.355 78.2835V78.0021C771.433 77.308 771.478 76.6139 771.521 75.9408L771.521 75.9385L771.521 75.9371L771.522 75.9355C771.546 75.5577 771.57 75.1866 771.599 74.8258V69.5148C771.558 68.4695 771.477 67.4241 771.355 66.3386V66.0572C771.233 64.9314 771.111 63.8056 770.908 62.6799C769.851 56.2068 767.982 51.7843 767.169 50.0957C766.356 51.7843 764.486 56.2068 763.429 62.6799C763.226 63.8458 763.104 64.9314 762.982 66.0572V66.3386C762.904 67.0323 762.86 67.7261 762.816 68.3988L762.816 68.4003C762.792 68.7794 762.768 69.1528 762.738 69.5148V74.8258Z" fill="url(#paint48_linear_35097_25798)"/>
<path fill-rule="evenodd" clip-rule="evenodd" d="M821.552 238.147C819.804 242.892 817.568 247.515 814.52 251.616C814.561 251.656 814.561 251.696 814.561 251.696C814.52 251.737 814.52 251.777 814.52 251.777C817.528 255.878 819.763 260.461 821.552 265.246L822.73 268.422C824.925 274.372 826.226 280.604 826.307 286.876V287.921H818.95V284.946C818.91 283.901 818.828 282.856 818.706 281.77V281.489C818.585 280.363 818.463 279.237 818.259 278.111C817.203 271.638 815.333 267.216 814.52 265.527C813.707 267.216 811.837 271.638 810.781 278.111C810.577 279.277 810.456 280.363 810.334 281.489V281.77C810.256 282.464 810.211 283.159 810.167 283.832L810.167 283.833L810.167 283.834L810.167 283.836L810.167 283.837L810.167 283.839L810.167 283.841L810.167 283.843C810.143 284.219 810.119 284.587 810.09 284.946V287.921H802.733V286.876C802.814 280.564 804.155 274.332 806.31 268.422L807.488 265.246C809.195 260.501 811.472 255.878 814.52 251.777C814.479 251.737 814.479 251.696 814.479 251.696C814.52 251.656 814.52 251.616 814.52 251.616C811.512 247.515 809.236 242.932 807.488 238.147L806.31 234.971C804.115 229.021 802.814 222.789 802.733 216.517V215.066C802.814 208.753 804.155 202.522 806.31 196.611L807.488 193.435C809.195 188.691 811.472 184.067 814.52 179.966C814.479 179.926 814.479 179.886 814.479 179.886C814.52 179.846 814.52 179.806 814.52 179.806C811.512 175.705 809.236 171.121 807.488 166.337L806.31 163.161C804.115 157.21 802.814 150.978 802.733 144.706V143.255C802.814 136.943 804.155 130.711 806.31 124.801L807.488 121.625C809.195 116.88 811.472 112.257 814.52 108.156C814.479 108.116 814.479 108.076 814.479 108.076C814.52 108.035 814.52 107.995 814.52 107.995C811.512 103.894 809.236 99.3108 807.488 94.5264L806.31 91.3502C804.115 85.3998 802.814 79.168 802.733 72.896V71.4446C802.814 65.1324 804.155 58.9006 806.31 52.9904L807.488 49.8142C809.195 45.07 811.472 40.4464 814.52 36.3455C814.479 36.3053 814.479 36.2651 814.479 36.2651C814.52 36.2249 814.52 36.1847 814.52 36.1847C811.512 32.0837 809.236 27.5003 807.488 22.7159L806.31 19.5397C804.115 13.5893 802.814 7.35751 802.733 1.08554V0.0401917H810.09V3.01541C810.13 4.06073 810.212 5.10605 810.334 6.19159V6.47302L810.334 6.47577C810.456 7.60059 810.578 8.7254 810.781 9.85025C811.837 16.3233 813.707 20.7459 814.52 22.4345C815.333 20.7459 817.203 16.3233 818.259 9.85025C818.463 8.6843 818.585 7.59875 818.706 6.47302V6.19159C818.784 5.49747 818.829 4.80334 818.872 4.13025C818.897 3.75067 818.921 3.37781 818.95 3.01541V0.0401917H826.307V1.08554C826.226 7.39774 824.884 13.6295 822.73 19.5397L821.552 22.7159C819.804 27.4601 817.568 32.0837 814.52 36.1847C814.561 36.2249 814.561 36.2651 814.561 36.2651C814.52 36.3053 814.52 36.3455 814.52 36.3455C817.528 40.4464 819.763 45.0298 821.552 49.8142L822.73 52.9904C824.925 58.9408 826.226 65.1726 826.307 71.4446V72.896C826.226 79.2082 824.884 85.44 822.73 91.3502L821.552 94.5264C819.804 99.2706 817.568 103.894 814.52 107.995C814.561 108.035 814.561 108.076 814.561 108.076C814.52 108.116 814.52 108.156 814.52 108.156C817.528 112.257 819.763 116.84 821.552 121.625L822.73 124.801C824.925 130.751 826.226 136.983 826.307 143.255V144.706C826.226 151.019 824.884 157.25 822.73 163.161L821.552 166.337C819.804 171.081 817.568 175.705 814.52 179.806C814.561 179.846 814.561 179.886 814.561 179.886C814.52 179.926 814.52 179.966 814.52 179.966C817.528 184.067 819.763 188.651 821.552 193.435L822.73 196.611C824.925 202.562 826.226 208.794 826.307 215.066V216.517C826.226 222.829 824.884 229.061 822.73 234.971L821.552 238.147ZM818.95 146.636C818.921 146.999 818.897 147.372 818.872 147.751C818.829 148.424 818.784 149.118 818.706 149.812V150.094C818.585 151.22 818.463 152.305 818.259 153.471C817.203 159.944 815.333 164.367 814.52 166.055C813.707 164.367 811.837 159.944 810.781 153.471C810.578 152.346 810.456 151.221 810.334 150.097L810.334 150.094V149.812C810.212 148.727 810.13 147.682 810.09 146.636V141.325C810.119 140.967 810.143 140.598 810.167 140.222L810.167 140.22L810.167 140.218L810.167 140.216L810.167 140.215L810.167 140.213L810.167 140.212L810.167 140.211C810.211 139.538 810.256 138.843 810.334 138.149V137.868C810.456 136.742 810.577 135.656 810.781 134.49C811.837 128.017 813.707 123.595 814.52 121.906C815.333 123.595 817.203 128.017 818.259 134.49C818.463 135.616 818.585 136.742 818.706 137.868V138.149C818.828 139.235 818.91 140.28 818.95 141.325V146.636ZM810.09 218.447C810.13 219.492 810.212 220.537 810.334 221.623V221.904L810.334 221.907C810.456 223.032 810.578 224.157 810.781 225.282C811.837 231.755 813.707 236.177 814.52 237.866C815.333 236.177 817.203 231.755 818.259 225.282C818.463 224.116 818.585 223.03 818.706 221.904V221.623C818.784 220.929 818.829 220.235 818.872 219.562C818.897 219.182 818.921 218.809 818.95 218.447V213.136C818.91 212.09 818.828 211.045 818.706 209.96V209.678C818.585 208.552 818.463 207.427 818.259 206.301C817.203 199.828 815.333 195.405 814.52 193.717C813.707 195.405 811.837 199.828 810.781 206.301C810.577 207.467 810.456 208.552 810.334 209.678V209.96C810.256 210.654 810.211 211.348 810.167 212.021L810.167 212.023L810.167 212.024L810.167 212.025L810.167 212.027L810.167 212.029C810.143 212.406 810.119 212.776 810.09 213.136V218.447ZM810.09 74.8258C810.13 75.8712 810.212 76.9165 810.334 78.0021V78.2835L810.334 78.2862C810.456 79.411 810.578 80.5359 810.781 81.6607C811.837 88.1338 813.707 92.5564 814.52 94.245C815.333 92.5564 817.203 88.1338 818.259 81.6607C818.463 80.4948 818.585 79.4092 818.706 78.2835V78.0021C818.784 77.3079 818.829 76.6138 818.872 75.9407C818.897 75.5611 818.921 75.1882 818.95 74.8258V69.5148C818.91 68.4695 818.828 67.4241 818.706 66.3386V66.0572C818.585 64.9314 818.463 63.8056 818.259 62.6799C817.203 56.2068 815.333 51.7843 814.52 50.0957C813.707 51.7843 811.837 56.2068 810.781 62.6799C810.577 63.8458 810.456 64.9314 810.334 66.0572V66.3386C810.256 67.0329 810.211 67.7272 810.167 68.4004L810.167 68.4016L810.167 68.403L810.167 68.4045L810.167 68.4062L810.167 68.408L810.167 68.4102C810.143 68.7862 810.119 69.1557 810.09 69.5148V74.8258Z" fill="url(#paint49_linear_35097_25798)"/>
<path fill-rule="evenodd" clip-rule="evenodd" d="M849.841 252.742V250.611C849.759 244.339 848.459 238.107 846.264 232.157L845.085 228.981C843.334 224.297 841.156 219.807 838.243 215.773C841.195 211.736 843.374 207.207 845.085 202.562L846.264 199.386C848.418 193.475 849.759 187.244 849.841 180.931V178.8C849.759 172.528 848.459 166.297 846.264 160.346L845.085 157.17C843.334 152.487 841.156 147.996 838.243 143.962C841.195 139.926 843.374 135.396 845.085 130.751L846.264 127.575C848.418 121.665 849.759 115.433 849.841 109.121V106.99C849.759 100.718 848.459 94.4862 846.264 88.5358L845.085 85.3596C843.334 80.6764 841.156 76.1859 838.243 72.1519C841.195 68.1154 843.374 63.5859 845.085 58.9408L846.264 55.7646C848.418 49.8544 849.759 43.6226 849.841 37.3104V35.1795C849.759 28.9075 848.459 22.6757 846.264 16.7253L845.085 13.5491C843.297 8.76468 841.061 4.1813 838.054 0.0804138C838.034 0.0613403 838.024 0.0423279 838.019 0.0275574C838.016 0.0197449 838.014 0.0131531 838.014 0.0083313C838.013 0.00305176 838.013 0 838.013 0H837.972C837.932 0.0401917 837.931 0.0804138 837.931 0.0804138C834.883 4.1813 832.607 8.80487 830.9 13.5491L829.721 16.7253C827.567 22.6355 826.226 28.8673 826.144 35.1795V37.3104C826.226 43.5824 827.526 49.8142 829.721 55.7646L830.9 58.9408C832.611 63.624 834.828 68.1145 837.741 72.1485C834.788 76.185 832.571 80.7145 830.9 85.3596L829.721 88.5358C827.567 94.446 826.226 100.678 826.144 106.99V109.121C826.226 115.393 827.526 121.625 829.721 127.575L830.9 130.751C832.611 135.434 834.828 139.925 837.741 143.959C834.788 147.995 832.571 152.525 830.9 157.17L829.721 160.346C827.567 166.256 826.226 172.488 826.144 178.8V180.931C826.226 187.203 827.526 193.435 829.721 199.386L830.9 202.562C832.611 207.245 834.828 211.735 837.741 215.769C834.788 219.806 832.571 224.335 830.9 228.981L829.721 232.157C827.567 238.067 826.226 244.299 826.144 250.611V252.742C826.226 259.014 827.526 265.246 829.721 271.196L830.9 274.372C832.648 279.157 834.924 283.74 837.931 287.841C837.972 287.881 837.972 287.921 837.972 287.921H838.013C838.053 287.881 838.054 287.841 838.054 287.841C841.102 283.74 843.337 279.116 845.085 274.372L846.264 271.196C848.418 265.286 849.759 259.054 849.841 252.742ZM842.443 248.761V254.712C842.414 255.074 842.39 255.447 842.365 255.827C842.322 256.5 842.277 257.194 842.199 257.888V258.17C842.077 259.295 841.955 260.381 841.752 261.547C840.695 268.02 838.826 272.442 838.013 274.131C837.2 272.442 835.33 268.02 834.273 261.547C834.07 260.421 833.948 259.296 833.827 258.171L833.826 258.17V257.888C833.704 256.803 833.623 255.757 833.583 254.712V248.761C833.612 248.401 833.636 248.029 833.66 247.652L833.66 247.65L833.66 247.649L833.66 247.646C833.704 246.973 833.748 246.279 833.826 245.585V245.304C833.948 244.178 834.07 243.093 834.273 241.927C835.33 235.454 837.2 231.031 838.013 229.342C838.826 231.031 840.695 235.454 841.752 241.927C841.955 243.052 842.077 244.178 842.199 245.304V245.585C842.321 246.671 842.402 247.716 842.443 248.761ZM842.443 176.951V182.901C842.414 183.264 842.39 183.637 842.365 184.016C842.322 184.689 842.277 185.383 842.199 186.078V186.359C842.077 187.485 841.955 188.57 841.752 189.736C840.695 196.209 838.826 200.632 838.013 202.321C837.2 200.632 835.33 196.209 834.273 189.736C834.07 188.611 833.948 187.486 833.827 186.36L833.826 186.359V186.078C833.704 184.992 833.623 183.947 833.583 182.901V176.951C833.612 176.59 833.636 176.218 833.66 175.84L833.66 175.838L833.66 175.835C833.704 175.163 833.748 174.469 833.826 173.775V173.493C833.948 172.368 834.07 171.282 834.273 170.116C835.33 163.643 837.2 159.221 838.013 157.532C838.826 159.221 840.695 163.643 841.752 170.116C841.955 171.242 842.077 172.368 842.199 173.493V173.775C842.321 174.86 842.402 175.906 842.443 176.951ZM842.443 105.141V111.091C842.414 111.453 842.39 111.826 842.365 112.206C842.322 112.879 842.277 113.573 842.199 114.267V114.549C842.077 115.674 841.955 116.76 841.752 117.926C840.695 124.399 838.826 128.821 838.013 130.51C837.2 128.821 835.33 124.399 834.273 117.926C834.07 116.801 833.948 115.675 833.827 114.55L833.826 114.549V114.267C833.704 113.182 833.623 112.136 833.583 111.091V105.141C833.612 104.78 833.636 104.41 833.66 104.032L833.66 104.031L833.66 104.029L833.66 104.028L833.66 104.025C833.704 103.352 833.748 102.658 833.826 101.964V101.683C833.948 100.557 834.07 99.4716 834.273 98.3056C835.33 91.8326 837.2 87.4101 838.013 85.7214C838.826 87.4101 840.695 91.8326 841.752 98.3056C841.955 99.4314 842.077 100.557 842.199 101.683V101.964C842.321 103.05 842.402 104.095 842.443 105.141ZM842.443 33.3301V39.2805C842.414 39.6429 842.39 40.0158 842.365 40.3953C842.322 41.0685 842.277 41.7626 842.199 42.4567V42.7381C842.077 43.8639 841.955 44.9494 841.752 46.1154C840.695 52.5884 838.826 57.011 838.013 58.6996C837.2 57.011 835.33 52.5884 834.273 46.1154C834.07 44.9901 833.948 43.8649 833.827 42.7396L833.826 42.7381V42.4567C833.704 41.3712 833.623 40.3258 833.583 39.2805V33.3301C833.612 32.9683 833.636 32.5961 833.66 32.2171L833.66 32.2145C833.704 31.5416 833.748 30.8477 833.826 30.1539V29.8724C833.948 28.7467 834.07 27.6612 834.273 26.4952C835.33 20.0222 837.2 15.5996 838.013 13.911C838.826 15.5996 840.695 20.0222 841.752 26.4952C841.955 27.621 842.077 28.7467 842.199 29.8724V30.1539C842.321 31.2394 842.402 32.2848 842.443 33.3301Z" fill="url(#paint50_linear_35097_25798)"/>
<path fill-rule="evenodd" clip-rule="evenodd" d="M868.618 238.147C866.871 242.892 864.635 247.515 861.587 251.616C861.627 251.656 861.628 251.696 861.628 251.696C861.587 251.737 861.587 251.777 861.587 251.777C864.595 255.878 866.871 260.461 868.618 265.246L869.797 268.422C871.992 274.372 873.293 280.604 873.374 286.876V287.921H866.017V284.946C865.977 283.901 865.895 282.856 865.773 281.77V281.489L865.773 281.487C865.651 280.362 865.529 279.237 865.326 278.111C864.269 271.638 862.4 267.216 861.587 265.527C860.774 267.216 858.904 271.638 857.848 278.111C857.644 279.277 857.522 280.363 857.4 281.489V281.77C857.322 282.464 857.278 283.159 857.234 283.832L857.234 283.833L857.234 283.834L857.234 283.836L857.234 283.837L857.234 283.839L857.234 283.841L857.234 283.843C857.209 284.219 857.186 284.587 857.157 284.946V287.921H849.8V286.876C849.881 280.564 851.222 274.332 853.377 268.422L854.555 265.246C856.303 260.501 858.538 255.878 861.587 251.777C861.546 251.737 861.546 251.696 861.546 251.696C861.587 251.656 861.587 251.616 861.587 251.616C858.579 247.515 856.303 242.932 854.555 238.147L853.377 234.971C851.182 229.021 849.881 222.789 849.8 216.517V215.066C849.881 208.753 851.222 202.522 853.377 196.611L854.555 193.435C856.303 188.691 858.538 184.067 861.587 179.966C861.57 179.95 861.56 179.933 861.554 179.919C861.546 179.9 861.546 179.886 861.546 179.886C861.566 179.866 861.576 179.847 861.581 179.832C861.583 179.826 861.585 179.822 861.585 179.817C861.587 179.81 861.587 179.806 861.587 179.806C858.579 175.705 856.303 171.121 854.555 166.337L853.377 163.161C851.182 157.21 849.881 150.978 849.8 144.706V143.255C849.881 136.943 851.222 130.711 853.377 124.801L854.555 121.625C856.303 116.88 858.538 112.257 861.587 108.156C861.546 108.116 861.546 108.076 861.546 108.076C861.587 108.035 861.587 107.995 861.587 107.995C858.579 103.894 856.303 99.3108 854.555 94.5264L853.377 91.3502C851.182 85.3998 849.881 79.168 849.8 72.896V71.4446C849.881 65.1324 851.222 58.9006 853.377 52.9904L854.555 49.8142C856.303 45.07 858.538 40.4464 861.587 36.3455C861.546 36.3053 861.546 36.2651 861.546 36.2651C861.587 36.2249 861.587 36.1847 861.587 36.1847C858.579 32.0837 856.303 27.5003 854.555 22.7159L853.377 19.5397C851.182 13.5893 849.881 7.35751 849.8 1.08554V0.0401917H857.157V3.01541C857.197 4.06073 857.278 5.10605 857.4 6.19159V6.47302C857.522 7.59875 857.644 8.72452 857.848 9.85025C858.904 16.3233 860.774 20.7459 861.587 22.4345C862.4 20.7459 864.269 16.3233 865.326 9.85025C865.529 8.6843 865.651 7.59875 865.773 6.47302V6.19159C865.851 5.49747 865.896 4.80334 865.939 4.13025C865.964 3.75067 865.988 3.37781 866.017 3.01541V0.0401917H873.374V1.08554C873.293 7.39774 871.951 13.6295 869.797 19.5397L868.618 22.7159C866.871 27.4601 864.635 32.0837 861.587 36.1847C861.627 36.2249 861.628 36.2651 861.628 36.2651C861.614 36.2787 861.605 36.2923 861.599 36.3044C861.587 36.3279 861.587 36.3455 861.587 36.3455C864.595 40.4464 866.871 45.0298 868.618 49.8142L869.797 52.9904C871.992 58.9408 873.293 65.1726 873.374 71.4446V72.896C873.293 79.2082 871.951 85.44 869.797 91.3502L868.618 94.5264C866.871 99.2706 864.635 103.894 861.587 107.995C861.627 108.035 861.628 108.076 861.628 108.076C861.587 108.116 861.587 108.156 861.587 108.156C864.595 112.257 866.871 116.84 868.618 121.625L869.797 124.801C871.992 130.751 873.293 136.983 873.374 143.255V144.706C873.293 151.019 871.951 157.25 869.797 163.161L868.618 166.337C866.871 171.081 864.635 175.705 861.587 179.806C861.607 179.826 861.617 179.846 861.622 179.861C861.624 179.865 861.625 179.869 861.626 179.872L861.627 179.879L861.627 179.884L861.628 179.886C861.587 179.926 861.587 179.966 861.587 179.966C864.595 184.067 866.871 188.651 868.618 193.435L869.797 196.611C871.992 202.562 873.293 208.794 873.374 215.066V216.517C873.293 222.829 871.951 229.061 869.797 234.971L868.618 238.147ZM866.017 146.636C865.988 146.999 865.964 147.372 865.939 147.751C865.896 148.424 865.851 149.118 865.773 149.812V150.094C865.651 151.22 865.529 152.305 865.326 153.471C864.269 159.944 862.4 164.367 861.587 166.055C860.774 164.367 858.904 159.944 857.848 153.471C857.644 152.345 857.522 151.22 857.4 150.094V149.812C857.278 148.727 857.197 147.682 857.157 146.636V141.325C857.186 140.967 857.209 140.598 857.234 140.222L857.234 140.22L857.234 140.218L857.234 140.216L857.234 140.215L857.234 140.213L857.234 140.212L857.234 140.211C857.278 139.538 857.322 138.843 857.4 138.149V137.868C857.522 136.742 857.644 135.656 857.848 134.49C858.904 128.017 860.774 123.595 861.587 121.906C862.4 123.595 864.269 128.017 865.326 134.49C865.529 135.616 865.651 136.741 865.773 137.866L865.773 137.868V138.149C865.895 139.235 865.977 140.28 866.017 141.325V146.636ZM857.157 218.447C857.197 219.492 857.278 220.537 857.4 221.623V221.904C857.522 223.03 857.644 224.156 857.848 225.282C858.904 231.755 860.774 236.177 861.587 237.866C862.4 236.177 864.269 231.755 865.326 225.282C865.529 224.116 865.651 223.03 865.773 221.904V221.623C865.851 220.929 865.896 220.235 865.939 219.562C865.964 219.182 865.988 218.809 866.017 218.447V213.136C865.977 212.09 865.895 211.045 865.773 209.96V209.678L865.773 209.677C865.651 208.551 865.529 207.426 865.326 206.301C864.269 199.828 862.4 195.405 861.587 193.717C860.774 195.405 858.904 199.828 857.848 206.301C857.644 207.467 857.522 208.552 857.4 209.678V209.96C857.322 210.654 857.278 211.348 857.234 212.021C857.21 212.401 857.186 212.773 857.157 213.136V218.447ZM857.157 74.8258C857.197 75.8712 857.278 76.9165 857.4 78.0021V78.2835C857.522 79.4092 857.644 80.535 857.848 81.6607C858.904 88.1338 860.774 92.5564 861.587 94.245C862.4 92.5564 864.269 88.1338 865.326 81.6607C865.529 80.4948 865.651 79.4092 865.773 78.2835V78.0021C865.851 77.3079 865.896 76.6138 865.939 75.9407C865.964 75.5611 865.988 75.1882 866.017 74.8258V69.5148C865.977 68.4695 865.895 67.4241 865.773 66.3386V66.0572L865.773 66.0557C865.651 64.9305 865.529 63.8052 865.326 62.6799C864.269 56.2068 862.4 51.7843 861.587 50.0957C860.774 51.7843 858.904 56.2068 857.848 62.6799C857.644 63.8458 857.522 64.9314 857.4 66.0572V66.3386C857.322 67.0329 857.278 67.7272 857.234 68.4004L857.234 68.4016C857.21 68.7806 857.186 69.1529 857.157 69.5148V74.8258Z" fill="url(#paint51_linear_35097_25798)"/>
<path fill-rule="evenodd" clip-rule="evenodd" d="M908.857 251.616C911.905 247.515 914.141 242.892 915.889 238.147L917.067 234.971C919.221 229.061 920.563 222.829 920.644 216.517V215.066C920.563 208.794 919.262 202.562 917.067 196.611L915.889 193.435C914.1 188.651 911.865 184.067 908.857 179.966C905.809 184.067 903.532 188.691 901.825 193.435L900.647 196.611C898.492 202.522 897.151 208.753 897.07 215.066V216.517C897.151 222.789 898.452 229.021 900.647 234.971L901.825 238.147C903.573 242.932 905.849 247.515 908.857 251.616ZM904.427 213.136C904.456 212.773 904.48 212.401 904.504 212.021C904.548 211.348 904.592 210.654 904.67 209.96V209.678C904.792 208.552 904.914 207.467 905.118 206.301C906.174 199.828 908.044 195.405 908.857 193.717C909.67 195.405 911.54 199.828 912.596 206.301C912.799 207.426 912.921 208.551 913.043 209.677L913.043 209.678V209.96C913.165 211.045 913.247 212.09 913.287 213.136V218.447C913.258 218.809 913.234 219.182 913.209 219.562C913.166 220.235 913.121 220.929 913.043 221.623V221.904C912.921 223.03 912.8 224.116 912.596 225.282C911.54 231.755 909.67 236.177 908.857 237.866C908.044 236.177 906.174 231.755 905.118 225.282C904.914 224.156 904.792 223.03 904.67 221.904V221.623C904.549 220.537 904.467 219.492 904.427 218.447V213.136Z" fill="url(#paint52_linear_35097_25798)"/>
<path fill-rule="evenodd" clip-rule="evenodd" d="M908.857 251.777C905.809 255.878 903.532 260.501 901.825 265.246L900.647 268.422C898.492 274.332 897.151 280.564 897.07 286.876V287.921H904.427V284.946C904.456 284.587 904.479 284.219 904.504 283.843L904.504 283.841L904.504 283.839L904.504 283.837L904.504 283.836L904.504 283.834L904.504 283.833L904.504 283.832C904.548 283.159 904.592 282.464 904.67 281.77V281.489C904.792 280.363 904.914 279.277 905.118 278.111C906.174 271.638 908.044 267.216 908.857 265.527C909.67 267.216 911.54 271.638 912.596 278.111C912.799 279.237 912.921 280.362 913.043 281.487L913.043 281.489V281.77C913.165 282.856 913.247 283.901 913.287 284.946V287.921H920.644V286.876C920.563 280.604 919.262 274.372 917.067 268.422L915.889 265.246C914.1 260.461 911.865 255.878 908.857 251.777ZM908.857 251.777C908.857 251.777 908.857 251.737 908.898 251.696C908.898 251.696 908.898 251.656 908.857 251.616C908.857 251.616 908.857 251.656 908.816 251.696C908.816 251.696 908.816 251.737 908.857 251.777Z" fill="url(#paint53_linear_35097_25798)"/>
<path d="M908.857 179.806C908.857 179.806 908.857 179.846 908.816 179.886C908.816 179.886 908.816 179.926 908.857 179.966C908.857 179.966 908.857 179.926 908.898 179.886C908.898 179.886 908.898 179.846 908.857 179.806Z" fill="url(#paint54_linear_35097_25798)"/>
<path fill-rule="evenodd" clip-rule="evenodd" d="M920.644 144.706C920.563 151.019 919.221 157.25 917.067 163.161L915.889 166.337C914.141 171.081 911.905 175.705 908.857 179.806C905.849 175.705 903.573 171.121 901.825 166.337L900.647 163.161C898.452 157.21 897.151 150.978 897.07 144.706V143.255C897.151 136.943 898.492 130.711 900.647 124.801L901.825 121.625C903.532 116.88 905.809 112.257 908.857 108.156C908.816 108.116 908.816 108.076 908.816 108.076C908.857 108.035 908.857 107.995 908.857 107.995C905.849 103.894 903.573 99.3108 901.825 94.5264L900.647 91.3502C898.452 85.3998 897.151 79.168 897.07 72.896V71.4446C897.151 65.1324 898.492 58.9006 900.647 52.9904L901.825 49.8142C903.532 45.07 905.809 40.4464 908.857 36.3455C908.816 36.3053 908.816 36.2651 908.816 36.2651C908.834 36.2476 908.844 36.23 908.85 36.2158C908.857 36.1975 908.857 36.1847 908.857 36.1847C905.849 32.0837 903.573 27.5003 901.825 22.7159L900.647 19.5397C898.452 13.5893 897.151 7.35751 897.07 1.08554V0.0401917H904.427V3.01541C904.467 4.06073 904.549 5.10605 904.67 6.19159V6.47302C904.792 7.59875 904.914 8.72452 905.118 9.85025C906.174 16.3233 908.044 20.7459 908.857 22.4345C909.67 20.7459 911.54 16.3233 912.596 9.85025C912.8 8.6843 912.921 7.59875 913.043 6.47302V6.19159C913.121 5.49747 913.166 4.80334 913.209 4.13025C913.234 3.75067 913.258 3.37781 913.287 3.01541V0.0401917H920.644V1.08554C920.563 7.39774 919.221 13.6295 917.067 19.5397L915.889 22.7159C914.141 27.4601 911.905 32.0837 908.857 36.1847C908.898 36.2249 908.898 36.2651 908.898 36.2651C908.857 36.3053 908.857 36.3455 908.857 36.3455C911.865 40.4464 914.1 45.0298 915.889 49.8142L917.067 52.9904C919.262 58.9408 920.563 65.1726 920.644 71.4446V72.896C920.563 79.2082 919.221 85.44 917.067 91.3502L915.889 94.5264C914.141 99.2706 911.905 103.894 908.857 107.995C908.898 108.035 908.898 108.076 908.898 108.076C908.857 108.116 908.857 108.156 908.857 108.156C911.865 112.257 914.1 116.84 915.889 121.625L917.067 124.801C919.262 130.751 920.563 136.983 920.644 143.255V144.706ZM913.287 146.636C913.258 146.999 913.234 147.372 913.209 147.751C913.166 148.424 913.121 149.118 913.043 149.812V150.094C912.921 151.22 912.8 152.305 912.596 153.471C911.54 159.944 909.67 164.367 908.857 166.055C908.044 164.367 906.174 159.944 905.118 153.471C904.914 152.345 904.792 151.22 904.67 150.094V149.812C904.549 148.727 904.467 147.682 904.427 146.636V141.325C904.456 140.967 904.479 140.598 904.504 140.222L904.504 140.22L904.504 140.218L904.504 140.216L904.504 140.215L904.504 140.213L904.504 140.212L904.504 140.211C904.548 139.538 904.592 138.843 904.67 138.149V137.868C904.792 136.742 904.914 135.656 905.118 134.49C906.174 128.017 908.044 123.595 908.857 121.906C909.67 123.595 911.54 128.017 912.596 134.49C912.799 135.616 912.921 136.741 913.043 137.866L913.043 137.868V138.149C913.165 139.235 913.247 140.28 913.287 141.325V146.636ZM904.427 69.5148C904.456 69.1538 904.48 68.7825 904.504 68.4044L904.504 68.4016L904.504 68.4004C904.548 67.7272 904.592 67.0329 904.67 66.3386V66.0572C904.792 64.9314 904.914 63.8458 905.118 62.6799C906.174 56.2068 908.044 51.7843 908.857 50.0957C909.67 51.7843 911.54 56.2068 912.596 62.6799C912.799 63.8052 912.921 64.9305 913.043 66.0557L913.043 66.0572V66.3386C913.165 67.4241 913.247 68.4695 913.287 69.5148V74.8258C913.271 75.0226 913.257 75.2224 913.243 75.4248C913.232 75.5951 913.221 75.7672 913.209 75.9407C913.166 76.6138 913.121 77.3079 913.043 78.0021V78.2835C912.921 79.4092 912.8 80.4948 912.596 81.6607C911.54 88.1338 909.67 92.5564 908.857 94.245C908.044 92.5564 906.174 88.1338 905.118 81.6607C904.914 80.535 904.792 79.4092 904.67 78.2835V78.0021C904.549 76.9165 904.467 75.8712 904.427 74.8258V69.5148Z" fill="url(#paint55_linear_35097_25798)"/>
<path fill-rule="evenodd" clip-rule="evenodd" d="M896.948 252.742C896.867 259.054 895.525 265.286 893.371 271.196L892.193 274.372C890.445 279.116 888.209 283.74 885.161 287.841C885.161 287.841 885.161 287.881 885.12 287.921H885.08C885.08 287.921 885.08 287.881 885.039 287.841C882.031 283.74 879.755 279.157 878.007 274.372L876.829 271.196C874.634 265.246 873.333 259.014 873.252 252.742V250.611C873.333 244.299 874.674 238.067 876.829 232.157L878.007 228.981C879.719 224.335 881.898 219.806 884.849 215.769C881.935 211.735 879.718 207.245 878.007 202.562L876.829 199.386C874.634 193.435 873.333 187.203 873.252 180.931V178.8C873.333 172.488 874.674 166.256 876.829 160.346L878.007 157.17C879.719 152.525 881.898 147.995 884.849 143.959C881.935 139.925 879.718 135.434 878.007 130.751L876.829 127.575C874.634 121.625 873.333 115.393 873.252 109.121V106.99C873.333 100.678 874.674 94.446 876.829 88.5358L878.007 85.3596C879.719 80.7145 881.898 76.185 884.849 72.1485C881.935 68.1145 879.718 63.624 878.007 58.9408L876.829 55.7646C874.634 49.8142 873.333 43.5824 873.252 37.3104V35.1795C873.333 28.8673 874.674 22.6355 876.829 16.7253L878.007 13.5491C879.755 8.80487 881.991 4.1813 885.039 0.0804138C885.039 0.0804138 885.039 0.0401917 885.08 0H885.12C885.12 0 885.12 0.0401917 885.161 0.0804138C888.169 4.1813 890.445 8.76468 892.193 13.5491L893.371 16.7253C895.566 22.6757 896.867 28.9075 896.948 35.1795V37.3104C896.867 43.6226 895.525 49.8544 893.371 55.7646L892.193 58.9408C890.481 63.5859 888.303 68.1154 885.351 72.1519C888.265 76.1859 890.482 80.6764 892.193 85.3596L893.371 88.5358C895.566 94.4862 896.867 100.718 896.948 106.99V109.121C896.867 115.433 895.525 121.665 893.371 127.575L892.193 130.751C890.481 135.396 888.303 139.926 885.351 143.962C888.265 147.996 890.482 152.487 892.193 157.17L893.371 160.346C895.566 166.297 896.867 172.528 896.948 178.8V180.931C896.867 187.244 895.525 193.475 893.371 199.386L892.193 202.562C890.481 207.207 888.303 211.736 885.351 215.773C888.265 219.807 890.482 224.297 892.193 228.981L893.371 232.157C895.566 238.107 896.867 244.339 896.948 250.611V252.742ZM889.551 248.761C889.51 247.716 889.429 246.671 889.307 245.585V245.304L889.307 245.302C889.185 244.177 889.063 243.052 888.86 241.927C887.803 235.454 885.933 231.031 885.12 229.342C884.307 231.031 882.438 235.454 881.381 241.927C881.178 243.093 881.056 244.178 880.934 245.304V245.585C880.856 246.279 880.811 246.973 880.768 247.646L880.768 247.649L880.768 247.65L880.767 247.652L880.767 247.653L880.767 247.655L880.767 247.657C880.743 248.033 880.719 248.402 880.69 248.761V254.712C880.731 255.757 880.812 256.803 880.934 257.888V258.17L880.934 258.171C881.056 259.296 881.178 260.421 881.381 261.547C882.438 268.02 884.307 272.442 885.12 274.131C885.933 272.442 887.803 268.02 888.86 261.547C889.063 260.381 889.185 259.295 889.307 258.17V257.888C889.385 257.194 889.429 256.5 889.473 255.827C889.497 255.447 889.521 255.074 889.551 254.712V248.761ZM889.551 176.951C889.51 175.906 889.429 174.86 889.307 173.775V173.493L889.307 173.492C889.185 172.367 889.063 171.241 888.86 170.116C887.803 163.643 885.933 159.221 885.12 157.532C884.307 159.221 882.438 163.643 881.381 170.116C881.178 171.282 881.056 172.368 880.934 173.493V173.775C880.856 174.469 880.811 175.163 880.768 175.835L880.768 175.837C880.743 176.216 880.719 176.589 880.69 176.951V182.901C880.731 183.947 880.812 184.992 880.934 186.078V186.359L880.934 186.36C881.056 187.486 881.178 188.611 881.381 189.736C882.438 196.209 884.307 200.632 885.12 202.321C885.933 200.632 887.803 196.209 888.86 189.736C889.063 188.57 889.185 187.485 889.307 186.359V186.078C889.385 185.383 889.429 184.689 889.473 184.016C889.497 183.637 889.521 183.264 889.551 182.901V176.951ZM889.551 105.141C889.51 104.095 889.429 103.05 889.307 101.964V101.683L889.307 101.681C889.185 100.556 889.063 99.4309 888.86 98.3056C887.803 91.8326 885.933 87.4101 885.12 85.7214C884.307 87.4101 882.438 91.8326 881.381 98.3056C881.178 99.4716 881.056 100.557 880.934 101.683V101.964C880.856 102.658 880.811 103.352 880.768 104.025L880.768 104.028L880.768 104.029L880.767 104.031L880.767 104.032L880.767 104.034L880.767 104.036C880.743 104.412 880.719 104.782 880.69 105.141V111.091C880.731 112.136 880.812 113.182 880.934 114.267V114.549L880.934 114.55C881.056 115.675 881.178 116.801 881.381 117.926C882.438 124.399 884.307 128.821 885.12 130.51C885.933 128.821 887.803 124.399 888.86 117.926C889.063 116.76 889.185 115.674 889.307 114.549V114.267C889.385 113.573 889.429 112.879 889.473 112.206C889.497 111.826 889.521 111.453 889.551 111.091V105.141ZM889.551 33.3301C889.51 32.2848 889.429 31.2394 889.307 30.1539V29.8724L889.307 29.871C889.185 28.7458 889.063 27.6205 888.86 26.4952C887.803 20.0222 885.933 15.5996 885.12 13.911C884.307 15.5996 882.438 20.0222 881.381 26.4952C881.178 27.6612 881.056 28.7467 880.934 29.8724V30.1539C880.856 30.8477 880.811 31.5416 880.768 32.2145L880.768 32.216L880.768 32.2172C880.743 32.5961 880.719 32.9683 880.69 33.3301V39.2805C880.731 40.3258 880.812 41.3712 880.934 42.4567V42.7381L880.934 42.7396C881.056 43.8649 881.178 44.9901 881.381 46.1154C882.438 52.5884 884.307 57.011 885.12 58.6996C885.933 57.011 887.803 52.5884 888.86 46.1154C889.063 44.9494 889.185 43.8639 889.307 42.7381V42.4567C889.385 41.7626 889.429 41.0685 889.473 40.3953C889.497 40.0158 889.521 39.6429 889.551 39.2805V33.3301Z" fill="url(#paint56_linear_35097_25798)"/>
<path fill-rule="evenodd" clip-rule="evenodd" d="M944.178 252.742V250.611C944.096 244.339 942.796 238.107 940.601 232.157L939.422 228.981C937.672 224.297 935.493 219.807 932.58 215.773C935.532 211.736 937.711 207.207 939.422 202.562L940.601 199.386C942.755 193.475 944.096 187.244 944.178 180.931V178.8C944.096 172.528 942.796 166.297 940.601 160.346L939.422 157.17C937.672 152.487 935.493 147.996 932.58 143.962C935.532 139.926 937.711 135.396 939.422 130.751L940.601 127.575C942.755 121.665 944.096 115.433 944.178 109.121V106.99C944.096 100.718 942.796 94.4862 940.601 88.5358L939.422 85.3596C937.672 80.6764 935.493 76.1859 932.58 72.1519C935.532 68.1154 937.711 63.5859 939.422 58.9408L940.601 55.7646C942.755 49.8544 944.096 43.6226 944.178 37.3104V35.1795C944.096 28.9075 942.796 22.6757 940.601 16.7253L939.422 13.5491C937.634 8.76468 935.398 4.1813 932.391 0.0804138C932.371 0.0611877 932.361 0.0419312 932.356 0.0270996C932.35 0.0109253 932.35 0 932.35 0H932.309C932.269 0.0401917 932.269 0.0804138 932.269 0.0804138C929.22 4.1813 926.944 8.80487 925.237 13.5491L924.058 16.7253C921.904 22.6355 920.563 28.8673 920.482 35.1795V37.3104C920.563 43.5824 921.863 49.8142 924.058 55.7646L925.237 58.9408C926.948 63.624 929.165 68.1145 932.079 72.1485C929.125 76.185 926.908 80.7145 925.237 85.3596L924.058 88.5358C921.904 94.446 920.563 100.678 920.482 106.99V109.121C920.563 115.393 921.863 121.625 924.058 127.575L925.237 130.751C926.948 135.434 929.165 139.925 932.079 143.959C929.125 147.995 926.908 152.525 925.237 157.17L924.058 160.346C921.904 166.256 920.563 172.488 920.482 178.8V180.931C920.563 187.203 921.863 193.435 924.058 199.386L925.237 202.562C926.948 207.245 929.165 211.735 932.079 215.769C929.125 219.806 926.908 224.335 925.237 228.981L924.058 232.157C921.904 238.067 920.563 244.299 920.482 250.611V252.742C920.563 259.014 921.863 265.246 924.058 271.196L925.237 274.372C926.985 279.157 929.261 283.74 932.269 287.841C932.309 287.881 932.309 287.921 932.309 287.921H932.35C932.391 287.881 932.391 287.841 932.391 287.841C935.439 283.74 937.674 279.116 939.422 274.372L940.601 271.196C942.755 265.286 944.096 259.054 944.178 252.742ZM936.821 248.761V254.712C936.792 255.074 936.768 255.447 936.743 255.826C936.7 256.5 936.655 257.194 936.577 257.888V258.17C936.455 259.295 936.333 260.381 936.13 261.547C935.073 268.02 933.203 272.442 932.391 274.131C931.578 272.442 929.708 268.02 928.651 261.547C928.448 260.421 928.326 259.296 928.204 258.171L928.204 258.17V257.888C928.082 256.803 928.001 255.757 927.96 254.712V248.761C927.99 248.399 928.014 248.026 928.038 247.647C928.081 246.974 928.126 246.279 928.204 245.585V245.304C928.326 244.178 928.448 243.093 928.651 241.927C929.708 235.454 931.578 231.031 932.391 229.342C933.203 231.031 935.073 235.454 936.13 241.927C936.333 243.052 936.455 244.178 936.577 245.304V245.585C936.699 246.671 936.78 247.716 936.821 248.761ZM936.821 176.951V182.901C936.804 183.107 936.789 183.317 936.775 183.529C936.764 183.69 936.754 183.851 936.743 184.015V184.016C936.7 184.689 936.655 185.383 936.577 186.078V186.359C936.455 187.485 936.333 188.57 936.13 189.736C935.073 196.209 933.203 200.632 932.391 202.321C931.578 200.632 929.708 196.209 928.651 189.736C928.448 188.611 928.326 187.486 928.204 186.36L928.204 186.359V186.078C928.082 184.992 928.001 183.947 927.96 182.901V176.951C927.99 176.589 928.014 176.216 928.038 175.836C928.081 175.163 928.126 174.469 928.204 173.775V173.493C928.326 172.368 928.448 171.282 928.651 170.116C929.708 163.643 931.578 159.221 932.391 157.532C933.203 159.221 935.073 163.643 936.13 170.116C936.333 171.242 936.455 172.368 936.577 173.493V173.775C936.699 174.86 936.78 175.906 936.821 176.951ZM936.821 105.141V111.091C936.792 111.453 936.768 111.825 936.743 112.204V112.205C936.7 112.879 936.655 113.573 936.577 114.267V114.549C936.455 115.674 936.333 116.76 936.13 117.926C935.073 124.399 933.203 128.821 932.391 130.51C931.578 128.821 929.708 124.399 928.651 117.926C928.448 116.801 928.326 115.675 928.204 114.55L928.204 114.549V114.267C928.082 113.182 928.001 112.136 927.96 111.091V105.141C927.99 104.778 928.014 104.405 928.038 104.026C928.081 103.353 928.126 102.658 928.204 101.964V101.683C928.326 100.557 928.448 99.4716 928.651 98.3056C929.708 91.8326 931.578 87.4101 932.391 85.7214C933.203 87.4101 935.073 91.8326 936.13 98.3056C936.333 99.4314 936.455 100.557 936.577 101.683V101.964C936.699 103.05 936.78 104.095 936.821 105.141ZM936.821 33.3301V39.2805C936.792 39.6424 936.768 40.0147 936.743 40.3937V40.3949C936.7 41.0681 936.655 41.7624 936.577 42.4567V42.7381C936.455 43.8639 936.333 44.9494 936.13 46.1154C935.073 52.5884 933.203 57.011 932.391 58.6996C931.578 57.011 929.708 52.5884 928.651 46.1154C928.448 44.9901 928.326 43.8649 928.204 42.7396L928.204 42.7381V42.4567C928.082 41.3712 928.001 40.3258 927.96 39.2805V33.3301C927.99 32.9677 928.014 32.5948 928.038 32.2152C928.081 31.5421 928.126 30.848 928.204 30.1539V29.8724C928.326 28.7467 928.448 27.6612 928.651 26.4952C929.708 20.0222 931.578 15.5996 932.391 13.911C933.203 15.5996 935.073 20.0222 936.13 26.4952C936.333 27.621 936.455 28.7467 936.577 29.8724V30.1539C936.699 31.2394 936.78 32.2848 936.821 33.3301Z" fill="url(#paint57_linear_35097_25798)"/>
<path fill-rule="evenodd" clip-rule="evenodd" d="M1196.25 281.849C1196.37 282.934 1196.46 283.979 1196.5 285.025V288H1203.85V286.876C1203.77 280.604 1202.47 274.372 1200.28 268.422L1199.1 265.246C1197.31 260.471 1195.08 255.897 1192.08 251.802C1192.09 251.794 1192.1 251.784 1192.11 251.775C1192.11 251.775 1192.11 251.75 1192.09 251.72C1192.09 251.716 1192.09 251.712 1192.1 251.708C1192.1 251.704 1192.1 251.7 1192.11 251.696C1192.11 251.696 1192.11 251.679 1192.09 251.656C1195.13 247.564 1197.35 242.955 1199.1 238.226L1200.28 235.05C1202.43 229.14 1203.77 222.908 1203.85 216.596V215.066C1203.77 208.794 1202.47 202.562 1200.28 196.611L1199.1 193.435C1197.31 188.661 1195.08 184.086 1192.08 179.992C1192.09 179.986 1192.09 179.98 1192.1 179.974C1192.1 179.971 1192.1 179.968 1192.11 179.965C1192.11 179.965 1192.11 179.963 1192.11 179.959C1192.11 179.956 1192.1 179.953 1192.1 179.948C1192.1 179.938 1192.1 179.925 1192.09 179.91C1192.09 179.902 1192.1 179.894 1192.11 179.886C1192.11 179.886 1192.11 179.869 1192.09 179.845C1195.13 175.754 1197.35 171.145 1199.1 166.415L1200.28 163.239C1202.43 157.329 1203.77 151.097 1203.85 144.785V143.255C1203.77 136.983 1202.47 130.751 1200.28 124.801L1199.1 121.625C1197.31 116.85 1195.08 112.276 1192.08 108.181C1192.09 108.173 1192.1 108.163 1192.11 108.154C1192.11 108.154 1192.11 108.144 1192.1 108.129C1192.1 108.12 1192.09 108.11 1192.09 108.099C1192.09 108.095 1192.09 108.091 1192.1 108.087C1192.1 108.083 1192.1 108.079 1192.11 108.076C1192.11 108.076 1192.11 108.068 1192.1 108.057C1192.1 108.051 1192.1 108.043 1192.09 108.035C1195.13 103.943 1197.35 99.3342 1199.1 94.605L1200.28 91.4288C1202.43 85.5186 1203.77 79.2868 1203.85 72.9746V71.4446C1203.77 65.1726 1202.47 58.9408 1200.28 52.9904L1199.1 49.8142C1197.31 45.0397 1195.08 40.4654 1192.08 36.3709C1192.09 36.3654 1192.09 36.3598 1192.1 36.3541C1192.1 36.3506 1192.1 36.3472 1192.11 36.3437C1192.11 36.3437 1192.11 36.3418 1192.11 36.3384L1192.1 36.3317L1192.1 36.3248L1192.1 36.3194L1192.1 36.3149L1192.1 36.3071L1192.09 36.2993C1192.09 36.2959 1192.09 36.2924 1192.09 36.2888C1192.09 36.2811 1192.1 36.2731 1192.11 36.2651C1192.11 36.2651 1192.11 36.2576 1192.1 36.246C1192.1 36.2397 1192.1 36.2323 1192.09 36.2242C1195.13 32.133 1197.35 27.5237 1199.1 22.7946L1200.28 19.6183C1202.43 13.7082 1203.77 7.47641 1203.85 1.16415V0.0401917H1196.5V3.01541C1196.47 3.37714 1196.44 3.74921 1196.42 4.12802V4.12912C1196.37 4.80255 1196.33 5.49704 1196.25 6.19159V6.47302C1196.13 7.59875 1196.01 8.6843 1195.8 9.85025C1194.75 16.3233 1192.88 20.7459 1192.07 22.4345C1191.25 20.7459 1189.38 16.3233 1188.33 9.85025C1188.12 8.72452 1188 7.59875 1187.88 6.47302V6.19159C1187.76 5.10605 1187.68 4.06073 1187.64 3.01541V0.0401917H1180.28V1.16415C1180.36 7.43619 1181.66 13.668 1183.86 19.6183L1185.03 22.7946C1186.78 27.5691 1189.05 32.1435 1192.05 36.238C1192.04 36.2421 1192.04 36.2462 1192.04 36.2505C1192.03 36.2553 1192.03 36.2602 1192.03 36.2651C1192.03 36.2651 1192.02 36.2753 1192.03 36.2906C1192.03 36.2992 1192.04 36.3093 1192.04 36.3201C1192.04 36.3278 1192.03 36.3358 1192.03 36.3437C1192.03 36.3437 1192.02 36.3612 1192.04 36.3846C1189 40.4758 1186.74 45.0851 1185.03 49.8142L1183.86 52.9904C1181.7 58.9006 1180.36 65.1324 1180.28 71.4446V72.9746C1180.36 79.2466 1181.66 85.4784 1183.86 91.4288L1185.03 94.605C1186.78 99.3796 1189.05 103.954 1192.05 108.048C1192.04 108.057 1192.03 108.066 1192.03 108.076C1192.03 108.076 1192.02 108.1 1192.04 108.131C1192.04 108.136 1192.04 108.141 1192.03 108.146C1192.03 108.149 1192.03 108.151 1192.03 108.154C1192.03 108.154 1192.02 108.172 1192.04 108.195C1189 112.286 1186.74 116.896 1185.03 121.625L1183.86 124.801C1181.7 130.711 1180.36 136.943 1180.28 143.255V144.785C1180.36 151.057 1181.66 157.289 1183.86 163.239L1185.03 166.415C1186.78 171.19 1189.05 175.764 1192.05 179.859C1192.04 179.868 1192.03 179.877 1192.03 179.886C1192.03 179.886 1192.02 179.911 1192.04 179.941C1192.04 179.949 1192.03 179.957 1192.03 179.965C1192.03 179.965 1192.02 179.982 1192.04 180.005C1189 184.097 1186.74 188.706 1185.03 193.435L1183.86 196.611C1181.7 202.522 1180.36 208.753 1180.28 215.066V216.596C1180.36 222.868 1181.66 229.099 1183.86 235.05L1185.03 238.226C1186.78 243.001 1189.05 247.575 1192.05 251.669C1192.04 251.678 1192.03 251.687 1192.03 251.696C1192.03 251.696 1192.02 251.721 1192.04 251.752C1192.04 251.759 1192.03 251.767 1192.03 251.775C1192.03 251.775 1192.02 251.793 1192.04 251.816C1189 255.907 1186.74 260.516 1185.03 265.246L1183.86 268.422C1181.7 274.332 1180.36 280.564 1180.28 286.876V288H1187.64V285.025C1187.66 284.662 1187.69 284.289 1187.71 283.91C1187.76 283.237 1187.8 282.543 1187.88 281.849V281.567C1188 280.441 1188.12 279.356 1188.33 278.19C1189.38 271.717 1191.25 267.294 1192.07 265.606C1192.88 267.294 1194.75 271.717 1195.8 278.19C1196.01 279.315 1196.13 280.44 1196.25 281.564L1196.25 281.567V281.849ZM1187.64 141.404C1187.66 141.041 1187.69 140.669 1187.71 140.289C1187.76 139.616 1187.8 138.922 1187.88 138.228V137.946C1188 136.821 1188.12 135.735 1188.33 134.569C1189.38 128.096 1191.25 123.673 1192.07 121.985C1192.88 123.673 1194.75 128.096 1195.8 134.569C1196.01 135.694 1196.13 136.819 1196.25 137.944L1196.25 137.946V138.228C1196.37 139.313 1196.46 140.359 1196.5 141.404V146.636C1196.47 146.998 1196.44 147.37 1196.42 147.749C1196.37 148.422 1196.33 149.118 1196.25 149.812V150.094C1196.13 151.22 1196.01 152.305 1195.8 153.471C1194.75 159.944 1192.88 164.367 1192.07 166.055C1191.25 164.367 1189.38 159.944 1188.33 153.471C1188.12 152.345 1188 151.22 1187.88 150.094V149.812C1187.76 148.727 1187.68 147.682 1187.64 146.636V141.404ZM1187.64 213.214C1187.66 212.852 1187.69 212.479 1187.71 212.099C1187.76 211.426 1187.8 210.732 1187.88 210.038V209.757C1188 208.631 1188.12 207.545 1188.33 206.379C1189.38 199.906 1191.25 195.484 1192.07 193.795C1192.88 195.484 1194.75 199.906 1195.8 206.379C1196.01 207.504 1196.13 208.629 1196.25 209.754L1196.25 209.757V210.038C1196.37 211.124 1196.46 212.169 1196.5 213.214V218.447C1196.47 218.809 1196.44 219.181 1196.42 219.56C1196.37 220.234 1196.33 220.928 1196.25 221.623V221.904C1196.13 223.03 1196.01 224.116 1195.8 225.282C1194.75 231.755 1192.88 236.177 1192.07 237.866C1191.25 236.177 1189.38 231.755 1188.33 225.282C1188.12 224.156 1188 223.03 1187.88 221.904V221.623C1187.76 220.537 1187.68 219.492 1187.64 218.447V213.214ZM1187.64 69.5934C1187.66 69.231 1187.69 68.8581 1187.71 68.4785C1187.76 67.8054 1187.8 67.1113 1187.88 66.4172V66.1358C1188 65.01 1188.12 63.9245 1188.33 62.7586C1189.38 56.2855 1191.25 51.8629 1192.07 50.1743C1192.88 51.8629 1194.75 56.2855 1195.8 62.7586C1196.01 63.8834 1196.13 65.0082 1196.25 66.1331L1196.25 66.1358V66.4172C1196.37 67.5028 1196.46 68.5481 1196.5 69.5934V74.8258C1196.47 75.1879 1196.44 75.5604 1196.42 75.9396C1196.37 76.613 1196.33 77.3075 1196.25 78.0021V78.2835C1196.13 79.4092 1196.01 80.4948 1195.8 81.6607C1194.75 88.1338 1192.88 92.5564 1192.07 94.245C1191.25 92.5564 1189.38 88.1338 1188.33 81.6607C1188.12 80.535 1188 79.4092 1187.88 78.2835V78.0021C1187.76 76.9165 1187.68 75.8712 1187.64 74.8258V69.5934Z" fill="url(#paint58_linear_35097_25798)"/>
<path fill-rule="evenodd" clip-rule="evenodd" d="M1269.98 274.412C1268.23 279.156 1266 283.779 1262.95 287.88C1262.95 287.88 1262.95 287.92 1262.91 287.961H1262.87C1262.87 287.961 1262.87 287.92 1262.83 287.88C1259.82 283.779 1257.54 279.196 1255.8 274.412L1254.62 271.235C1252.42 265.285 1251.12 259.053 1251.04 252.781V250.69C1251.12 244.378 1252.46 238.146 1254.62 232.236L1255.8 229.06C1257.51 224.407 1259.69 219.87 1262.65 215.829C1259.73 211.79 1257.51 207.292 1255.8 202.601L1254.62 199.425C1252.42 193.474 1251.12 187.243 1251.04 180.971V178.88C1251.12 172.568 1252.46 166.336 1254.62 160.426L1255.8 157.25C1257.51 152.597 1259.69 148.06 1262.65 144.019C1259.73 139.979 1257.51 135.482 1255.8 130.791L1254.62 127.614C1252.42 121.664 1251.12 115.432 1251.04 109.16V107.07C1251.12 100.757 1252.46 94.5255 1254.62 88.6153L1255.8 85.4391C1257.51 80.7863 1259.69 76.2496 1262.65 72.2081C1259.73 68.1689 1257.51 63.6711 1255.8 58.9801L1254.62 55.8039C1252.42 49.8536 1251.12 43.6218 1251.04 37.3497V35.259C1251.12 28.9468 1252.46 22.715 1254.62 16.8049L1255.8 13.6286C1257.54 8.88443 1259.78 4.26083 1262.83 0.159943C1262.83 0.159943 1262.83 0.119659 1262.87 0.0794678H1262.91C1262.91 0.0794678 1262.91 0.119751 1262.95 0.159943C1265.96 4.26083 1268.23 8.84421 1269.98 13.6286L1271.16 16.8049C1273.36 22.7552 1274.66 28.987 1274.74 35.259V37.3497C1274.66 43.662 1273.32 49.8938 1271.16 55.8039L1269.98 58.9801C1268.27 63.6329 1266.08 68.1697 1263.13 72.2112C1266.05 76.2504 1268.27 80.7481 1269.98 85.4391L1271.16 88.6153C1273.36 94.5657 1274.66 100.797 1274.74 107.07V109.16C1274.66 115.472 1273.32 121.704 1271.16 127.614L1269.98 130.791C1268.27 135.443 1266.08 139.98 1263.13 144.022C1266.05 148.061 1268.27 152.559 1269.98 157.25L1271.16 160.426C1273.36 166.376 1274.66 172.608 1274.74 178.88V180.971C1274.66 187.283 1273.32 193.515 1271.16 199.425L1269.98 202.601C1268.27 207.254 1266.08 211.791 1263.13 215.832C1266.05 219.871 1268.27 224.369 1269.98 229.06L1271.16 232.236C1273.36 238.187 1274.66 244.418 1274.74 250.69V252.781C1274.66 259.093 1273.32 265.325 1271.16 271.235L1269.98 274.412ZM1267.38 248.72C1267.34 247.675 1267.26 246.63 1267.14 245.544V245.263L1267.14 245.26C1267.01 244.135 1266.89 243.01 1266.69 241.886C1265.63 235.412 1263.76 230.99 1262.95 229.301C1262.14 230.99 1260.27 235.412 1259.21 241.886C1259.01 243.051 1258.89 244.137 1258.76 245.263V245.544C1258.69 246.238 1258.64 246.932 1258.6 247.606C1258.57 247.985 1258.55 248.358 1258.52 248.72V254.671C1258.56 255.716 1258.64 256.761 1258.76 257.847V258.128C1258.89 259.254 1259.01 260.38 1259.21 261.506C1260.27 267.979 1262.14 272.401 1262.95 274.09C1263.76 272.401 1265.63 267.979 1266.69 261.506C1266.89 260.34 1267.02 259.254 1267.14 258.128V257.847C1267.21 257.153 1267.26 256.458 1267.3 255.785L1267.3 255.784C1267.33 255.405 1267.35 255.033 1267.38 254.671V248.72ZM1267.38 176.91C1267.34 175.865 1267.26 174.819 1267.14 173.734V173.452L1267.14 173.45C1267.01 172.325 1266.89 171.2 1266.69 170.075C1265.63 163.602 1263.76 159.179 1262.95 157.491C1262.14 159.179 1260.27 163.602 1259.21 170.075C1259.01 171.241 1258.89 172.327 1258.76 173.452V173.734C1258.69 174.428 1258.64 175.122 1258.6 175.795C1258.57 176.175 1258.55 176.547 1258.52 176.91V182.86C1258.56 183.906 1258.64 184.951 1258.76 186.036V186.318C1258.89 187.444 1259.01 188.569 1259.21 189.695C1260.27 196.168 1262.14 200.591 1262.95 202.279C1263.76 200.591 1265.63 196.168 1266.69 189.695C1266.89 188.529 1267.02 187.444 1267.14 186.318V186.036C1267.21 185.342 1267.26 184.648 1267.3 183.975C1267.33 183.596 1267.35 183.222 1267.38 182.86V176.91ZM1267.38 105.099C1267.34 104.054 1267.26 103.009 1267.14 101.923V101.642L1267.14 101.639C1267.01 100.514 1266.89 99.3894 1266.69 98.2646C1265.63 91.7915 1263.76 87.369 1262.95 85.6803C1262.14 87.369 1260.27 91.7915 1259.21 98.2646C1259.01 99.4305 1258.89 100.516 1258.76 101.642V101.923C1258.69 102.617 1258.64 103.311 1258.6 103.985C1258.57 104.364 1258.55 104.737 1258.52 105.099V111.05C1258.56 112.095 1258.64 113.14 1258.76 114.226V114.507C1258.89 115.633 1259.01 116.759 1259.21 117.885C1260.27 124.358 1262.14 128.78 1262.95 130.469C1263.76 128.78 1265.63 124.358 1266.69 117.885C1266.89 116.719 1267.02 115.633 1267.14 114.507V114.226C1267.21 113.532 1267.26 112.837 1267.3 112.164L1267.3 112.163C1267.33 111.784 1267.35 111.412 1267.38 111.05V105.099ZM1267.38 33.289C1267.34 32.2437 1267.26 31.1983 1267.14 30.1128V29.8314L1267.14 29.8286C1267.01 28.7038 1266.89 27.579 1266.69 26.4541C1265.63 19.9811 1263.76 15.5585 1262.95 13.8699C1262.14 15.5585 1260.27 19.9811 1259.21 26.4541C1259.01 27.6201 1258.89 28.7056 1258.76 29.8314V30.1128C1258.69 30.8069 1258.64 31.501 1258.6 32.1741C1258.57 32.5537 1258.55 32.9266 1258.52 33.289V39.2394C1258.56 40.2847 1258.64 41.33 1258.76 42.4156V42.697C1258.89 43.8227 1259.01 44.9485 1259.21 46.0742C1260.27 52.5473 1262.14 56.9699 1262.95 58.6585C1263.76 56.9699 1265.63 52.5473 1266.69 46.0742C1266.89 44.9083 1267.02 43.8227 1267.14 42.697V42.4156C1267.21 41.7213 1267.26 41.027 1267.3 40.3538L1267.3 40.3515C1267.33 39.9729 1267.35 39.6009 1267.38 39.2394V33.289Z" fill="url(#paint59_linear_35097_25798)"/>
<path fill-rule="evenodd" clip-rule="evenodd" d="M963.315 238.147C961.568 242.892 959.332 247.515 956.284 251.616C956.325 251.656 956.324 251.696 956.324 251.696C956.284 251.737 956.284 251.777 956.284 251.777C959.292 255.878 961.568 260.461 963.315 265.246L964.494 268.422C966.689 274.372 967.99 280.604 968.071 286.876V287.921H960.714V284.946C960.674 283.901 960.592 282.856 960.47 281.77V281.489C960.348 280.363 960.226 279.237 960.023 278.111C958.966 271.638 957.097 267.216 956.284 265.527C955.471 267.216 953.601 271.638 952.545 278.111C952.341 279.277 952.219 280.363 952.098 281.489V281.77C952.02 282.464 951.975 283.158 951.931 283.831C951.907 284.211 951.883 284.584 951.854 284.946V287.921H944.497V286.876C944.578 280.564 945.919 274.332 948.074 268.422L949.252 265.246C951 260.501 953.236 255.878 956.284 251.777C956.243 251.737 956.243 251.696 956.243 251.696C956.284 251.656 956.284 251.616 956.284 251.616C953.276 247.515 951 242.932 949.252 238.147L948.074 234.971C945.879 229.021 944.578 222.789 944.497 216.517V215.066C944.578 208.753 945.919 202.522 948.074 196.611L949.252 193.435C951 188.691 953.236 184.067 956.284 179.966C956.243 179.926 956.243 179.886 956.243 179.886C956.284 179.846 956.284 179.806 956.284 179.806C953.276 175.705 951 171.121 949.252 166.337L948.074 163.161C945.879 157.21 944.578 150.978 944.497 144.706V143.255C944.578 136.943 945.919 130.711 948.074 124.801L949.252 121.625C951 116.88 953.236 112.257 956.284 108.156C956.243 108.116 956.243 108.076 956.243 108.076C956.284 108.035 956.284 107.995 956.284 107.995C953.276 103.894 951 99.3108 949.252 94.5264L948.074 91.3502C945.879 85.3998 944.578 79.168 944.497 72.896V71.4446C944.578 65.1324 945.919 58.9006 948.074 52.9904L949.252 49.8142C951 45.07 953.236 40.4464 956.284 36.3455C956.243 36.3053 956.243 36.2651 956.243 36.2651C956.284 36.2249 956.284 36.1847 956.284 36.1847C953.276 32.0837 951 27.5003 949.252 22.7159L948.074 19.5397C945.879 13.5893 944.578 7.35751 944.497 1.08554V0.0401917H951.854V3.01541C951.894 4.06073 951.976 5.10605 952.098 6.19159V6.47302L952.098 6.47543C952.22 7.60037 952.341 8.72528 952.545 9.85025C953.601 16.3233 955.471 20.7459 956.284 22.4345C957.097 20.7459 958.966 16.3233 960.023 9.85025C960.226 8.6843 960.348 7.59875 960.47 6.47302V6.19159C960.548 5.49738 960.593 4.80322 960.636 4.13007C960.661 3.75046 960.685 3.37772 960.714 3.01541V0.0401917H968.071V1.08554C967.99 7.39774 966.648 13.6295 964.494 19.5397L963.315 22.7159C961.568 27.4601 959.332 32.0837 956.284 36.1847C956.325 36.2249 956.324 36.2651 956.324 36.2651C956.284 36.3053 956.284 36.3455 956.284 36.3455C959.292 40.4464 961.568 45.0298 963.315 49.8142L964.494 52.9904C966.689 58.9408 967.99 65.1726 968.071 71.4446V72.896C967.99 79.2082 966.648 85.44 964.494 91.3502L963.315 94.5264C961.568 99.2706 959.332 103.894 956.284 107.995C956.325 108.035 956.324 108.076 956.324 108.076C956.284 108.116 956.284 108.156 956.284 108.156C959.292 112.257 961.568 116.84 963.315 121.625L964.494 124.801C966.689 130.751 967.99 136.983 968.071 143.255V144.706C967.99 151.019 966.648 157.25 964.494 163.161L963.315 166.337C961.568 171.081 959.332 175.705 956.284 179.806C956.325 179.846 956.324 179.886 956.324 179.886C956.284 179.926 956.284 179.966 956.284 179.966C959.292 184.067 961.568 188.651 963.315 193.435L964.494 196.611C966.689 202.562 967.99 208.794 968.071 215.066V216.517C967.99 222.829 966.648 229.061 964.494 234.971L963.315 238.147ZM960.714 146.636C960.685 146.999 960.661 147.371 960.636 147.751C960.593 148.424 960.548 149.118 960.47 149.812V150.094C960.348 151.22 960.226 152.305 960.023 153.471C958.966 159.944 957.097 164.367 956.284 166.055C955.471 164.367 953.601 159.944 952.545 153.471C952.341 152.346 952.22 151.221 952.098 150.096L952.098 150.094V149.812C951.976 148.727 951.894 147.682 951.854 146.636V141.325C951.883 140.963 951.907 140.59 951.931 140.211C951.975 139.538 952.02 138.843 952.098 138.149V137.868C952.219 136.742 952.341 135.656 952.545 134.49C953.601 128.017 955.471 123.595 956.284 121.906C957.097 123.595 958.966 128.017 960.023 134.49C960.226 135.616 960.348 136.742 960.47 137.868V138.149C960.592 139.235 960.674 140.28 960.714 141.325V146.636ZM951.854 218.447C951.894 219.492 951.976 220.537 952.098 221.623V221.904L952.098 221.907C952.22 223.032 952.341 224.157 952.545 225.282C953.601 231.755 955.471 236.177 956.284 237.866C957.097 236.177 958.966 231.755 960.023 225.282C960.226 224.116 960.348 223.03 960.47 221.904V221.623C960.548 220.929 960.593 220.235 960.636 219.561V219.56C960.661 219.181 960.685 218.809 960.714 218.447V213.136C960.674 212.09 960.592 211.045 960.47 209.96V209.678C960.348 208.552 960.226 207.427 960.023 206.301C958.966 199.828 957.097 195.405 956.284 193.717C955.471 195.405 953.601 199.828 952.545 206.301C952.341 207.467 952.219 208.552 952.098 209.678V209.96C952.02 210.654 951.975 211.348 951.931 212.021C951.907 212.4 951.883 212.773 951.854 213.136V218.447ZM951.854 74.8258C951.894 75.8712 951.976 76.9165 952.098 78.0021V78.2835L952.098 78.2859C952.22 79.4108 952.341 80.5358 952.545 81.6607C953.601 88.1337 955.471 92.5563 956.284 94.245C957.097 92.5563 958.966 88.1337 960.023 81.6607C960.226 80.4948 960.348 79.4092 960.47 78.2835V78.0021C960.548 77.3079 960.593 76.6137 960.636 75.9404V75.9393C960.661 75.5604 960.685 75.1877 960.714 74.8258V69.5148C960.674 68.4695 960.592 67.4241 960.47 66.3386V66.0572C960.348 64.9314 960.226 63.8056 960.023 62.6799C958.966 56.2068 957.097 51.7843 956.284 50.0957C955.471 51.7843 953.601 56.2068 952.545 62.6799C952.341 63.8458 952.219 64.9314 952.098 66.0572V66.3386C952.02 67.0328 951.975 67.7269 951.931 68.4001C951.907 68.7796 951.883 69.1525 951.854 69.5148V74.8258Z" fill="url(#paint60_linear_35097_25798)"/>
<path fill-rule="evenodd" clip-rule="evenodd" d="M1003.51 251.616C1006.56 247.515 1008.8 242.892 1010.55 238.147L1011.72 234.971C1013.88 229.061 1015.22 222.829 1015.3 216.517V215.066C1015.22 208.794 1013.92 202.562 1011.72 196.611L1010.55 193.435C1008.76 188.651 1006.52 184.067 1003.51 179.966C1000.46 184.067 998.189 188.691 996.482 193.435L995.303 196.611C993.149 202.522 991.808 208.753 991.726 215.066V216.517C991.808 222.789 993.108 229.021 995.303 234.971L996.482 238.147C998.229 242.932 1000.51 247.515 1003.51 251.616ZM999.083 213.136C999.112 212.774 999.136 212.401 999.161 212.022C999.204 211.349 999.249 210.654 999.327 209.96V209.678C999.449 208.552 999.571 207.467 999.774 206.301C1000.83 199.828 1002.7 195.405 1003.51 193.717C1004.33 195.405 1006.2 199.828 1007.25 206.301C1007.46 207.427 1007.58 208.552 1007.7 209.678V209.96C1007.82 211.045 1007.9 212.09 1007.94 213.136V218.447C1007.91 218.809 1007.89 219.182 1007.87 219.561C1007.82 220.234 1007.78 220.929 1007.7 221.623V221.904C1007.58 223.03 1007.46 224.116 1007.25 225.282C1006.2 231.755 1004.33 236.177 1003.51 237.866C1002.7 236.177 1000.83 231.755 999.774 225.282C999.571 224.157 999.449 223.032 999.327 221.907L999.327 221.904V221.623C999.205 220.537 999.124 219.492 999.083 218.447V213.136Z" fill="url(#paint61_linear_35097_25798)"/>
<path fill-rule="evenodd" clip-rule="evenodd" d="M1003.51 251.777C1006.52 255.878 1008.76 260.461 1010.55 265.246L1011.72 268.422C1013.92 274.372 1015.22 280.604 1015.3 286.876V287.921H1007.94V284.946C1007.9 283.901 1007.82 282.856 1007.7 281.77V281.489C1007.58 280.363 1007.46 279.237 1007.25 278.111C1006.2 271.638 1004.33 267.216 1003.51 265.527C1002.7 267.216 1000.83 271.638 999.774 278.111C999.571 279.277 999.449 280.363 999.327 281.489V281.77C999.249 282.464 999.204 283.158 999.161 283.832C999.136 284.211 999.112 284.584 999.083 284.946V287.921H991.726V286.876C991.808 280.564 993.149 274.332 995.303 268.422L996.482 265.246C998.189 260.501 1000.46 255.878 1003.51 251.777ZM1003.51 251.777C1003.51 251.777 1003.51 251.737 1003.55 251.696C1003.55 251.696 1003.55 251.656 1003.51 251.616C1003.51 251.616 1003.51 251.656 1003.47 251.696C1003.47 251.696 1003.47 251.737 1003.51 251.777Z" fill="url(#paint62_linear_35097_25798)"/>
<path d="M1003.51 179.806C1003.51 179.806 1003.51 179.846 1003.47 179.886C1003.47 179.886 1003.47 179.926 1003.51 179.966C1003.51 179.966 1003.51 179.926 1003.55 179.886C1003.55 179.886 1003.55 179.846 1003.51 179.806Z" fill="url(#paint63_linear_35097_25798)"/>
<path fill-rule="evenodd" clip-rule="evenodd" d="M1015.3 144.706C1015.22 151.019 1013.88 157.25 1011.72 163.161L1010.55 166.337C1008.8 171.081 1006.56 175.705 1003.51 179.806C1000.51 175.705 998.229 171.121 996.482 166.337L995.303 163.161C993.108 157.21 991.808 150.978 991.726 144.706V143.255C991.808 136.943 993.149 130.711 995.303 124.801L996.482 121.625C998.189 116.88 1000.46 112.257 1003.51 108.156C1003.47 108.116 1003.47 108.076 1003.47 108.076C1003.51 108.035 1003.51 107.995 1003.51 107.995C1000.51 103.894 998.229 99.3108 996.482 94.5264L995.303 91.3502C993.108 85.3998 991.808 79.168 991.726 72.896V71.4446C991.808 65.1324 993.149 58.9006 995.303 52.9904L996.482 49.8142C998.189 45.07 1000.46 40.4464 1003.51 36.3455C1003.47 36.3053 1003.47 36.2651 1003.47 36.2651C1003.51 36.2249 1003.51 36.1847 1003.51 36.1847C1000.51 32.0837 998.229 27.5003 996.482 22.7159L995.303 19.5397C993.108 13.5893 991.808 7.35751 991.726 1.08554V0.0401917H999.083V3.01541C999.124 4.06073 999.205 5.10605 999.327 6.19159V6.47302L999.327 6.47537C999.449 7.60034 999.571 8.72528 999.774 9.85025C1000.83 16.3233 1002.7 20.7459 1003.51 22.4345C1004.33 20.7459 1006.2 16.3233 1007.25 9.85025C1007.46 8.6843 1007.58 7.59875 1007.7 6.47302V6.19159C1007.78 5.49744 1007.82 4.80325 1007.87 4.12988C1007.89 3.75043 1007.91 3.37769 1007.94 3.01541V0.0401917H1015.3V1.08554C1015.22 7.39774 1013.88 13.6295 1011.72 19.5397L1010.55 22.7159C1008.8 27.4601 1006.56 32.0837 1003.51 36.1847C1003.55 36.2249 1003.55 36.2651 1003.55 36.2651C1003.51 36.3053 1003.51 36.3455 1003.51 36.3455C1006.52 40.4464 1008.76 45.0298 1010.55 49.8142L1011.72 52.9904C1013.92 58.9408 1015.22 65.1726 1015.3 71.4446V72.896C1015.22 79.2082 1013.88 85.44 1011.72 91.3502L1010.55 94.5264C1008.8 99.2706 1006.56 103.894 1003.51 107.995C1003.55 108.035 1003.55 108.076 1003.55 108.076C1003.51 108.116 1003.51 108.156 1003.51 108.156C1006.52 112.257 1008.76 116.84 1010.55 121.625L1011.72 124.801C1013.92 130.751 1015.22 136.983 1015.3 143.255V144.706ZM1007.94 146.636C1007.91 146.999 1007.89 147.371 1007.87 147.751C1007.82 148.424 1007.78 149.118 1007.7 149.812V150.094C1007.58 151.22 1007.46 152.305 1007.25 153.471C1006.2 159.944 1004.33 164.367 1003.51 166.055C1002.7 164.367 1000.83 159.944 999.774 153.471C999.571 152.346 999.449 151.221 999.327 150.096L999.327 150.094V149.812C999.205 148.727 999.124 147.682 999.083 146.636V141.325C999.112 140.963 999.136 140.59 999.161 140.211C999.204 139.538 999.249 138.843 999.327 138.149V137.868C999.449 136.742 999.571 135.656 999.774 134.49C1000.83 128.017 1002.7 123.595 1003.51 121.906C1004.33 123.595 1006.2 128.017 1007.25 134.49C1007.46 135.616 1007.58 136.742 1007.7 137.868V138.149C1007.82 139.235 1007.9 140.28 1007.94 141.325V146.636ZM999.083 69.5148C999.112 69.1526 999.136 68.78 999.161 68.4007C999.204 67.7276 999.249 67.0328 999.327 66.3386V66.0572C999.449 64.9314 999.571 63.8458 999.774 62.6799C1000.83 56.2068 1002.7 51.7843 1003.51 50.0957C1004.33 51.7843 1006.2 56.2068 1007.25 62.6799C1007.46 63.8056 1007.58 64.9314 1007.7 66.0572V66.3386C1007.82 67.4241 1007.9 68.4695 1007.94 69.5148V74.8258C1007.91 75.188 1007.89 75.5607 1007.87 75.94C1007.82 76.6131 1007.78 77.3079 1007.7 78.0021V78.2835C1007.58 79.4092 1007.46 80.4948 1007.25 81.6607C1006.2 88.1338 1004.33 92.5564 1003.51 94.245C1002.7 92.5564 1000.83 88.1338 999.774 81.6607C999.571 80.5358 999.449 79.4108 999.327 78.2859L999.327 78.2835V78.0021C999.205 76.9165 999.124 75.8712 999.083 74.8258V69.5148Z" fill="url(#paint64_linear_35097_25798)"/>
<path fill-rule="evenodd" clip-rule="evenodd" d="M991.604 252.742C991.523 259.054 990.182 265.286 988.028 271.196L986.849 274.372C985.101 279.116 982.866 283.74 979.817 287.841C979.817 287.841 979.817 287.881 979.777 287.921H979.736C979.736 287.921 979.736 287.881 979.695 287.841C976.688 283.74 974.412 279.157 972.664 274.372L971.485 271.196C969.29 265.246 967.99 259.014 967.908 252.742V250.611C967.99 244.299 969.331 238.067 971.485 232.157L972.664 228.981C974.375 224.335 976.554 219.806 979.505 215.769C976.591 211.735 974.375 207.245 972.664 202.562L971.485 199.386C969.29 193.435 967.99 187.203 967.908 180.931V178.8C967.99 172.488 969.331 166.256 971.485 160.346L972.664 157.17C974.375 152.525 976.554 147.995 979.505 143.959C976.591 139.925 974.375 135.434 972.664 130.751L971.485 127.575C969.29 121.625 967.99 115.393 967.908 109.121V106.99C967.99 100.678 969.331 94.446 971.485 88.5358L972.664 85.3596C974.375 80.7145 976.554 76.185 979.505 72.1485C976.591 68.1145 974.375 63.624 972.664 58.9408L971.485 55.7646C969.29 49.8142 967.99 43.5824 967.908 37.3104V35.1795C967.99 28.8673 969.331 22.6355 971.485 16.7253L972.664 13.5491C974.412 8.80487 976.647 4.1813 979.695 0.0804138C979.695 0.0804138 979.695 0.0401917 979.736 0H979.777C979.777 0 979.777 0.0401917 979.817 0.0804138C982.825 4.1813 985.101 8.76468 986.849 13.5491L988.028 16.7253C990.222 22.6757 991.523 28.9075 991.604 35.1795V37.3104C991.523 43.6226 990.182 49.8544 988.028 55.7646L986.849 58.9408C985.138 63.5859 982.959 68.1154 980.007 72.1519C982.921 76.1859 985.138 80.6764 986.849 85.3596L988.028 88.5358C990.222 94.4862 991.523 100.718 991.604 106.99V109.121C991.523 115.433 990.182 121.665 988.028 127.575L986.849 130.751C985.138 135.396 982.959 139.926 980.007 143.962C982.921 147.996 985.138 152.487 986.849 157.17L988.028 160.346C990.222 166.297 991.523 172.528 991.604 178.8V180.931C991.523 187.244 990.182 193.475 988.028 199.386L986.849 202.562C985.138 207.207 982.959 211.736 980.007 215.773C982.921 219.807 985.138 224.297 986.849 228.981L988.028 232.157C990.222 238.107 991.523 244.339 991.604 250.611V252.742ZM984.207 248.761C984.166 247.716 984.085 246.671 983.963 245.585V245.304C983.841 244.178 983.719 243.052 983.516 241.927C982.459 235.454 980.59 231.031 979.777 229.342C978.964 231.031 977.094 235.454 976.037 241.927C975.834 243.093 975.712 244.178 975.59 245.304V245.585C975.512 246.279 975.468 246.974 975.424 247.647C975.4 248.026 975.376 248.399 975.346 248.761V254.712C975.387 255.757 975.468 256.803 975.59 257.888V258.17L975.591 258.172C975.712 259.297 975.834 260.422 976.037 261.547C977.094 268.02 978.964 272.442 979.777 274.131C980.59 272.442 982.459 268.02 983.516 261.547C983.719 260.381 983.841 259.295 983.963 258.17V257.888C984.041 257.194 984.086 256.5 984.129 255.827C984.154 255.447 984.178 255.074 984.207 254.712V248.761ZM984.207 176.951C984.166 175.906 984.085 174.86 983.963 173.775V173.493C983.841 172.368 983.719 171.242 983.516 170.116C982.459 163.643 980.59 159.221 979.777 157.532C978.964 159.221 977.094 163.643 976.037 170.116C975.834 171.282 975.712 172.368 975.59 173.493V173.775C975.512 174.469 975.468 175.163 975.424 175.836L975.424 175.838L975.424 175.839C975.4 176.218 975.376 176.589 975.346 176.951V182.901C975.387 183.947 975.468 184.992 975.59 186.078V186.359L975.591 186.362C975.712 187.487 975.834 188.611 976.037 189.736C977.094 196.209 978.964 200.632 979.777 202.321C980.59 200.632 982.459 196.209 983.516 189.736C983.719 188.57 983.841 187.485 983.963 186.359V186.078C984.041 185.384 984.086 184.689 984.129 184.016C984.154 183.637 984.178 183.264 984.207 182.901V176.951ZM984.207 105.141C984.166 104.095 984.085 103.05 983.963 101.964V101.683C983.841 100.557 983.719 99.4314 983.516 98.3056C982.459 91.8326 980.59 87.4101 979.777 85.7214C978.964 87.4101 977.094 91.8326 976.037 98.3056C975.834 99.4716 975.712 100.557 975.59 101.683V101.964C975.512 102.659 975.468 103.353 975.424 104.026C975.4 104.405 975.376 104.778 975.346 105.141V111.091C975.387 112.136 975.468 113.182 975.59 114.267V114.549L975.591 114.551C975.712 115.676 975.834 116.801 976.037 117.926C977.094 124.399 978.964 128.821 979.777 130.51C980.59 128.821 982.459 124.399 983.516 117.926C983.719 116.76 983.841 115.674 983.963 114.549V114.267C984.041 113.573 984.086 112.879 984.129 112.206C984.154 111.826 984.178 111.453 984.207 111.091V105.141ZM984.207 33.3301C984.166 32.2848 984.085 31.2394 983.963 30.1539V29.8724C983.841 28.7467 983.719 27.621 983.516 26.4952C982.459 20.0222 980.59 15.5996 979.777 13.911C978.964 15.5996 977.094 20.0222 976.037 26.4952C975.834 27.6612 975.712 28.7467 975.59 29.8724V30.1539C975.512 30.8481 975.468 31.5422 975.424 32.2154L975.424 32.2167L975.424 32.218C975.4 32.5966 975.376 32.9686 975.346 33.3301V39.2805C975.387 40.3258 975.468 41.3712 975.59 42.4567V42.7381L975.591 42.7407C975.712 43.8656 975.834 44.9905 976.037 46.1154C977.094 52.5884 978.964 57.011 979.777 58.6996C980.59 57.011 982.459 52.5884 983.516 46.1154C983.719 44.9494 983.841 43.8639 983.963 42.7381V42.4567C984.041 41.7626 984.086 41.0685 984.129 40.3955C984.154 40.0159 984.178 39.6429 984.207 39.2805V33.3301Z" fill="url(#paint65_linear_35097_25798)"/>
<path fill-rule="evenodd" clip-rule="evenodd" d="M1038.87 252.742V250.611C1038.79 244.339 1037.49 238.107 1035.3 232.157L1034.12 228.981C1032.37 224.297 1030.19 219.807 1027.28 215.773C1030.23 211.736 1032.41 207.207 1034.12 202.562L1035.3 199.386C1037.45 193.475 1038.79 187.244 1038.87 180.931V178.8C1038.79 172.528 1037.49 166.297 1035.3 160.346L1034.12 157.17C1032.37 152.487 1030.19 147.996 1027.28 143.962C1030.23 139.926 1032.41 135.396 1034.12 130.751L1035.3 127.575C1037.45 121.665 1038.79 115.433 1038.87 109.121V106.99C1038.79 100.718 1037.49 94.4862 1035.3 88.5358L1034.12 85.3596C1032.37 80.6764 1030.19 76.1859 1027.28 72.1519C1030.23 68.1154 1032.41 63.5859 1034.12 58.9408L1035.3 55.7646C1037.45 49.8544 1038.79 43.6226 1038.87 37.3104V35.1795C1038.79 28.9075 1037.49 22.6757 1035.3 16.7253L1034.12 13.5491C1032.33 8.76468 1030.1 4.1813 1027.09 0.0804138C1027.05 0.0401917 1027.05 0 1027.05 0H1027.01C1026.97 0.0401917 1026.97 0.0804138 1026.97 0.0804138C1023.92 4.1813 1021.64 8.80487 1019.93 13.5491L1018.76 16.7253C1016.6 22.6355 1015.26 28.8673 1015.18 35.1795V37.3104C1015.26 43.5824 1016.56 49.8142 1018.76 55.7646L1019.93 58.9408C1021.64 63.624 1023.86 68.1145 1026.78 72.1485C1023.82 76.185 1021.61 80.7145 1019.93 85.3596L1018.76 88.5358C1016.6 94.446 1015.26 100.678 1015.18 106.99V109.121C1015.26 115.393 1016.56 121.625 1018.76 127.575L1019.93 130.751C1021.64 135.434 1023.86 139.925 1026.78 143.959C1023.82 147.995 1021.61 152.525 1019.93 157.17L1018.76 160.346C1016.6 166.256 1015.26 172.488 1015.18 178.8V180.931C1015.26 187.203 1016.56 193.435 1018.76 199.386L1019.93 202.562C1021.64 207.245 1023.86 211.735 1026.78 215.769C1023.82 219.806 1021.61 224.335 1019.93 228.981L1018.76 232.157C1016.6 238.067 1015.26 244.299 1015.18 250.611V252.742C1015.26 259.014 1016.56 265.246 1018.76 271.196L1019.93 274.372C1021.68 279.157 1023.96 283.74 1026.97 287.841C1027.01 287.881 1027.01 287.921 1027.01 287.921H1027.05C1027.09 287.881 1027.09 287.841 1027.09 287.841C1030.14 283.74 1032.37 279.116 1034.12 274.372L1035.3 271.196C1037.45 265.286 1038.79 259.054 1038.87 252.742ZM1031.48 248.761V254.712C1031.45 255.074 1031.42 255.447 1031.4 255.827C1031.36 256.5 1031.31 257.194 1031.23 257.888V258.17C1031.11 259.295 1030.99 260.381 1030.79 261.547C1029.73 268.02 1027.86 272.442 1027.05 274.131C1026.23 272.442 1024.36 268.02 1023.31 261.547C1023.1 260.422 1022.98 259.297 1022.86 258.172L1022.86 258.17V257.888C1022.74 256.803 1022.66 255.757 1022.62 254.712V248.761C1022.65 248.4 1022.67 248.029 1022.69 247.651L1022.69 247.65L1022.69 247.648C1022.74 246.974 1022.78 246.28 1022.86 245.585V245.304C1022.98 244.178 1023.1 243.093 1023.31 241.927C1024.36 235.454 1026.23 231.031 1027.05 229.342C1027.86 231.031 1029.73 235.454 1030.79 241.927C1030.99 243.052 1031.11 244.178 1031.23 245.304V245.585C1031.36 246.671 1031.44 247.716 1031.48 248.761ZM1031.48 176.951V182.901C1031.45 183.264 1031.42 183.637 1031.4 184.016C1031.36 184.689 1031.31 185.383 1031.23 186.078V186.359C1031.11 187.485 1030.99 188.57 1030.79 189.736C1029.73 196.209 1027.86 200.632 1027.05 202.321C1026.23 200.632 1024.36 196.209 1023.31 189.736C1023.1 188.611 1022.98 187.487 1022.86 186.362L1022.86 186.359V186.078C1022.74 184.992 1022.66 183.947 1022.62 182.901V176.951C1022.65 176.59 1022.67 176.218 1022.69 175.839L1022.69 175.838L1022.69 175.837C1022.74 175.163 1022.78 174.469 1022.86 173.775V173.493C1022.98 172.368 1023.1 171.282 1023.31 170.116C1024.36 163.643 1026.23 159.221 1027.05 157.532C1027.86 159.221 1029.73 163.643 1030.79 170.116C1030.99 171.242 1031.11 172.368 1031.23 173.493V173.775C1031.36 174.86 1031.44 175.906 1031.48 176.951ZM1031.48 105.141V111.091C1031.45 111.453 1031.42 111.826 1031.4 112.206C1031.36 112.879 1031.31 113.573 1031.23 114.267V114.549C1031.11 115.674 1030.99 116.76 1030.79 117.926C1029.73 124.399 1027.86 128.821 1027.05 130.51C1026.23 128.821 1024.36 124.399 1023.31 117.926C1023.1 116.801 1022.98 115.676 1022.86 114.551L1022.86 114.549V114.267C1022.74 113.182 1022.66 112.136 1022.62 111.091V105.141C1022.65 104.78 1022.67 104.408 1022.69 104.03L1022.69 104.029L1022.69 104.027C1022.74 103.353 1022.78 102.659 1022.86 101.964V101.683C1022.98 100.557 1023.1 99.4716 1023.31 98.3056C1024.36 91.8326 1026.23 87.4101 1027.05 85.7214C1027.86 87.4101 1029.73 91.8326 1030.79 98.3056C1030.99 99.4314 1031.11 100.557 1031.23 101.683V101.964C1031.36 103.05 1031.44 104.095 1031.48 105.141ZM1031.48 33.3301V39.2805C1031.45 39.6429 1031.42 40.0157 1031.4 40.3952C1031.36 41.0684 1031.31 41.7625 1031.23 42.4567V42.7381C1031.11 43.8639 1030.99 44.9494 1030.79 46.1154C1029.73 52.5884 1027.86 57.011 1027.05 58.6996C1026.23 57.011 1024.36 52.5884 1023.31 46.1154C1023.1 44.9905 1022.98 43.8656 1022.86 42.7406L1022.86 42.7381V42.4567C1022.74 41.3712 1022.66 40.3258 1022.62 39.2805V33.3301C1022.65 32.9687 1022.67 32.5969 1022.69 32.2185L1022.69 32.2172L1022.69 32.2157C1022.74 31.5424 1022.78 30.8482 1022.86 30.1539V29.8724C1022.98 28.7467 1023.1 27.6612 1023.31 26.4952C1024.36 20.0222 1026.23 15.5996 1027.05 13.911C1027.86 15.5996 1029.73 20.0222 1030.79 26.4952C1030.99 27.621 1031.11 28.7467 1031.23 29.8724V30.1539C1031.36 31.2394 1031.44 32.2848 1031.48 33.3301Z" fill="url(#paint66_linear_35097_25798)"/>
<path fill-rule="evenodd" clip-rule="evenodd" d="M1057.65 238.147C1055.9 242.892 1053.67 247.515 1050.62 251.616C1050.66 251.656 1050.66 251.696 1050.66 251.696C1050.62 251.737 1050.62 251.777 1050.62 251.777C1053.63 255.878 1055.9 260.461 1057.65 265.246L1058.83 268.422C1061.03 274.372 1062.33 280.604 1062.41 286.876V287.921H1055.05V284.946C1055.01 283.901 1054.93 282.856 1054.81 281.77V281.489L1054.81 281.486C1054.69 280.361 1054.56 279.236 1054.36 278.111C1053.3 271.638 1051.43 267.216 1050.62 265.527C1049.81 267.216 1047.94 271.638 1046.88 278.111C1046.68 279.277 1046.56 280.363 1046.43 281.489V281.77C1046.36 282.464 1046.31 283.158 1046.27 283.831C1046.24 284.211 1046.22 284.584 1046.19 284.946V287.921H1038.83V286.876C1038.92 280.564 1040.26 274.332 1042.41 268.422L1043.59 265.246C1045.34 260.501 1047.57 255.878 1050.62 251.777C1050.58 251.737 1050.58 251.696 1050.58 251.696C1050.62 251.656 1050.62 251.616 1050.62 251.616C1047.61 247.515 1045.34 242.932 1043.59 238.147L1042.41 234.971C1040.22 229.021 1038.92 222.789 1038.83 216.517V215.066C1038.92 208.753 1040.26 202.522 1042.41 196.611L1043.59 193.435C1045.34 188.691 1047.57 184.067 1050.62 179.966C1050.58 179.926 1050.58 179.886 1050.58 179.886C1050.62 179.846 1050.62 179.806 1050.62 179.806C1047.61 175.705 1045.34 171.121 1043.59 166.337L1042.41 163.161C1040.22 157.21 1038.92 150.978 1038.83 144.706V143.255C1038.92 136.943 1040.26 130.711 1042.41 124.801L1043.59 121.625C1045.34 116.88 1047.57 112.257 1050.62 108.156C1050.58 108.116 1050.58 108.076 1050.58 108.076C1050.62 108.035 1050.62 107.995 1050.62 107.995C1047.61 103.894 1045.34 99.3108 1043.59 94.5264L1042.41 91.3502C1040.22 85.3998 1038.92 79.168 1038.83 72.896V71.4446C1038.92 65.1324 1040.26 58.9006 1042.41 52.9904L1043.59 49.8142C1045.34 45.07 1047.57 40.4464 1050.62 36.3455C1050.58 36.3053 1050.58 36.2651 1050.58 36.2651C1050.62 36.2249 1050.62 36.1847 1050.62 36.1847C1047.61 32.0837 1045.34 27.5003 1043.59 22.7159L1042.41 19.5397C1040.22 13.5893 1038.92 7.35751 1038.83 1.08554V0.0401917H1046.19V3.01541C1046.23 4.06073 1046.31 5.10605 1046.43 6.19159V6.47302L1046.43 6.47537C1046.56 7.60034 1046.68 8.72528 1046.88 9.85025C1047.94 16.3233 1049.81 20.7459 1050.62 22.4345C1051.43 20.7459 1053.3 16.3233 1054.36 9.85025C1054.56 8.6843 1054.69 7.59875 1054.81 6.47302V6.19159C1054.89 5.49768 1054.93 4.80383 1054.97 4.13071L1054.97 4.12894C1055 3.75015 1055.02 3.37708 1055.05 3.01541V0.0401917H1062.41V1.08554C1062.33 7.39774 1060.99 13.6295 1058.83 19.5397L1057.65 22.7159C1055.9 27.4601 1053.67 32.0837 1050.62 36.1847C1050.66 36.2249 1050.66 36.2651 1050.66 36.2651C1050.62 36.3053 1050.62 36.3455 1050.62 36.3455C1053.63 40.4464 1055.9 45.0298 1057.65 49.8142L1058.83 52.9904C1061.03 58.9408 1062.33 65.1726 1062.41 71.4446V72.896C1062.33 79.2082 1060.99 85.44 1058.83 91.3502L1057.65 94.5264C1055.9 99.2706 1053.67 103.894 1050.62 107.995C1050.66 108.035 1050.66 108.076 1050.66 108.076C1050.62 108.116 1050.62 108.156 1050.62 108.156C1053.63 112.257 1055.9 116.84 1057.65 121.625L1058.83 124.801C1061.03 130.751 1062.33 136.983 1062.41 143.255V144.706C1062.33 151.019 1060.99 157.25 1058.83 163.161L1057.65 166.337C1055.9 171.081 1053.67 175.705 1050.62 179.806C1050.66 179.846 1050.66 179.886 1050.66 179.886C1050.62 179.926 1050.62 179.966 1050.62 179.966C1053.63 184.067 1055.9 188.651 1057.65 193.435L1058.83 196.611C1061.03 202.562 1062.33 208.794 1062.41 215.066V216.517C1062.33 222.829 1060.99 229.061 1058.83 234.971L1057.65 238.147ZM1055.05 146.636C1055.02 146.998 1055 147.371 1054.97 147.75L1054.97 147.751C1054.93 148.424 1054.89 149.118 1054.81 149.812V150.094C1054.69 151.22 1054.56 152.305 1054.36 153.471C1053.3 159.944 1051.43 164.367 1050.62 166.055C1049.81 164.367 1047.94 159.944 1046.88 153.471C1046.68 152.346 1046.56 151.221 1046.43 150.096L1046.43 150.094V149.812C1046.31 148.727 1046.23 147.682 1046.19 146.636V141.325C1046.22 140.963 1046.24 140.59 1046.27 140.21C1046.31 139.537 1046.36 138.843 1046.43 138.149V137.868C1046.56 136.742 1046.68 135.656 1046.88 134.49C1047.94 128.017 1049.81 123.595 1050.62 121.906C1051.43 123.595 1053.3 128.017 1054.36 134.49C1054.56 135.615 1054.69 136.74 1054.81 137.865L1054.81 137.868V138.149C1054.93 139.235 1055.01 140.28 1055.05 141.325V146.636ZM1046.19 218.447C1046.23 219.492 1046.31 220.537 1046.43 221.623V221.904L1046.43 221.907C1046.56 223.032 1046.68 224.157 1046.88 225.282C1047.94 231.755 1049.81 236.177 1050.62 237.866C1051.43 236.177 1053.3 231.755 1054.36 225.282C1054.56 224.116 1054.69 223.03 1054.81 221.904V221.623C1054.89 220.929 1054.93 220.236 1054.97 219.563L1054.97 219.562L1054.97 219.56V219.559C1055 219.18 1055.02 218.808 1055.05 218.447V213.136C1055.01 212.09 1054.93 211.045 1054.81 209.96V209.678L1054.81 209.676C1054.69 208.551 1054.56 207.426 1054.36 206.301C1053.3 199.828 1051.43 195.405 1050.62 193.717C1049.81 195.405 1047.94 199.828 1046.88 206.301C1046.68 207.467 1046.56 208.552 1046.43 209.678V209.96C1046.36 210.654 1046.31 211.348 1046.27 212.021C1046.24 212.4 1046.22 212.773 1046.19 213.136V218.447ZM1046.19 74.8258C1046.23 75.8712 1046.31 76.9165 1046.43 78.0021V78.2835L1046.43 78.2859C1046.56 79.4108 1046.68 80.5358 1046.88 81.6607C1047.94 88.1338 1049.81 92.5564 1050.62 94.245C1051.43 92.5564 1053.3 88.1338 1054.36 81.6607C1054.56 80.4948 1054.69 79.4092 1054.81 78.2835V78.0021C1054.89 77.3084 1054.93 76.6147 1054.97 75.942L1054.97 75.9407L1054.97 75.9393V75.938C1055 75.5594 1055.02 75.1874 1055.05 74.8258V69.5148C1055.01 68.4695 1054.93 67.4241 1054.81 66.3386V66.0572L1054.81 66.0546C1054.69 64.9297 1054.56 63.8048 1054.36 62.6799C1053.3 56.2068 1051.43 51.7843 1050.62 50.0957C1049.81 51.7843 1047.94 56.2068 1046.88 62.6799C1046.68 63.8458 1046.56 64.9314 1046.43 66.0572V66.3386C1046.36 67.0327 1046.31 67.7269 1046.27 68.4C1046.24 68.7796 1046.22 69.1524 1046.19 69.5148V74.8258Z" fill="url(#paint67_linear_35097_25798)"/>
<path fill-rule="evenodd" clip-rule="evenodd" d="M1097.89 251.616C1100.94 247.515 1103.17 242.892 1104.92 238.147L1106.1 234.971C1108.26 229.061 1109.6 222.829 1109.68 216.517V215.066C1109.6 208.794 1108.3 202.562 1106.1 196.611L1104.92 193.435C1103.13 188.651 1100.9 184.067 1097.89 179.966C1094.84 184.067 1092.57 188.691 1090.86 193.435L1089.68 196.611C1087.53 202.522 1086.19 208.753 1086.1 215.066V216.517C1086.19 222.789 1087.49 229.021 1089.68 234.971L1090.86 238.147C1092.61 242.932 1094.88 247.515 1097.89 251.616ZM1093.46 213.136C1093.49 212.773 1093.51 212.4 1093.54 212.021C1093.58 211.348 1093.63 210.654 1093.7 209.96V209.678C1093.83 208.552 1093.95 207.467 1094.15 206.301C1095.21 199.828 1097.08 195.405 1097.89 193.717C1098.7 195.405 1100.57 199.828 1101.63 206.301C1101.83 207.427 1101.96 208.552 1102.08 209.678V209.96C1102.2 211.045 1102.28 212.09 1102.32 213.136V218.447C1102.29 218.809 1102.27 219.181 1102.24 219.56L1102.24 219.561C1102.2 220.235 1102.16 220.929 1102.08 221.623V221.904C1101.96 223.03 1101.83 224.116 1101.63 225.282C1100.57 231.755 1098.7 236.177 1097.89 237.866C1097.08 236.177 1095.21 231.755 1094.15 225.282C1093.95 224.157 1093.83 223.032 1093.7 221.906L1093.7 221.904V221.623C1093.58 220.537 1093.5 219.492 1093.46 218.447V213.136Z" fill="url(#paint68_linear_35097_25798)"/>
<path fill-rule="evenodd" clip-rule="evenodd" d="M1097.89 251.777C1100.9 255.878 1103.13 260.461 1104.92 265.246L1106.1 268.422C1108.3 274.372 1109.6 280.604 1109.68 286.876V287.921H1102.32V284.946C1102.28 283.901 1102.2 282.856 1102.08 281.77V281.489C1101.96 280.363 1101.83 279.237 1101.63 278.111C1100.57 271.638 1098.7 267.216 1097.89 265.527C1097.08 267.216 1095.21 271.638 1094.15 278.111C1093.95 279.277 1093.83 280.363 1093.7 281.489V281.77C1093.63 282.464 1093.58 283.158 1093.54 283.831C1093.51 284.211 1093.49 284.584 1093.46 284.946V287.921H1086.1V286.876C1086.19 280.564 1087.53 274.332 1089.68 268.422L1090.86 265.246C1092.57 260.501 1094.84 255.878 1097.89 251.777ZM1097.89 251.777C1097.89 251.777 1097.89 251.737 1097.93 251.696C1097.93 251.696 1097.93 251.656 1097.89 251.616C1097.89 251.616 1097.89 251.656 1097.85 251.696C1097.85 251.696 1097.85 251.737 1097.89 251.777Z" fill="url(#paint69_linear_35097_25798)"/>
<path d="M1097.89 179.806C1097.89 179.806 1097.89 179.846 1097.85 179.886C1097.85 179.886 1097.85 179.926 1097.89 179.966C1097.89 179.966 1097.89 179.926 1097.93 179.886C1097.93 179.886 1097.93 179.846 1097.89 179.806Z" fill="url(#paint70_linear_35097_25798)"/>
<path fill-rule="evenodd" clip-rule="evenodd" d="M1109.68 144.706C1109.6 151.019 1108.26 157.25 1106.1 163.161L1104.92 166.337C1103.17 171.081 1100.94 175.705 1097.89 179.806C1094.88 175.705 1092.61 171.121 1090.86 166.337L1089.68 163.161C1087.49 157.21 1086.19 150.978 1086.1 144.706V143.255C1086.19 136.943 1087.53 130.711 1089.68 124.801L1090.86 121.625C1092.57 116.88 1094.84 112.257 1097.89 108.156C1097.85 108.116 1097.85 108.076 1097.85 108.076C1097.89 108.035 1097.89 107.995 1097.89 107.995C1094.88 103.894 1092.61 99.3108 1090.86 94.5264L1089.68 91.3502C1087.49 85.3998 1086.19 79.168 1086.1 72.896V71.4446C1086.19 65.1324 1087.53 58.9006 1089.68 52.9904L1090.86 49.8142C1092.57 45.07 1094.84 40.4464 1097.89 36.3455C1097.85 36.3053 1097.85 36.2651 1097.85 36.2651C1097.89 36.2249 1097.89 36.1847 1097.89 36.1847C1094.88 32.0837 1092.61 27.5003 1090.86 22.7159L1089.68 19.5397C1087.49 13.5893 1086.19 7.35751 1086.1 1.08554V0.0401917H1093.46V3.01541C1093.5 4.06073 1093.58 5.10605 1093.7 6.19159V6.47302L1093.7 6.47504C1093.83 7.60013 1093.95 8.72519 1094.15 9.85025C1095.21 16.3233 1097.08 20.7459 1097.89 22.4345C1098.7 20.7459 1100.57 16.3233 1101.63 9.85025C1101.83 8.6843 1101.96 7.59875 1102.08 6.47302V6.19159C1102.16 5.49738 1102.2 4.80319 1102.24 4.13C1102.27 3.75089 1102.29 3.37738 1102.32 3.01541V0.0401917H1109.68V1.08554C1109.6 7.39774 1108.26 13.6295 1106.1 19.5397L1104.92 22.7159C1103.17 27.4601 1100.94 32.0837 1097.89 36.1847C1097.93 36.2249 1097.93 36.2651 1097.93 36.2651C1097.89 36.3053 1097.89 36.3455 1097.89 36.3455C1100.9 40.4464 1103.13 45.0298 1104.92 49.8142L1106.1 52.9904C1108.3 58.9408 1109.6 65.1726 1109.68 71.4446V72.896C1109.6 79.2082 1108.26 85.44 1106.1 91.3502L1104.92 94.5264C1103.17 99.2706 1100.94 103.894 1097.89 107.995C1097.93 108.035 1097.93 108.076 1097.93 108.076C1097.89 108.116 1097.89 108.156 1097.89 108.156C1100.9 112.257 1103.13 116.84 1104.92 121.625L1106.1 124.801C1108.3 130.751 1109.6 136.983 1109.68 143.255V144.706ZM1102.32 146.636C1102.29 146.998 1102.27 147.371 1102.24 147.75L1102.24 147.751C1102.2 148.424 1102.16 149.118 1102.08 149.812V150.094C1101.96 151.22 1101.83 152.305 1101.63 153.471C1100.57 159.944 1098.7 164.367 1097.89 166.055C1097.08 164.367 1095.21 159.944 1094.15 153.471C1093.95 152.346 1093.83 151.221 1093.7 150.096L1093.7 150.094V149.812C1093.58 148.727 1093.5 147.682 1093.46 146.636V141.325C1093.49 140.963 1093.51 140.59 1093.54 140.21C1093.58 139.537 1093.63 138.843 1093.7 138.149V137.868C1093.83 136.742 1093.95 135.656 1094.15 134.49C1095.21 128.017 1097.08 123.595 1097.89 121.906C1098.7 123.595 1100.57 128.017 1101.63 134.49C1101.83 135.616 1101.96 136.742 1102.08 137.868V138.149C1102.2 139.235 1102.28 140.28 1102.32 141.325V146.636ZM1093.46 69.5148C1093.49 69.1524 1093.51 68.7795 1093.54 68.3999C1093.58 67.7268 1093.63 67.0327 1093.7 66.3386V66.0572C1093.83 64.9314 1093.95 63.8458 1094.15 62.6799C1095.21 56.2068 1097.08 51.7843 1097.89 50.0957C1098.7 51.7843 1100.57 56.2068 1101.63 62.6799C1101.83 63.8056 1101.96 64.9314 1102.08 66.0572V66.3386C1102.2 67.4241 1102.28 68.4695 1102.32 69.5148V74.8258C1102.29 75.1878 1102.27 75.5602 1102.24 75.9393L1102.24 75.9405C1102.2 76.6136 1102.16 77.3078 1102.08 78.0021V78.2835C1101.96 79.4092 1101.83 80.4948 1101.63 81.6607C1100.57 88.1338 1098.7 92.5564 1097.89 94.245C1097.08 92.5564 1095.21 88.1338 1094.15 81.6607C1093.95 80.5356 1093.83 79.4106 1093.7 78.2855L1093.7 78.2835V78.0021C1093.58 76.9165 1093.5 75.8712 1093.46 74.8258V69.5148Z" fill="url(#paint71_linear_35097_25798)"/>
<path fill-rule="evenodd" clip-rule="evenodd" d="M1085.94 252.742C1085.86 259.054 1084.52 265.286 1082.36 271.196L1081.19 274.372C1079.44 279.116 1077.2 283.74 1074.15 287.841C1074.15 287.841 1074.15 287.881 1074.11 287.921H1074.07C1074.07 287.921 1074.07 287.881 1074.03 287.841C1071.02 283.74 1068.75 279.157 1067 274.372L1065.82 271.196C1063.63 265.246 1062.33 259.014 1062.25 252.742V250.611C1062.33 244.299 1063.67 238.067 1065.82 232.157L1067 228.981C1068.71 224.335 1070.89 219.806 1073.84 215.769C1070.93 211.735 1068.71 207.245 1067 202.562L1065.82 199.386C1063.63 193.435 1062.33 187.203 1062.25 180.931V178.8C1062.33 172.488 1063.67 166.256 1065.82 160.346L1067 157.17C1068.71 152.525 1070.89 147.995 1073.84 143.959C1070.93 139.925 1068.71 135.434 1067 130.751L1065.82 127.575C1063.63 121.625 1062.33 115.393 1062.25 109.121V106.99C1062.33 100.678 1063.67 94.446 1065.82 88.5358L1067 85.3596C1068.71 80.7145 1070.89 76.185 1073.84 72.1485C1070.93 68.1145 1068.71 63.624 1067 58.9408L1065.82 55.7646C1063.63 49.8142 1062.33 43.5824 1062.25 37.3104V35.1795C1062.33 28.8673 1063.67 22.6355 1065.82 16.7253L1067 13.5491C1068.75 8.80487 1070.98 4.1813 1074.03 0.0804138C1074.03 0.0804138 1074.03 0.0401917 1074.07 0H1074.11C1074.11 0 1074.11 0.0401917 1074.15 0.0804138C1077.16 4.1813 1079.44 8.76468 1081.19 13.5491L1082.36 16.7253C1084.56 22.6757 1085.86 28.9075 1085.94 35.1795V37.3104C1085.86 43.6226 1084.52 49.8544 1082.36 55.7646L1081.19 58.9408C1079.47 63.5859 1077.3 68.1154 1074.34 72.1519C1077.26 76.1859 1079.48 80.6764 1081.19 85.3596L1082.36 88.5358C1084.56 94.4862 1085.86 100.718 1085.94 106.99V109.121C1085.86 115.433 1084.52 121.665 1082.36 127.575L1081.19 130.751C1079.47 135.396 1077.3 139.926 1074.34 143.962C1077.26 147.996 1079.48 152.487 1081.19 157.17L1082.36 160.346C1084.56 166.297 1085.86 172.528 1085.94 178.8V180.931C1085.86 187.244 1084.52 193.475 1082.36 199.386L1081.19 202.562C1079.47 207.207 1077.3 211.736 1074.34 215.773C1077.26 219.807 1079.48 224.297 1081.19 228.981L1082.36 232.157C1084.56 238.107 1085.86 244.339 1085.94 250.611V252.742ZM1078.58 248.761C1078.54 247.716 1078.46 246.671 1078.34 245.585V245.304C1078.22 244.178 1078.1 243.052 1077.89 241.927C1076.84 235.454 1074.97 231.031 1074.15 229.342C1073.34 231.031 1071.47 235.454 1070.42 241.927C1070.21 243.093 1070.09 244.178 1069.97 245.304V245.585C1069.89 246.279 1069.85 246.974 1069.8 247.647C1069.78 248.026 1069.75 248.399 1069.72 248.761V254.712C1069.76 255.757 1069.85 256.803 1069.97 257.888V258.17L1069.97 258.172C1070.09 259.297 1070.21 260.422 1070.42 261.547C1071.47 268.02 1073.34 272.442 1074.15 274.131C1074.97 272.442 1076.84 268.02 1077.89 261.547C1078.1 260.381 1078.22 259.295 1078.34 258.17V257.888C1078.42 257.194 1078.46 256.5 1078.51 255.827C1078.53 255.448 1078.56 255.074 1078.58 254.712V248.761ZM1078.58 176.951C1078.54 175.906 1078.46 174.86 1078.34 173.775V173.493C1078.22 172.368 1078.1 171.242 1077.89 170.116C1076.84 163.643 1074.97 159.221 1074.15 157.532C1073.34 159.221 1071.47 163.643 1070.42 170.116C1070.21 171.282 1070.09 172.368 1069.97 173.493V173.775C1069.89 174.469 1069.85 175.163 1069.8 175.836C1069.78 176.216 1069.75 176.589 1069.72 176.951V182.901C1069.76 183.947 1069.85 184.992 1069.97 186.078V186.359L1069.97 186.362C1070.09 187.486 1070.21 188.611 1070.42 189.736C1071.47 196.209 1073.34 200.632 1074.15 202.321C1074.97 200.632 1076.84 196.209 1077.89 189.736C1078.1 188.57 1078.22 187.485 1078.34 186.359V186.078C1078.42 185.384 1078.46 184.69 1078.51 184.017C1078.53 183.637 1078.56 183.264 1078.58 182.901V176.951ZM1078.58 105.141C1078.54 104.095 1078.46 103.05 1078.34 101.964V101.683C1078.22 100.557 1078.1 99.4314 1077.89 98.3056C1076.84 91.8326 1074.97 87.4101 1074.15 85.7214C1073.34 87.4101 1071.47 91.8326 1070.42 98.3056C1070.21 99.4716 1070.09 100.557 1069.97 101.683V101.964C1069.89 102.659 1069.85 103.353 1069.8 104.026C1069.78 104.405 1069.75 104.778 1069.72 105.141V111.091C1069.76 112.136 1069.85 113.182 1069.97 114.267V114.549L1069.97 114.551C1070.09 115.676 1070.21 116.801 1070.42 117.926C1071.47 124.399 1073.34 128.821 1074.15 130.51C1074.97 128.821 1076.84 124.399 1077.89 117.926C1078.1 116.76 1078.22 115.674 1078.34 114.549V114.267C1078.42 113.573 1078.46 112.879 1078.51 112.206C1078.53 111.827 1078.56 111.453 1078.58 111.091V105.141ZM1078.58 33.3301C1078.54 32.2848 1078.46 31.2394 1078.34 30.1539V29.8724C1078.22 28.7467 1078.1 27.621 1077.89 26.4952C1076.84 20.0222 1074.97 15.5996 1074.15 13.911C1073.34 15.5996 1071.47 20.0222 1070.42 26.4952C1070.21 27.6612 1070.09 28.7467 1069.97 29.8724V30.1539C1069.89 30.8481 1069.85 31.5422 1069.8 32.2153C1069.78 32.5949 1069.75 32.9677 1069.72 33.3301V39.2805C1069.76 40.3258 1069.85 41.3712 1069.97 42.4567V42.7381L1069.97 42.7406C1070.09 43.8656 1070.21 44.9905 1070.42 46.1154C1071.47 52.5884 1073.34 57.011 1074.15 58.6996C1074.97 57.011 1076.84 52.5884 1077.89 46.1154C1078.1 44.9494 1078.22 43.8639 1078.34 42.7381V42.4567C1078.42 41.7628 1078.46 41.0689 1078.51 40.3959C1078.53 40.0164 1078.56 39.6428 1078.58 39.2805V33.3301Z" fill="url(#paint72_linear_35097_25798)"/>
<path fill-rule="evenodd" clip-rule="evenodd" d="M1133.21 252.742V250.611C1133.13 244.339 1131.83 238.107 1129.63 232.157L1128.46 228.981C1126.71 224.297 1124.53 219.807 1121.61 215.773C1124.57 211.736 1126.74 207.207 1128.46 202.562L1129.63 199.386C1131.79 193.475 1133.13 187.244 1133.21 180.931V178.8C1133.13 172.528 1131.83 166.297 1129.63 160.346L1128.46 157.17C1126.71 152.487 1124.53 147.996 1121.61 143.962C1124.57 139.926 1126.74 135.396 1128.46 130.751L1129.63 127.575C1131.79 121.665 1133.13 115.433 1133.21 109.121V106.99C1133.13 100.718 1131.83 94.4862 1129.63 88.5358L1128.46 85.3596C1126.71 80.6764 1124.53 76.1859 1121.61 72.1519C1124.57 68.1154 1126.74 63.5859 1128.46 58.9408L1129.63 55.7646C1131.79 49.8544 1133.13 43.6226 1133.21 37.3104V35.1795C1133.13 28.9075 1131.83 22.6757 1129.63 16.7253L1128.46 13.5491C1126.67 8.76468 1124.43 4.1813 1121.42 0.0804138C1121.38 0.0401917 1121.38 0 1121.38 0H1121.34C1121.3 0.0401917 1121.3 0.0804138 1121.3 0.0804138C1118.25 4.1813 1115.98 8.80487 1114.27 13.5491L1113.09 16.7253C1110.94 22.6355 1109.6 28.8673 1109.52 35.1795V37.3104C1109.6 43.5824 1110.9 49.8142 1113.09 55.7646L1114.27 58.9408C1115.98 63.624 1118.2 68.1145 1121.11 72.1485C1118.16 76.185 1115.94 80.7145 1114.27 85.3596L1113.09 88.5358C1110.94 94.446 1109.6 100.678 1109.52 106.99V109.121C1109.6 115.393 1110.9 121.625 1113.09 127.575L1114.27 130.751C1115.98 135.434 1118.2 139.925 1121.11 143.959C1118.16 147.995 1115.94 152.525 1114.27 157.17L1113.09 160.346C1110.94 166.256 1109.6 172.488 1109.52 178.8V180.931C1109.6 187.203 1110.9 193.435 1113.09 199.386L1114.27 202.562C1115.98 207.245 1118.2 211.735 1121.11 215.769C1118.16 219.806 1115.94 224.335 1114.27 228.981L1113.09 232.157C1110.94 238.067 1109.6 244.299 1109.52 250.611V252.742C1109.6 259.014 1110.9 265.246 1113.09 271.196L1114.27 274.372C1116.02 279.157 1118.29 283.74 1121.3 287.841C1121.34 287.881 1121.34 287.921 1121.34 287.921H1121.38C1121.42 287.881 1121.42 287.841 1121.42 287.841C1124.47 283.74 1126.71 279.116 1128.46 274.372L1129.63 271.196C1131.79 265.286 1133.13 259.054 1133.21 252.742ZM1125.85 248.761V254.712C1125.83 255.074 1125.8 255.446 1125.78 255.825C1125.73 256.499 1125.69 257.194 1125.61 257.888V258.17C1125.49 259.295 1125.37 260.381 1125.16 261.547C1124.11 268.02 1122.24 272.442 1121.42 274.131C1120.61 272.442 1118.74 268.02 1117.69 261.547C1117.48 260.422 1117.36 259.297 1117.24 258.172L1117.24 258.17V257.888C1117.12 256.803 1117.03 255.757 1116.99 254.712V248.761C1117.02 248.399 1117.05 248.027 1117.07 247.647C1117.12 246.974 1117.16 246.28 1117.24 245.585V245.304C1117.36 244.178 1117.48 243.093 1117.69 241.927C1118.74 235.454 1120.61 231.031 1121.42 229.342C1122.24 231.031 1124.11 235.454 1125.16 241.927C1125.37 243.052 1125.49 244.178 1125.61 245.304V245.585C1125.73 246.671 1125.81 247.716 1125.85 248.761ZM1125.85 176.951V182.901C1125.83 183.264 1125.8 183.637 1125.78 184.016C1125.73 184.689 1125.69 185.383 1125.61 186.078V186.359C1125.49 187.485 1125.37 188.57 1125.16 189.736C1124.11 196.209 1122.24 200.632 1121.42 202.321C1120.61 200.632 1118.74 196.209 1117.69 189.736C1117.48 188.611 1117.36 187.486 1117.24 186.361L1117.24 186.359V186.078C1117.12 184.992 1117.03 183.947 1116.99 182.901V176.951C1117.02 176.589 1117.05 176.216 1117.07 175.837C1117.12 175.164 1117.16 174.469 1117.24 173.775V173.493C1117.36 172.368 1117.48 171.282 1117.69 170.116C1118.74 163.643 1120.61 159.221 1121.42 157.532C1122.24 159.221 1124.11 163.643 1125.16 170.116C1125.37 171.242 1125.49 172.368 1125.61 173.493V173.775C1125.73 174.86 1125.81 175.906 1125.85 176.951ZM1125.85 105.141V111.091C1125.83 111.453 1125.8 111.825 1125.78 112.204C1125.73 112.878 1125.69 113.573 1125.61 114.267V114.549C1125.49 115.674 1125.37 116.76 1125.16 117.926C1124.11 124.399 1122.24 128.821 1121.42 130.51C1120.61 128.821 1118.74 124.399 1117.69 117.926C1117.48 116.801 1117.36 115.676 1117.24 114.551L1117.24 114.549V114.267C1117.12 113.182 1117.03 112.136 1116.99 111.091V105.141C1117.02 104.778 1117.05 104.406 1117.07 104.026C1117.12 103.353 1117.16 102.659 1117.24 101.964V101.683C1117.36 100.557 1117.48 99.4716 1117.69 98.3056C1118.74 91.8326 1120.61 87.4101 1121.42 85.7214C1122.24 87.4101 1124.11 91.8326 1125.16 98.3056C1125.37 99.4314 1125.49 100.557 1125.61 101.683V101.964C1125.73 103.05 1125.81 104.095 1125.85 105.141ZM1125.85 33.3301V39.2805C1125.83 39.6425 1125.8 40.015 1125.78 40.3941C1125.73 41.0672 1125.69 41.7625 1125.61 42.4567V42.7381C1125.49 43.8639 1125.37 44.9494 1125.16 46.1154C1124.11 52.5884 1122.24 57.011 1121.42 58.6996C1120.61 57.011 1118.74 52.5884 1117.69 46.1154C1117.48 44.9904 1117.36 43.8654 1117.24 42.7404L1117.24 42.7381V42.4567C1117.12 41.3712 1117.03 40.3258 1116.99 39.2805V33.3301C1117.02 32.9679 1117.05 32.5953 1117.07 32.2159C1117.12 31.5426 1117.16 30.8482 1117.24 30.1539V29.8724C1117.36 28.7467 1117.48 27.6612 1117.69 26.4952C1118.74 20.0222 1120.61 15.5996 1121.42 13.911C1122.24 15.5996 1124.11 20.0222 1125.16 26.4952C1125.37 27.621 1125.49 28.7467 1125.61 29.8724V30.1539C1125.73 31.2394 1125.81 32.2848 1125.85 33.3301Z" fill="url(#paint73_linear_35097_25798)"/>
<path fill-rule="evenodd" clip-rule="evenodd" d="M1152.03 238.147C1150.28 242.892 1148.05 247.515 1145 251.616C1145.04 251.656 1145.04 251.696 1145.04 251.696C1145 251.737 1145 251.777 1145 251.777C1148.01 255.878 1150.28 260.461 1152.03 265.246L1153.21 268.422C1155.4 274.372 1156.7 280.604 1156.79 286.876V287.921H1149.43V284.946C1149.39 283.901 1149.31 282.856 1149.19 281.77V281.489L1149.18 281.486C1149.06 280.361 1148.94 279.236 1148.74 278.111C1147.68 271.638 1145.81 267.216 1145 265.527C1144.19 267.216 1142.32 271.638 1141.26 278.111C1141.06 279.277 1140.93 280.363 1140.81 281.489V281.77C1140.73 282.464 1140.69 283.158 1140.65 283.831C1140.62 284.211 1140.6 284.584 1140.57 284.946V287.921H1133.21V286.876C1133.29 280.564 1134.63 274.332 1136.79 268.422L1137.97 265.246C1139.71 260.501 1141.95 255.878 1145 251.777C1144.96 251.737 1144.96 251.696 1144.96 251.696C1145 251.656 1145 251.616 1145 251.616C1141.99 247.515 1139.71 242.932 1137.97 238.147L1136.79 234.971C1134.59 229.021 1133.29 222.789 1133.21 216.517V215.066C1133.29 208.753 1134.63 202.522 1136.79 196.611L1137.97 193.435C1139.71 188.691 1141.95 184.067 1145 179.966C1144.96 179.926 1144.96 179.886 1144.96 179.886C1145 179.846 1145 179.806 1145 179.806C1141.99 175.705 1139.71 171.121 1137.97 166.337L1136.79 163.161C1134.59 157.21 1133.29 150.978 1133.21 144.706V143.255C1133.29 136.943 1134.63 130.711 1136.79 124.801L1137.97 121.625C1139.71 116.88 1141.95 112.257 1145 108.156C1144.96 108.116 1144.96 108.076 1144.96 108.076C1145 108.035 1145 107.995 1145 107.995C1141.99 103.894 1139.71 99.3108 1137.97 94.5264L1136.79 91.3502C1134.59 85.3998 1133.29 79.168 1133.21 72.896V71.4446C1133.29 65.1324 1134.63 58.9006 1136.79 52.9904L1137.97 49.8142C1139.71 45.07 1141.95 40.4464 1145 36.3455C1144.96 36.3053 1144.96 36.2651 1144.96 36.2651C1145 36.2249 1145 36.1847 1145 36.1847C1141.99 32.0837 1139.71 27.5003 1137.97 22.7159L1136.79 19.5397C1134.59 13.5893 1133.29 7.35751 1133.21 1.08554V0.0401917H1140.57V3.01541C1140.61 4.06073 1140.69 5.10605 1140.81 6.19159V6.47302L1140.81 6.47504C1140.93 7.60013 1141.06 8.72519 1141.26 9.85025C1142.32 16.3233 1144.19 20.7459 1145 22.4345C1145.81 20.7459 1147.68 16.3233 1148.74 9.85025C1148.94 8.6843 1149.06 7.59875 1149.19 6.47302V6.19159C1149.26 5.49738 1149.31 4.80319 1149.35 4.13C1149.38 3.75089 1149.4 3.37738 1149.43 3.01541V0.0401917H1156.79V1.08554C1156.7 7.39774 1155.36 13.6295 1153.21 19.5397L1152.03 22.7159C1150.28 27.4601 1148.05 32.0837 1145 36.1847C1145.04 36.2249 1145.04 36.2651 1145.04 36.2651C1145 36.3053 1145 36.3455 1145 36.3455C1148.01 40.4464 1150.28 45.0298 1152.03 49.8142L1153.21 52.9904C1155.4 58.9408 1156.7 65.1726 1156.79 71.4446V72.896C1156.7 79.2082 1155.36 85.44 1153.21 91.3502L1152.03 94.5264C1150.28 99.2706 1148.05 103.894 1145 107.995C1145.04 108.035 1145.04 108.076 1145.04 108.076C1145 108.116 1145 108.156 1145 108.156C1148.01 112.257 1150.28 116.84 1152.03 121.625L1153.21 124.801C1155.4 130.751 1156.7 136.983 1156.79 143.255V144.706C1156.7 151.019 1155.36 157.25 1153.21 163.161L1152.03 166.337C1150.28 171.081 1148.05 175.705 1145 179.806C1145.04 179.846 1145.04 179.886 1145.04 179.886C1145 179.926 1145 179.966 1145 179.966C1148.01 184.067 1150.28 188.651 1152.03 193.435L1153.21 196.611C1155.4 202.562 1156.7 208.794 1156.79 215.066V216.517C1156.7 222.829 1155.36 229.061 1153.21 234.971L1152.03 238.147ZM1149.43 146.636C1149.4 146.999 1149.38 147.371 1149.35 147.751C1149.31 148.424 1149.26 149.118 1149.19 149.812V150.094C1149.06 151.22 1148.94 152.305 1148.74 153.471C1147.68 159.944 1145.81 164.367 1145 166.055C1144.19 164.367 1142.32 159.944 1141.26 153.471C1141.06 152.346 1140.93 151.221 1140.81 150.096L1140.81 150.094V149.812C1140.69 148.727 1140.61 147.682 1140.57 146.636V141.325C1140.6 140.963 1140.62 140.59 1140.65 140.21C1140.69 139.537 1140.73 138.843 1140.81 138.149V137.868C1140.93 136.742 1141.06 135.656 1141.26 134.49C1142.32 128.017 1144.19 123.595 1145 121.906C1145.81 123.595 1147.68 128.017 1148.74 134.49C1148.94 135.615 1149.06 136.74 1149.18 137.865L1149.19 137.868V138.149C1149.31 139.235 1149.39 140.28 1149.43 141.325V146.636ZM1140.57 218.447C1140.61 219.492 1140.69 220.537 1140.81 221.623V221.904L1140.81 221.906C1140.93 223.032 1141.06 224.157 1141.26 225.282C1142.32 231.755 1144.19 236.177 1145 237.866C1145.81 236.177 1147.68 231.755 1148.74 225.282C1148.94 224.116 1149.06 223.03 1149.19 221.904V221.623C1149.26 220.929 1149.31 220.235 1149.35 219.561L1149.35 219.56C1149.38 219.181 1149.4 218.809 1149.43 218.447V213.136C1149.39 212.09 1149.31 211.045 1149.19 209.96V209.678L1149.18 209.676C1149.06 208.551 1148.94 207.426 1148.74 206.301C1147.68 199.828 1145.81 195.405 1145 193.717C1144.19 195.405 1142.32 199.828 1141.26 206.301C1141.06 207.467 1140.93 208.552 1140.81 209.678V209.96C1140.73 210.654 1140.69 211.348 1140.65 212.021C1140.62 212.4 1140.6 212.773 1140.57 213.136V218.447ZM1140.57 74.8258C1140.61 75.8712 1140.69 76.9165 1140.81 78.0021V78.2835L1140.81 78.2855C1140.93 79.4106 1141.06 80.5356 1141.26 81.6607C1142.32 88.1338 1144.19 92.5564 1145 94.245C1145.81 92.5564 1147.68 88.1338 1148.74 81.6607C1148.94 80.4948 1149.06 79.4092 1149.19 78.2835V78.0021C1149.26 77.3078 1149.31 76.6136 1149.35 75.9405L1149.35 75.9393C1149.38 75.5602 1149.4 75.1878 1149.43 74.8258V69.5148C1149.39 68.4695 1149.31 67.4241 1149.19 66.3386V66.0572L1149.18 66.055C1149.06 64.93 1148.94 63.8049 1148.74 62.6799C1147.68 56.2068 1145.81 51.7843 1145 50.0957C1144.19 51.7843 1142.32 56.2068 1141.26 62.6799C1141.06 63.8458 1140.93 64.9314 1140.81 66.0572V66.3386C1140.73 67.0327 1140.69 67.7268 1140.65 68.3999C1140.62 68.7795 1140.6 69.1524 1140.57 69.5148V74.8258Z" fill="url(#paint74_linear_35097_25798)"/>
<path fill-rule="evenodd" clip-rule="evenodd" d="M1180.32 252.742V250.611C1180.24 244.339 1178.94 238.107 1176.74 232.157L1175.56 228.981C1173.85 224.297 1171.64 219.807 1168.72 215.773C1171.67 211.736 1173.85 207.207 1175.56 202.562L1176.74 199.386C1178.9 193.475 1180.24 187.244 1180.32 180.931V178.8C1180.24 172.528 1178.94 166.297 1176.74 160.346L1175.56 157.17C1173.85 152.487 1171.64 147.996 1168.72 143.962C1171.67 139.926 1173.85 135.396 1175.56 130.751L1176.74 127.575C1178.9 121.665 1180.24 115.433 1180.32 109.121V106.99C1180.24 100.718 1178.94 94.4862 1176.74 88.5358L1175.56 85.3596C1173.85 80.6764 1171.64 76.1859 1168.72 72.1519C1171.67 68.1154 1173.85 63.5859 1175.56 58.9408L1176.74 55.7646C1178.9 49.8544 1180.24 43.6226 1180.32 37.3104V35.1795C1180.24 28.9075 1178.94 22.6757 1176.74 16.7253L1175.56 13.5491C1173.82 8.76468 1171.54 4.1813 1168.53 0.0804138C1168.49 0.0401917 1168.49 0 1168.49 0H1168.45C1168.41 0.0401917 1168.41 0.0804138 1168.41 0.0804138C1165.36 4.1813 1163.13 8.80487 1161.38 13.5491L1160.2 16.7253C1158.05 22.6355 1156.7 28.8673 1156.62 35.1795V37.3104C1156.7 43.5824 1158 49.8142 1160.2 55.7646L1161.38 58.9408C1163.09 63.624 1165.31 68.1145 1168.22 72.1485C1165.27 76.185 1163.09 80.7145 1161.38 85.3596L1160.2 88.5358C1158.05 94.446 1156.7 100.678 1156.62 106.99V109.121C1156.7 115.393 1158 121.625 1160.2 127.575L1161.38 130.751C1163.09 135.434 1165.31 139.925 1168.22 143.959C1165.27 147.995 1163.09 152.525 1161.38 157.17L1160.2 160.346C1158.05 166.256 1156.7 172.488 1156.62 178.8V180.931C1156.7 187.203 1158 193.435 1160.2 199.386L1161.38 202.562C1163.09 207.245 1165.31 211.735 1168.22 215.769C1165.27 219.806 1163.09 224.335 1161.38 228.981L1160.2 232.157C1158.05 238.067 1156.7 244.299 1156.62 250.611V252.742C1156.7 259.014 1158 265.246 1160.2 271.196L1161.38 274.372C1163.13 279.157 1165.4 283.74 1168.41 287.841C1168.45 287.881 1168.45 287.921 1168.45 287.921H1168.49C1168.53 287.881 1168.53 287.841 1168.53 287.841C1171.58 283.74 1173.82 279.116 1175.56 274.372L1176.74 271.196C1178.9 265.286 1180.24 259.054 1180.32 252.742ZM1172.92 248.761V254.712C1172.89 255.074 1172.87 255.447 1172.84 255.826C1172.8 256.5 1172.76 257.194 1172.68 257.888V258.17C1172.56 259.295 1172.43 260.381 1172.23 261.547C1171.17 268.02 1169.3 272.442 1168.49 274.131C1167.68 272.442 1165.81 268.02 1164.75 261.547C1164.55 260.422 1164.43 259.297 1164.31 258.172L1164.3 258.17V257.888C1164.18 256.803 1164.1 255.757 1164.06 254.712V248.761C1164.09 248.399 1164.11 248.026 1164.14 247.647C1164.18 246.973 1164.23 246.279 1164.3 245.585V245.304C1164.43 244.178 1164.55 243.093 1164.75 241.927C1165.81 235.454 1167.68 231.031 1168.49 229.342C1169.3 231.031 1171.17 235.454 1172.23 241.927C1172.43 243.052 1172.56 244.177 1172.68 245.302L1172.68 245.304V245.585C1172.8 246.671 1172.88 247.716 1172.92 248.761ZM1172.92 176.951V182.901C1172.89 183.264 1172.87 183.637 1172.84 184.016C1172.8 184.689 1172.76 185.383 1172.68 186.078V186.359C1172.56 187.485 1172.43 188.57 1172.23 189.736C1171.17 196.209 1169.3 200.632 1168.49 202.321C1167.68 200.632 1165.81 196.209 1164.75 189.736C1164.55 188.611 1164.43 187.486 1164.31 186.361L1164.3 186.359V186.078C1164.18 184.992 1164.1 183.947 1164.06 182.901V176.951C1164.09 176.589 1164.11 176.216 1164.14 175.836C1164.18 175.163 1164.23 174.469 1164.3 173.775V173.493C1164.43 172.368 1164.55 171.282 1164.75 170.116C1165.81 163.643 1167.68 159.221 1168.49 157.532C1169.3 159.221 1171.17 163.643 1172.23 170.116C1172.43 171.241 1172.56 172.366 1172.68 173.491L1172.68 173.493V173.775C1172.8 174.86 1172.88 175.906 1172.92 176.951ZM1172.92 105.141V111.091C1172.89 111.453 1172.87 111.826 1172.84 112.206C1172.8 112.879 1172.76 113.573 1172.68 114.267V114.549C1172.56 115.674 1172.43 116.76 1172.23 117.926C1171.17 124.399 1169.3 128.821 1168.49 130.51C1167.68 128.821 1165.81 124.399 1164.75 117.926C1164.55 116.801 1164.43 115.676 1164.31 114.551L1164.3 114.549V114.267C1164.18 113.182 1164.1 112.136 1164.06 111.091V105.141C1164.09 104.778 1164.11 104.405 1164.14 104.026C1164.18 103.353 1164.23 102.658 1164.3 101.964V101.683C1164.43 100.557 1164.55 99.4716 1164.75 98.3056C1165.81 91.8326 1167.68 87.4101 1168.49 85.7214C1169.3 87.4101 1171.17 91.8326 1172.23 98.3056C1172.43 99.4307 1172.56 100.556 1172.68 101.681L1172.68 101.683V101.964C1172.8 103.05 1172.88 104.095 1172.92 105.141ZM1172.92 33.3301V39.2805C1172.89 39.6425 1172.87 40.015 1172.84 40.3941C1172.8 41.0672 1172.76 41.7625 1172.68 42.4567V42.7381C1172.56 43.8639 1172.43 44.9494 1172.23 46.1154C1171.17 52.5884 1169.3 57.011 1168.49 58.6996C1167.68 57.011 1165.81 52.5884 1164.75 46.1154C1164.55 44.9904 1164.43 43.8654 1164.31 42.7404L1164.3 42.7381V42.4567C1164.18 41.3712 1164.1 40.3258 1164.06 39.2805V33.3301C1164.09 32.9677 1164.11 32.5948 1164.14 32.2152C1164.18 31.5421 1164.23 30.848 1164.3 30.1539V29.8724C1164.43 28.7467 1164.55 27.6612 1164.75 26.4952C1165.81 20.0222 1167.68 15.5996 1168.49 13.911C1169.3 15.5996 1171.17 20.0222 1172.23 26.4952C1172.43 27.6202 1172.56 28.7453 1172.68 29.8703L1172.68 29.8724V30.1539C1172.8 31.2394 1172.88 32.2848 1172.92 33.3301Z" fill="url(#paint75_linear_35097_25798)"/>
<path fill-rule="evenodd" clip-rule="evenodd" d="M1227.67 252.742V250.732C1227.59 244.46 1226.29 238.228 1224.09 232.277L1222.92 229.101C1221.16 224.395 1218.96 219.882 1216.03 215.833C1219 211.781 1221.2 207.23 1222.92 202.562L1224.09 199.386C1226.25 193.475 1227.59 187.244 1227.67 180.931V178.921C1227.59 172.649 1226.29 166.417 1224.09 160.467L1222.92 157.291C1221.16 152.584 1218.96 148.072 1216.03 144.022C1219 139.971 1221.2 135.419 1222.92 130.751L1224.09 127.575C1226.25 121.665 1227.59 115.433 1227.67 109.121V107.111C1227.59 100.839 1226.29 94.6068 1224.09 88.6564L1222.92 85.4802C1221.16 80.7736 1218.96 76.2615 1216.03 72.2118C1219 68.1603 1221.2 63.6089 1222.92 58.9408L1224.09 55.7646C1226.25 49.8544 1227.59 43.6227 1227.67 37.3104V35.3001C1227.59 29.0282 1226.29 22.7964 1224.09 16.846L1222.92 13.6697C1221.13 8.88535 1218.89 4.30194 1215.88 0.201019C1215.87 0.192169 1215.87 0.183319 1215.86 0.174896C1215.86 0.164886 1215.85 0.155487 1215.85 0.1474C1215.84 0.131409 1215.84 0.120605 1215.84 0.120605H1215.8C1215.76 0.160828 1215.76 0.201019 1215.76 0.201019C1212.71 4.30194 1210.44 8.92554 1208.73 13.6697L1207.55 16.846C1205.4 22.7561 1204.06 28.9879 1203.97 35.3001V37.3104C1204.06 43.5824 1205.36 49.8142 1207.55 55.7646L1208.73 58.9408C1210.45 63.6475 1212.68 68.1596 1215.62 72.2092C1212.64 76.2608 1210.41 80.8121 1208.73 85.4802L1207.55 88.6564C1205.4 94.5666 1204.06 100.798 1203.97 107.111V109.121C1204.06 115.393 1205.36 121.625 1207.55 127.575L1208.73 130.751C1210.45 135.458 1212.68 139.97 1215.62 144.02C1212.64 148.071 1210.41 152.623 1208.73 157.291L1207.55 160.467C1205.4 166.377 1204.06 172.609 1203.97 178.921V180.931C1204.06 187.203 1205.36 193.435 1207.55 199.386L1208.73 202.562C1210.45 207.268 1212.68 211.78 1215.62 215.83C1212.64 219.882 1210.41 224.433 1208.73 229.101L1207.55 232.277C1205.4 238.188 1204.06 244.419 1203.97 250.732V252.742C1204.06 259.014 1205.36 265.246 1207.55 271.196L1208.73 274.372C1210.48 279.157 1212.75 283.74 1215.76 287.841C1215.8 287.881 1215.8 287.921 1215.8 287.921H1215.84C1215.88 287.881 1215.88 287.841 1215.88 287.841C1218.93 283.74 1221.17 279.116 1222.92 274.372L1224.09 271.196C1226.25 265.286 1227.59 259.054 1227.67 252.742ZM1219.99 245.666C1220.11 246.751 1220.19 247.797 1220.23 248.842V254.672C1220.2 255.034 1220.18 255.406 1220.15 255.785L1220.15 255.786C1220.11 256.459 1220.07 257.154 1219.99 257.848V258.129C1219.87 259.255 1219.74 260.341 1219.54 261.507C1218.48 267.98 1216.62 272.402 1215.8 274.091C1214.99 272.402 1213.12 267.98 1212.06 261.507C1211.86 260.381 1211.74 259.255 1211.62 258.129V257.848C1211.49 256.762 1211.41 255.717 1211.37 254.672V248.842C1211.4 248.48 1211.43 248.108 1211.45 247.728C1211.49 247.055 1211.54 246.36 1211.62 245.666V245.384C1211.74 244.259 1211.86 243.173 1212.06 242.007C1213.12 235.534 1214.99 231.111 1215.8 229.423C1216.62 231.111 1218.48 235.534 1219.54 242.007C1219.74 243.133 1219.87 244.259 1219.99 245.384V245.666ZM1219.99 173.855C1220.11 174.941 1220.19 175.986 1220.23 177.031V182.861C1220.2 183.223 1220.18 183.596 1220.15 183.975L1220.15 183.976C1220.11 184.649 1220.07 185.343 1219.99 186.037V186.319C1219.87 187.445 1219.74 188.53 1219.54 189.696C1218.48 196.169 1216.62 200.592 1215.8 202.28C1214.99 200.592 1213.12 196.169 1212.06 189.696C1211.86 188.57 1211.74 187.445 1211.62 186.319V186.037C1211.49 184.952 1211.41 183.907 1211.37 182.861V177.031C1211.4 176.669 1211.43 176.297 1211.45 175.918L1211.45 175.917C1211.49 175.244 1211.54 174.549 1211.62 173.855V173.574C1211.74 172.448 1211.86 171.363 1212.06 170.197C1213.12 163.724 1214.99 159.301 1215.8 157.612C1216.62 159.301 1218.48 163.724 1219.54 170.197C1219.74 171.322 1219.87 172.448 1219.99 173.574V173.855ZM1219.99 102.045C1220.11 103.13 1220.19 104.176 1220.23 105.221V111.051C1220.2 111.413 1220.18 111.785 1220.15 112.164L1220.15 112.165C1220.11 112.839 1220.07 113.533 1219.99 114.227V114.508C1219.87 115.634 1219.74 116.72 1219.54 117.886C1218.48 124.359 1216.62 128.781 1215.8 130.47C1214.99 128.781 1213.12 124.359 1212.06 117.886C1211.86 116.76 1211.74 115.634 1211.62 114.508V114.227C1211.49 113.141 1211.41 112.096 1211.37 111.051V105.221C1211.4 104.859 1211.43 104.487 1211.45 104.108C1211.49 103.434 1211.54 102.739 1211.62 102.045V101.763C1211.74 100.638 1211.86 99.5521 1212.06 98.3861C1213.12 91.9131 1214.99 87.4905 1215.8 85.8018C1216.62 87.4905 1218.48 91.9131 1219.54 98.3861C1219.74 99.5119 1219.87 100.638 1219.99 101.763V102.045ZM1219.99 30.2343C1220.11 31.3198 1220.19 32.3652 1220.23 33.4105V39.2403C1220.2 39.6023 1220.18 39.9747 1220.15 40.3537L1220.15 40.3549C1220.11 41.0281 1220.07 41.7223 1219.99 42.4165V42.6979C1219.87 43.8237 1219.74 44.9092 1219.54 46.0751C1218.48 52.5482 1216.62 56.9708 1215.8 58.6594C1214.99 56.9708 1213.12 52.5482 1212.06 46.0751C1211.86 44.9494 1211.74 43.8237 1211.62 42.6979V42.4165C1211.49 41.3309 1211.41 40.2856 1211.37 39.2403V33.4105C1211.4 33.0486 1211.43 32.6762 1211.45 32.2971L1211.45 32.296C1211.49 31.6228 1211.54 30.9285 1211.62 30.2343V29.9529C1211.74 28.8271 1211.86 27.7416 1212.06 26.5756C1213.12 20.1026 1214.99 15.68 1215.8 13.9914C1216.62 15.68 1218.48 20.1026 1219.54 26.5756C1219.74 27.7014 1219.87 28.8271 1219.99 29.9529V30.2343Z" fill="url(#paint76_linear_35097_25798)"/>
<path fill-rule="evenodd" clip-rule="evenodd" d="M1246.45 238.147C1244.7 242.892 1242.47 247.515 1239.42 251.616C1239.46 251.656 1239.46 251.696 1239.46 251.696C1239.42 251.737 1239.42 251.777 1239.42 251.777C1242.42 255.878 1244.7 260.461 1246.45 265.246L1247.63 268.422C1249.82 274.372 1251.12 280.604 1251.2 286.876V287.921H1243.85V284.946C1243.81 283.901 1243.73 282.856 1243.6 281.77V281.489C1243.48 280.363 1243.36 279.237 1243.16 278.111C1242.1 271.638 1240.23 267.216 1239.42 265.527C1238.6 267.216 1236.73 271.638 1235.68 278.111C1235.47 279.277 1235.35 280.363 1235.23 281.489V281.77C1235.15 282.464 1235.11 283.157 1235.06 283.83V283.832C1235.04 284.211 1235.02 284.584 1234.99 284.946V287.921H1227.63V286.876C1227.71 280.564 1229.05 274.332 1231.21 268.422L1232.39 265.246C1234.13 260.501 1236.37 255.878 1239.42 251.777C1239.38 251.737 1239.38 251.696 1239.38 251.696C1239.42 251.656 1239.42 251.616 1239.42 251.616C1236.41 247.515 1234.13 242.932 1232.39 238.147L1231.21 234.971C1229.01 229.021 1227.71 222.789 1227.63 216.517V215.066C1227.71 208.753 1229.05 202.522 1231.21 196.611L1232.39 193.435C1234.13 188.691 1236.37 184.067 1239.42 179.966C1239.38 179.926 1239.38 179.886 1239.38 179.886C1239.42 179.846 1239.42 179.806 1239.42 179.806C1236.41 175.705 1234.13 171.121 1232.39 166.337L1231.21 163.161C1229.01 157.21 1227.71 150.978 1227.63 144.706V143.255C1227.71 136.943 1229.05 130.711 1231.21 124.801L1232.39 121.625C1234.13 116.88 1236.37 112.257 1239.42 108.156C1239.38 108.116 1239.38 108.076 1239.38 108.076C1239.42 108.035 1239.42 107.995 1239.42 107.995C1236.41 103.894 1234.13 99.3108 1232.39 94.5264L1231.21 91.3502C1229.01 85.3998 1227.71 79.168 1227.63 72.896V71.4446C1227.71 65.1324 1229.05 58.9006 1231.21 52.9904L1232.39 49.8142C1234.13 45.07 1236.37 40.4464 1239.42 36.3455C1239.38 36.3053 1239.38 36.2651 1239.38 36.2651C1239.42 36.2249 1239.42 36.1847 1239.42 36.1847C1236.41 32.0837 1234.13 27.5003 1232.39 22.7159L1231.21 19.5397C1229.01 13.5893 1227.71 7.35751 1227.63 1.08554V0.0401917H1234.99V3.01541C1235.03 4.06073 1235.11 5.10605 1235.23 6.19159V6.47302L1235.23 6.47711C1235.35 7.6015 1235.47 8.72586 1235.68 9.85025C1236.73 16.3233 1238.6 20.7459 1239.42 22.4345C1240.23 20.7459 1242.1 16.3233 1243.16 9.85025C1243.36 8.6843 1243.48 7.59875 1243.6 6.47302V6.19159C1243.68 5.4975 1243.73 4.80341 1243.77 4.13034L1243.78 3.9975L1243.79 3.76566C1243.81 3.51157 1243.83 3.26108 1243.85 3.01541V0.0401917H1251.2V1.08554C1251.12 7.39774 1249.78 13.6295 1247.63 19.5397L1246.45 22.7159C1244.7 27.4601 1242.47 32.0837 1239.42 36.1847C1239.46 36.2249 1239.46 36.2651 1239.46 36.2651C1239.45 36.2773 1239.44 36.2894 1239.43 36.3005C1239.43 36.3042 1239.43 36.3077 1239.43 36.3111L1239.42 36.319C1239.42 36.3348 1239.42 36.3455 1239.42 36.3455C1242.42 40.4464 1244.7 45.0298 1246.45 49.8142L1247.63 52.9904C1249.82 58.9408 1251.12 65.1726 1251.2 71.4446V72.896C1251.12 79.2082 1249.78 85.44 1247.63 91.3502L1246.45 94.5264C1244.7 99.2706 1242.47 103.894 1239.42 107.995C1239.46 108.035 1239.46 108.076 1239.46 108.076C1239.42 108.116 1239.42 108.156 1239.42 108.156C1242.42 112.257 1244.7 116.84 1246.45 121.625L1247.63 124.801C1249.82 130.751 1251.12 136.983 1251.2 143.255V144.706C1251.12 151.019 1249.78 157.25 1247.63 163.161L1246.45 166.337C1244.7 171.081 1242.47 175.705 1239.42 179.806C1239.46 179.846 1239.46 179.886 1239.46 179.886C1239.44 179.906 1239.43 179.925 1239.42 179.94C1239.42 179.956 1239.42 179.966 1239.42 179.966C1242.42 184.067 1244.7 188.651 1246.45 193.435L1247.63 196.611C1249.82 202.562 1251.12 208.794 1251.2 215.066V216.517C1251.12 222.829 1249.78 229.061 1247.63 234.971L1246.45 238.147ZM1243.85 146.636C1243.82 146.995 1243.79 147.363 1243.77 147.739L1243.77 147.742L1243.77 147.744L1243.77 147.746V147.747L1243.77 147.748L1243.77 147.75L1243.77 147.751C1243.73 148.424 1243.68 149.118 1243.6 149.812V150.094C1243.48 151.22 1243.36 152.305 1243.16 153.471C1242.1 159.944 1240.23 164.367 1239.42 166.055C1238.6 164.367 1236.73 159.944 1235.68 153.471C1235.47 152.347 1235.35 151.222 1235.23 150.098L1235.23 150.094V149.812C1235.11 148.727 1235.03 147.682 1234.99 146.636V141.325C1235.02 140.963 1235.04 140.591 1235.06 140.212L1235.06 140.21C1235.11 139.537 1235.15 138.843 1235.23 138.149V137.868C1235.35 136.742 1235.47 135.656 1235.68 134.49C1236.73 128.017 1238.6 123.595 1239.42 121.906C1240.23 123.595 1242.1 128.017 1243.16 134.49C1243.36 135.616 1243.48 136.742 1243.6 137.868V138.149C1243.73 139.235 1243.81 140.28 1243.85 141.325V146.636ZM1234.99 218.447C1235.03 219.492 1235.11 220.537 1235.23 221.623V221.904L1235.23 221.909C1235.35 223.033 1235.47 224.157 1235.68 225.282C1236.73 231.755 1238.6 236.177 1239.42 237.866C1240.23 236.177 1242.1 231.755 1243.16 225.282C1243.36 224.116 1243.48 223.03 1243.6 221.904V221.623C1243.68 220.929 1243.73 220.235 1243.77 219.562L1243.77 219.559V219.558C1243.79 219.18 1243.82 218.808 1243.85 218.447V213.136C1243.81 212.09 1243.73 211.045 1243.6 209.96V209.678C1243.48 208.552 1243.36 207.427 1243.16 206.301C1242.1 199.828 1240.23 195.405 1239.42 193.717C1238.6 195.405 1236.73 199.828 1235.68 206.301C1235.47 207.467 1235.35 208.552 1235.23 209.678V209.96C1235.15 210.653 1235.11 211.347 1235.06 212.02V212.021C1235.04 212.4 1235.02 212.774 1234.99 213.136V218.447ZM1234.99 74.8258C1235.03 75.8712 1235.11 76.9165 1235.23 78.0021V78.2835L1235.23 78.2876C1235.35 79.412 1235.47 80.5363 1235.68 81.6607C1236.73 88.1338 1238.6 92.5564 1239.42 94.245C1240.23 92.5564 1242.1 88.1338 1243.16 81.6607C1243.36 80.4948 1243.48 79.4092 1243.6 78.2835V78.0021C1243.68 77.308 1243.73 76.6139 1243.77 75.9408L1243.77 75.9385V75.9371L1243.77 75.9355C1243.79 75.5577 1243.82 75.1866 1243.85 74.8258V69.5148C1243.81 68.4695 1243.73 67.4241 1243.6 66.3386V66.0572C1243.48 64.9314 1243.36 63.8056 1243.16 62.6799C1242.1 56.2068 1240.23 51.7843 1239.42 50.0957C1238.6 51.7843 1236.73 56.2068 1235.68 62.6799C1235.47 63.8458 1235.35 64.9314 1235.23 66.0572V66.3386C1235.15 67.0323 1235.11 67.7261 1235.06 68.3988V68.4003C1235.04 68.7794 1235.02 69.1528 1234.99 69.5148V74.8258Z" fill="url(#paint77_linear_35097_25798)"/>
<path fill-rule="evenodd" clip-rule="evenodd" d="M1293.8 238.147C1292.05 242.892 1289.82 247.515 1286.77 251.616C1286.81 251.656 1286.81 251.696 1286.81 251.696C1286.77 251.737 1286.77 251.777 1286.77 251.777C1289.78 255.878 1292.01 260.461 1293.8 265.246L1294.98 268.422C1297.17 274.372 1298.47 280.604 1298.56 286.876V287.921H1291.2V284.946C1291.16 283.901 1291.08 282.856 1290.95 281.77V281.489C1290.83 280.363 1290.71 279.237 1290.51 278.111C1289.45 271.638 1287.58 267.216 1286.77 265.527C1285.96 267.216 1284.09 271.638 1283.03 278.111C1282.83 279.277 1282.7 280.363 1282.58 281.489V281.77C1282.5 282.464 1282.46 283.159 1282.42 283.832L1282.42 283.833L1282.42 283.834L1282.42 283.836L1282.42 283.837L1282.42 283.839L1282.42 283.841L1282.42 283.843C1282.39 284.219 1282.37 284.587 1282.34 284.946V287.921H1274.98V286.876C1275.06 280.564 1276.4 274.332 1278.56 268.422L1279.74 265.246C1281.44 260.501 1283.72 255.878 1286.77 251.777C1286.73 251.737 1286.73 251.696 1286.73 251.696C1286.77 251.656 1286.77 251.616 1286.77 251.616C1283.76 247.515 1281.48 242.932 1279.74 238.147L1278.56 234.971C1276.36 229.021 1275.06 222.789 1274.98 216.517V215.066C1275.06 208.753 1276.4 202.522 1278.56 196.611L1279.74 193.435C1281.44 188.691 1283.72 184.067 1286.77 179.966C1286.73 179.926 1286.73 179.886 1286.73 179.886C1286.77 179.846 1286.77 179.806 1286.77 179.806C1283.76 175.705 1281.48 171.121 1279.74 166.337L1278.56 163.161C1276.36 157.21 1275.06 150.978 1274.98 144.706V143.255C1275.06 136.943 1276.4 130.711 1278.56 124.801L1279.74 121.625C1281.44 116.88 1283.72 112.257 1286.77 108.156C1286.73 108.116 1286.73 108.076 1286.73 108.076C1286.77 108.035 1286.77 107.995 1286.77 107.995C1283.76 103.894 1281.48 99.3108 1279.74 94.5264L1278.56 91.3502C1276.36 85.3998 1275.06 79.168 1274.98 72.896V71.4446C1275.06 65.1324 1276.4 58.9006 1278.56 52.9904L1279.74 49.8142C1281.44 45.07 1283.72 40.4464 1286.77 36.3455C1286.73 36.3053 1286.73 36.2651 1286.73 36.2651C1286.77 36.2249 1286.77 36.1847 1286.77 36.1847C1283.76 32.0837 1281.48 27.5003 1279.74 22.7159L1278.56 19.5397C1276.36 13.5893 1275.06 7.35751 1274.98 1.08554V0.0401917H1282.34V3.01541C1282.38 4.06073 1282.46 5.10605 1282.58 6.19159V6.47302L1282.58 6.47577C1282.7 7.60059 1282.83 8.7254 1283.03 9.85025C1284.09 16.3233 1285.96 20.7459 1286.77 22.4345C1287.58 20.7459 1289.45 16.3233 1290.51 9.85025C1290.71 8.6843 1290.83 7.59875 1290.95 6.47302V6.19159C1291.03 5.49747 1291.08 4.80334 1291.12 4.13025C1291.15 3.75067 1291.17 3.37781 1291.2 3.01541V0.0401917H1298.56V1.08554C1298.47 7.39774 1297.13 13.6295 1294.98 19.5397L1293.8 22.7159C1292.05 27.4601 1289.82 32.0837 1286.77 36.1847C1286.81 36.2249 1286.81 36.2651 1286.81 36.2651C1286.77 36.3053 1286.77 36.3455 1286.77 36.3455C1289.78 40.4464 1292.01 45.0298 1293.8 49.8142L1294.98 52.9904C1297.17 58.9408 1298.47 65.1726 1298.56 71.4446V72.896C1298.47 79.2082 1297.13 85.44 1294.98 91.3502L1293.8 94.5264C1292.05 99.2706 1289.82 103.894 1286.77 107.995C1286.81 108.035 1286.81 108.076 1286.81 108.076C1286.77 108.116 1286.77 108.156 1286.77 108.156C1289.78 112.257 1292.01 116.84 1293.8 121.625L1294.98 124.801C1297.17 130.751 1298.47 136.983 1298.56 143.255V144.706C1298.47 151.019 1297.13 157.25 1294.98 163.161L1293.8 166.337C1292.05 171.081 1289.82 175.705 1286.77 179.806C1286.81 179.846 1286.81 179.886 1286.81 179.886C1286.77 179.926 1286.77 179.966 1286.77 179.966C1289.78 184.067 1292.01 188.651 1293.8 193.435L1294.98 196.611C1297.17 202.562 1298.47 208.794 1298.56 215.066V216.517C1298.47 222.829 1297.13 229.061 1294.98 234.971L1293.8 238.147ZM1291.2 146.636C1291.17 146.999 1291.15 147.372 1291.12 147.751C1291.08 148.424 1291.03 149.118 1290.95 149.812V150.094C1290.83 151.22 1290.71 152.305 1290.51 153.471C1289.45 159.944 1287.58 164.367 1286.77 166.055C1285.96 164.367 1284.09 159.944 1283.03 153.471C1282.83 152.346 1282.7 151.221 1282.58 150.097L1282.58 150.094V149.812C1282.46 148.727 1282.38 147.682 1282.34 146.636V141.325C1282.37 140.967 1282.39 140.598 1282.42 140.222L1282.42 140.22L1282.42 140.218L1282.42 140.216L1282.42 140.215L1282.42 140.213L1282.42 140.212L1282.42 140.211C1282.46 139.538 1282.5 138.843 1282.58 138.149V137.868C1282.7 136.742 1282.83 135.656 1283.03 134.49C1284.09 128.017 1285.96 123.595 1286.77 121.906C1287.58 123.595 1289.45 128.017 1290.51 134.49C1290.71 135.616 1290.83 136.742 1290.95 137.868V138.149C1291.08 139.235 1291.16 140.28 1291.2 141.325V146.636ZM1282.34 218.447C1282.38 219.492 1282.46 220.537 1282.58 221.623V221.904L1282.58 221.907C1282.7 223.032 1282.83 224.157 1283.03 225.282C1284.09 231.755 1285.96 236.177 1286.77 237.866C1287.58 236.177 1289.45 231.755 1290.51 225.282C1290.71 224.116 1290.83 223.03 1290.95 221.904V221.623C1291.03 220.929 1291.08 220.235 1291.12 219.562C1291.15 219.182 1291.17 218.809 1291.2 218.447V213.136C1291.16 212.09 1291.08 211.045 1290.95 209.96V209.678C1290.83 208.552 1290.71 207.427 1290.51 206.301C1289.45 199.828 1287.58 195.405 1286.77 193.717C1285.96 195.405 1284.09 199.828 1283.03 206.301C1282.83 207.467 1282.7 208.552 1282.58 209.678V209.96C1282.5 210.654 1282.46 211.348 1282.42 212.021L1282.42 212.023L1282.42 212.024L1282.42 212.025L1282.42 212.027L1282.42 212.029C1282.39 212.406 1282.37 212.776 1282.34 213.136V218.447ZM1282.34 74.8258C1282.38 75.8712 1282.46 76.9165 1282.58 78.0021V78.2835L1282.58 78.2862C1282.7 79.411 1282.83 80.5359 1283.03 81.6607C1284.09 88.1338 1285.96 92.5564 1286.77 94.245C1287.58 92.5564 1289.45 88.1338 1290.51 81.6607C1290.71 80.4948 1290.83 79.4092 1290.95 78.2835V78.0021C1291.03 77.3079 1291.08 76.6138 1291.12 75.9407C1291.15 75.5611 1291.17 75.1882 1291.2 74.8258V69.5148C1291.16 68.4695 1291.08 67.4241 1290.95 66.3386V66.0572C1290.83 64.9314 1290.71 63.8056 1290.51 62.6799C1289.45 56.2068 1287.58 51.7843 1286.77 50.0957C1285.96 51.7843 1284.09 56.2068 1283.03 62.6799C1282.83 63.8458 1282.7 64.9314 1282.58 66.0572V66.3386C1282.5 67.0329 1282.46 67.7272 1282.42 68.4004L1282.42 68.4016L1282.42 68.403L1282.42 68.4045L1282.42 68.4062L1282.42 68.408L1282.42 68.4102C1282.39 68.7862 1282.37 69.1557 1282.34 69.5148V74.8258Z" fill="url(#paint78_linear_35097_25798)"/>
<path fill-rule="evenodd" clip-rule="evenodd" d="M1322.09 252.742V250.611C1322.01 244.339 1320.71 238.107 1318.51 232.157L1317.33 228.981C1315.58 224.297 1313.4 219.807 1310.49 215.773C1313.44 211.736 1315.62 207.207 1317.33 202.562L1318.51 199.386C1320.67 193.475 1322.01 187.244 1322.09 180.931V178.8C1322.01 172.528 1320.71 166.297 1318.51 160.346L1317.33 157.17C1315.58 152.487 1313.4 147.996 1310.49 143.962C1313.44 139.926 1315.62 135.396 1317.33 130.751L1318.51 127.575C1320.67 121.665 1322.01 115.433 1322.09 109.121V106.99C1322.01 100.718 1320.71 94.4862 1318.51 88.5358L1317.33 85.3596C1315.58 80.6764 1313.4 76.1859 1310.49 72.1519C1313.44 68.1154 1315.62 63.5859 1317.33 58.9408L1318.51 55.7646C1320.67 49.8544 1322.01 43.6226 1322.09 37.3104V35.1795C1322.01 28.9075 1320.71 22.6757 1318.51 16.7253L1317.33 13.5491C1315.55 8.76468 1313.31 4.1813 1310.3 0.0804138C1310.28 0.0613403 1310.27 0.0423279 1310.27 0.0275574C1310.26 0.0197449 1310.26 0.0131531 1310.26 0.0083313C1310.26 0.00305176 1310.26 0 1310.26 0H1310.22C1310.18 0.0401917 1310.18 0.0804138 1310.18 0.0804138C1307.13 4.1813 1304.86 8.80487 1303.15 13.5491L1301.97 16.7253C1299.82 22.6355 1298.47 28.8673 1298.39 35.1795V37.3104C1298.47 43.5824 1299.77 49.8142 1301.97 55.7646L1303.15 58.9408C1304.86 63.624 1307.08 68.1145 1309.99 72.1485C1307.04 76.185 1304.82 80.7145 1303.15 85.3596L1301.97 88.5358C1299.82 94.446 1298.47 100.678 1298.39 106.99V109.121C1298.47 115.393 1299.77 121.625 1301.97 127.575L1303.15 130.751C1304.86 135.434 1307.08 139.925 1309.99 143.959C1307.04 147.995 1304.82 152.525 1303.15 157.17L1301.97 160.346C1299.82 166.256 1298.47 172.488 1298.39 178.8V180.931C1298.47 187.203 1299.77 193.435 1301.97 199.386L1303.15 202.562C1304.86 207.245 1307.08 211.735 1309.99 215.769C1307.04 219.806 1304.82 224.335 1303.15 228.981L1301.97 232.157C1299.82 238.067 1298.47 244.299 1298.39 250.611V252.742C1298.47 259.014 1299.77 265.246 1301.97 271.196L1303.15 274.372C1304.9 279.157 1307.17 283.74 1310.18 287.841C1310.22 287.881 1310.22 287.921 1310.22 287.921H1310.26C1310.3 287.881 1310.3 287.841 1310.3 287.841C1313.35 283.74 1315.59 279.116 1317.33 274.372L1318.51 271.196C1320.67 265.286 1322.01 259.054 1322.09 252.742ZM1314.69 248.761V254.712C1314.66 255.074 1314.64 255.447 1314.61 255.827C1314.57 256.5 1314.53 257.194 1314.45 257.888V258.17C1314.33 259.295 1314.2 260.381 1314 261.547C1312.94 268.02 1311.07 272.442 1310.26 274.131C1309.45 272.442 1307.58 268.02 1306.52 261.547C1306.32 260.421 1306.2 259.296 1306.08 258.171L1306.07 258.17V257.888C1305.95 256.803 1305.87 255.757 1305.83 254.712V248.761C1305.86 248.401 1305.88 248.029 1305.91 247.652L1305.91 247.65V247.649L1305.91 247.647V247.646C1305.95 246.973 1306 246.279 1306.07 245.585V245.304C1306.2 244.178 1306.32 243.093 1306.52 241.927C1307.58 235.454 1309.45 231.031 1310.26 229.342C1311.07 231.031 1312.94 235.454 1314 241.927C1314.2 243.052 1314.33 244.178 1314.45 245.304V245.585C1314.57 246.671 1314.65 247.716 1314.69 248.761ZM1314.69 176.951V182.901C1314.66 183.264 1314.64 183.637 1314.61 184.016C1314.57 184.689 1314.53 185.383 1314.45 186.078V186.359C1314.33 187.485 1314.2 188.57 1314 189.736C1312.94 196.209 1311.07 200.632 1310.26 202.321C1309.45 200.632 1307.58 196.209 1306.52 189.736C1306.32 188.611 1306.2 187.486 1306.08 186.36L1306.07 186.359V186.078C1305.95 184.992 1305.87 183.947 1305.83 182.901V176.951C1305.86 176.59 1305.88 176.218 1305.91 175.84L1305.91 175.838L1305.91 175.837V175.835C1305.95 175.163 1306 174.469 1306.07 173.775V173.493C1306.2 172.368 1306.32 171.282 1306.52 170.116C1307.58 163.643 1309.45 159.221 1310.26 157.532C1311.07 159.221 1312.94 163.643 1314 170.116C1314.2 171.242 1314.33 172.368 1314.45 173.493V173.775C1314.57 174.86 1314.65 175.906 1314.69 176.951ZM1314.69 105.141V111.091C1314.66 111.453 1314.64 111.826 1314.61 112.206C1314.57 112.879 1314.53 113.573 1314.45 114.267V114.549C1314.33 115.674 1314.2 116.76 1314 117.926C1312.94 124.399 1311.07 128.821 1310.26 130.51C1309.45 128.821 1307.58 124.399 1306.52 117.926C1306.32 116.801 1306.2 115.675 1306.08 114.55L1306.07 114.549V114.267C1305.95 113.182 1305.87 112.136 1305.83 111.091V105.141C1305.86 104.78 1305.88 104.41 1305.91 104.032L1305.91 104.031L1305.91 104.029V104.028L1305.91 104.026V104.025C1305.95 103.352 1306 102.658 1306.07 101.964V101.683C1306.2 100.557 1306.32 99.4716 1306.52 98.3056C1307.58 91.8326 1309.45 87.4101 1310.26 85.7214C1311.07 87.4101 1312.94 91.8326 1314 98.3056C1314.2 99.4314 1314.33 100.557 1314.45 101.683V101.964C1314.57 103.05 1314.65 104.095 1314.69 105.141ZM1314.69 33.3301V39.2805C1314.66 39.6429 1314.64 40.0158 1314.61 40.3953C1314.57 41.0685 1314.53 41.7626 1314.45 42.4567V42.7381C1314.33 43.8639 1314.2 44.9494 1314 46.1154C1312.94 52.5884 1311.07 57.011 1310.26 58.6996C1309.45 57.011 1307.58 52.5884 1306.52 46.1154C1306.32 44.9901 1306.2 43.8649 1306.08 42.7396L1306.07 42.7381V42.4567C1305.95 41.3712 1305.87 40.3258 1305.83 39.2805V33.3301C1305.86 32.9683 1305.88 32.5961 1305.91 32.2171L1305.91 32.216V32.2145C1305.95 31.5416 1306 30.8477 1306.07 30.1539V29.8724C1306.2 28.7467 1306.32 27.6612 1306.52 26.4952C1307.58 20.0222 1309.45 15.5996 1310.26 13.911C1311.07 15.5996 1312.94 20.0222 1314 26.4952C1314.2 27.621 1314.33 28.7467 1314.45 29.8724V30.1539C1314.57 31.2394 1314.65 32.2848 1314.69 33.3301Z" fill="url(#paint79_linear_35097_25798)"/>
<path fill-rule="evenodd" clip-rule="evenodd" d="M1340.87 238.147C1339.12 242.892 1336.88 247.515 1333.84 251.616C1333.88 251.656 1333.88 251.696 1333.88 251.696C1333.84 251.737 1333.84 251.777 1333.84 251.777C1336.84 255.878 1339.12 260.461 1340.87 265.246L1342.05 268.422C1344.24 274.372 1345.54 280.604 1345.62 286.876V287.921H1338.27V284.946C1338.22 283.901 1338.14 282.856 1338.02 281.77V281.489L1338.02 281.487C1337.9 280.362 1337.78 279.237 1337.57 278.111C1336.52 271.638 1334.65 267.216 1333.84 265.527C1333.02 267.216 1331.15 271.638 1330.1 278.111C1329.89 279.277 1329.77 280.363 1329.65 281.489V281.77C1329.57 282.464 1329.53 283.159 1329.48 283.832L1329.48 283.833L1329.48 283.834L1329.48 283.836L1329.48 283.837L1329.48 283.839L1329.48 283.841V283.843C1329.46 284.219 1329.43 284.587 1329.41 284.946V287.921H1322.05V286.876C1322.13 280.564 1323.47 274.332 1325.63 268.422L1326.8 265.246C1328.55 260.501 1330.79 255.878 1333.84 251.777C1333.79 251.737 1333.79 251.696 1333.79 251.696C1333.84 251.656 1333.84 251.616 1333.84 251.616C1330.83 247.515 1328.55 242.932 1326.8 238.147L1325.63 234.971C1323.43 229.021 1322.13 222.789 1322.05 216.517V215.066C1322.13 208.753 1323.47 202.522 1325.63 196.611L1326.8 193.435C1328.55 188.691 1330.79 184.067 1333.84 179.966C1333.82 179.95 1333.81 179.933 1333.8 179.919C1333.79 179.9 1333.79 179.886 1333.79 179.886C1333.81 179.866 1333.82 179.847 1333.83 179.832C1333.83 179.826 1333.83 179.822 1333.83 179.817C1333.84 179.81 1333.84 179.806 1333.84 179.806C1330.83 175.705 1328.55 171.121 1326.8 166.337L1325.63 163.161C1323.43 157.21 1322.13 150.978 1322.05 144.706V143.255C1322.13 136.943 1323.47 130.711 1325.63 124.801L1326.8 121.625C1328.55 116.88 1330.79 112.257 1333.84 108.156C1333.79 108.116 1333.79 108.076 1333.79 108.076C1333.84 108.035 1333.84 107.995 1333.84 107.995C1330.83 103.894 1328.55 99.3108 1326.8 94.5264L1325.63 91.3502C1323.43 85.3998 1322.13 79.168 1322.05 72.896V71.4446C1322.13 65.1324 1323.47 58.9006 1325.63 52.9904L1326.8 49.8142C1328.55 45.07 1330.79 40.4464 1333.84 36.3455C1333.79 36.3053 1333.79 36.2651 1333.79 36.2651C1333.84 36.2249 1333.84 36.1847 1333.84 36.1847C1330.83 32.0837 1328.55 27.5003 1326.8 22.7159L1325.63 19.5397C1323.43 13.5893 1322.13 7.35751 1322.05 1.08554V0.0401917H1329.41V3.01541C1329.45 4.06073 1329.53 5.10605 1329.65 6.19159V6.47302C1329.77 7.59875 1329.89 8.72452 1330.1 9.85025C1331.15 16.3233 1333.02 20.7459 1333.84 22.4345C1334.65 20.7459 1336.52 16.3233 1337.57 9.85025C1337.78 8.6843 1337.9 7.59875 1338.02 6.47302V6.19159C1338.1 5.49747 1338.14 4.80334 1338.19 4.13025C1338.21 3.75067 1338.24 3.37781 1338.27 3.01541V0.0401917H1345.62V1.08554C1345.54 7.39774 1344.2 13.6295 1342.05 19.5397L1340.87 22.7159C1339.12 27.4601 1336.88 32.0837 1333.84 36.1847C1333.88 36.2249 1333.88 36.2651 1333.88 36.2651C1333.86 36.2787 1333.85 36.2923 1333.85 36.3044C1333.84 36.3279 1333.84 36.3455 1333.84 36.3455C1336.84 40.4464 1339.12 45.0298 1340.87 49.8142L1342.05 52.9904C1344.24 58.9408 1345.54 65.1726 1345.62 71.4446V72.896C1345.54 79.2082 1344.2 85.44 1342.05 91.3502L1340.87 94.5264C1339.12 99.2706 1336.88 103.894 1333.84 107.995C1333.88 108.035 1333.88 108.076 1333.88 108.076C1333.84 108.116 1333.84 108.156 1333.84 108.156C1336.84 112.257 1339.12 116.84 1340.87 121.625L1342.05 124.801C1344.24 130.751 1345.54 136.983 1345.62 143.255V144.706C1345.54 151.019 1344.2 157.25 1342.05 163.161L1340.87 166.337C1339.12 171.081 1336.88 175.705 1333.84 179.806C1333.86 179.826 1333.87 179.846 1333.87 179.861C1333.87 179.865 1333.87 179.869 1333.87 179.872L1333.88 179.879L1333.88 179.884L1333.88 179.886C1333.84 179.926 1333.84 179.966 1333.84 179.966C1336.84 184.067 1339.12 188.651 1340.87 193.435L1342.05 196.611C1344.24 202.562 1345.54 208.794 1345.62 215.066V216.517C1345.54 222.829 1344.2 229.061 1342.05 234.971L1340.87 238.147ZM1338.27 146.636C1338.24 146.999 1338.21 147.372 1338.19 147.751C1338.14 148.424 1338.1 149.118 1338.02 149.812V150.094C1337.9 151.22 1337.78 152.305 1337.57 153.471C1336.52 159.944 1334.65 164.367 1333.84 166.055C1333.02 164.367 1331.15 159.944 1330.1 153.471C1329.89 152.345 1329.77 151.22 1329.65 150.094V149.812C1329.53 148.727 1329.45 147.682 1329.41 146.636V141.325C1329.43 140.967 1329.46 140.598 1329.48 140.222V140.22L1329.48 140.218L1329.48 140.216L1329.48 140.215L1329.48 140.213L1329.48 140.212L1329.48 140.211C1329.53 139.538 1329.57 138.843 1329.65 138.149V137.868C1329.77 136.742 1329.89 135.656 1330.1 134.49C1331.15 128.017 1333.02 123.595 1333.84 121.906C1334.65 123.595 1336.52 128.017 1337.57 134.49C1337.78 135.616 1337.9 136.741 1338.02 137.866L1338.02 137.868V138.149C1338.14 139.235 1338.22 140.28 1338.27 141.325V146.636ZM1329.41 218.447C1329.45 219.492 1329.53 220.537 1329.65 221.623V221.904C1329.77 223.03 1329.89 224.156 1330.1 225.282C1331.15 231.755 1333.02 236.177 1333.84 237.866C1334.65 236.177 1336.52 231.755 1337.57 225.282C1337.78 224.116 1337.9 223.03 1338.02 221.904V221.623C1338.1 220.929 1338.14 220.235 1338.19 219.562C1338.21 219.182 1338.24 218.809 1338.27 218.447V213.136C1338.22 212.09 1338.14 211.045 1338.02 209.96V209.678L1338.02 209.677C1337.9 208.551 1337.78 207.426 1337.57 206.301C1336.52 199.828 1334.65 195.405 1333.84 193.717C1333.02 195.405 1331.15 199.828 1330.1 206.301C1329.89 207.467 1329.77 208.552 1329.65 209.678V209.96C1329.57 210.654 1329.53 211.348 1329.48 212.021C1329.46 212.401 1329.43 212.773 1329.41 213.136V218.447ZM1329.41 74.8258C1329.45 75.8712 1329.53 76.9165 1329.65 78.0021V78.2835C1329.77 79.4092 1329.89 80.535 1330.1 81.6607C1331.15 88.1338 1333.02 92.5564 1333.84 94.245C1334.65 92.5564 1336.52 88.1338 1337.57 81.6607C1337.78 80.4948 1337.9 79.4092 1338.02 78.2835V78.0021C1338.1 77.3079 1338.14 76.6138 1338.19 75.9407C1338.21 75.5611 1338.24 75.1882 1338.27 74.8258V69.5148C1338.22 68.4695 1338.14 67.4241 1338.02 66.3386V66.0572L1338.02 66.0557C1337.9 64.9305 1337.78 63.8052 1337.57 62.6799C1336.52 56.2068 1334.65 51.7843 1333.84 50.0957C1333.02 51.7843 1331.15 56.2068 1330.1 62.6799C1329.89 63.8458 1329.77 64.9314 1329.65 66.0572V66.3386C1329.57 67.0329 1329.53 67.7272 1329.48 68.4004L1329.48 68.4016C1329.46 68.7806 1329.43 69.1529 1329.41 69.5148V74.8258Z" fill="url(#paint80_linear_35097_25798)"/>
<path fill-rule="evenodd" clip-rule="evenodd" d="M1381.11 251.616C1384.15 247.515 1386.39 242.892 1388.14 238.147L1389.32 234.971C1391.47 229.061 1392.81 222.829 1392.89 216.517V215.066C1392.81 208.794 1391.51 202.562 1389.32 196.611L1388.14 193.435C1386.35 188.651 1384.11 184.067 1381.11 179.966C1378.06 184.067 1375.78 188.691 1374.07 193.435L1372.9 196.611C1370.74 202.522 1369.4 208.753 1369.32 215.066V216.517C1369.4 222.789 1370.7 229.021 1372.9 234.971L1374.07 238.147C1375.82 242.932 1378.1 247.515 1381.11 251.616ZM1376.68 213.136C1376.7 212.773 1376.73 212.401 1376.75 212.021C1376.8 211.348 1376.84 210.654 1376.92 209.96V209.678C1377.04 208.552 1377.16 207.467 1377.37 206.301C1378.42 199.828 1380.29 195.405 1381.11 193.717C1381.92 195.405 1383.79 199.828 1384.84 206.301C1385.05 207.426 1385.17 208.551 1385.29 209.677L1385.29 209.678V209.96C1385.41 211.045 1385.49 212.09 1385.54 213.136V218.447C1385.51 218.809 1385.48 219.182 1385.46 219.562C1385.41 220.235 1385.37 220.929 1385.29 221.623V221.904C1385.17 223.03 1385.05 224.116 1384.84 225.282C1383.79 231.755 1381.92 236.177 1381.11 237.866C1380.29 236.177 1378.42 231.755 1377.37 225.282C1377.16 224.156 1377.04 223.03 1376.92 221.904V221.623C1376.8 220.537 1376.72 219.492 1376.68 218.447V213.136Z" fill="url(#paint81_linear_35097_25798)"/>
<path fill-rule="evenodd" clip-rule="evenodd" d="M1381.11 251.777C1378.06 255.878 1375.78 260.501 1374.07 265.246L1372.9 268.422C1370.74 274.332 1369.4 280.564 1369.32 286.876V287.921H1376.68V284.946C1376.7 284.587 1376.73 284.219 1376.75 283.843L1376.75 283.841V283.839L1376.75 283.837L1376.75 283.836V283.834L1376.75 283.833L1376.75 283.832C1376.8 283.159 1376.84 282.464 1376.92 281.77V281.489C1377.04 280.363 1377.16 279.277 1377.37 278.111C1378.42 271.638 1380.29 267.216 1381.11 265.527C1381.92 267.216 1383.79 271.638 1384.84 278.111C1385.05 279.237 1385.17 280.362 1385.29 281.487L1385.29 281.489V281.77C1385.41 282.856 1385.49 283.901 1385.54 284.946V287.921H1392.89V286.876C1392.81 280.604 1391.51 274.372 1389.32 268.422L1388.14 265.246C1386.35 260.461 1384.11 255.878 1381.11 251.777ZM1381.11 251.777C1381.11 251.777 1381.11 251.737 1381.15 251.696C1381.15 251.696 1381.15 251.656 1381.11 251.616C1381.11 251.616 1381.11 251.656 1381.06 251.696C1381.06 251.696 1381.06 251.737 1381.11 251.777Z" fill="url(#paint82_linear_35097_25798)"/>
<path d="M1381.11 179.806C1381.11 179.806 1381.11 179.846 1381.06 179.886C1381.06 179.886 1381.06 179.926 1381.11 179.966C1381.11 179.966 1381.11 179.926 1381.15 179.886C1381.15 179.886 1381.15 179.846 1381.11 179.806Z" fill="url(#paint83_linear_35097_25798)"/>
<path fill-rule="evenodd" clip-rule="evenodd" d="M1392.89 144.706C1392.81 151.019 1391.47 157.25 1389.32 163.161L1388.14 166.337C1386.39 171.081 1384.15 175.705 1381.11 179.806C1378.1 175.705 1375.82 171.121 1374.07 166.337L1372.9 163.161C1370.7 157.21 1369.4 150.978 1369.32 144.706V143.255C1369.4 136.943 1370.74 130.711 1372.9 124.801L1374.07 121.625C1375.78 116.88 1378.06 112.257 1381.11 108.156C1381.06 108.116 1381.06 108.076 1381.06 108.076C1381.11 108.035 1381.11 107.995 1381.11 107.995C1378.1 103.894 1375.82 99.3108 1374.07 94.5264L1372.9 91.3502C1370.7 85.3998 1369.4 79.168 1369.32 72.896V71.4446C1369.4 65.1324 1370.74 58.9006 1372.9 52.9904L1374.07 49.8142C1375.78 45.07 1378.06 40.4464 1381.11 36.3455C1381.06 36.3053 1381.06 36.2651 1381.06 36.2651C1381.08 36.2476 1381.09 36.23 1381.1 36.2158C1381.11 36.1975 1381.11 36.1847 1381.11 36.1847C1378.1 32.0837 1375.82 27.5003 1374.07 22.7159L1372.9 19.5397C1370.7 13.5893 1369.4 7.35751 1369.32 1.08554V0.0401917H1376.68V3.01541C1376.72 4.06073 1376.8 5.10605 1376.92 6.19159V6.47302C1377.04 7.59875 1377.16 8.72452 1377.37 9.85025C1378.42 16.3233 1380.29 20.7459 1381.11 22.4345C1381.92 20.7459 1383.79 16.3233 1384.84 9.85025C1385.05 8.6843 1385.17 7.59875 1385.29 6.47302V6.19159C1385.37 5.49747 1385.41 4.80334 1385.46 4.13025C1385.48 3.75067 1385.51 3.37781 1385.54 3.01541V0.0401917H1392.89V1.08554C1392.81 7.39774 1391.47 13.6295 1389.32 19.5397L1388.14 22.7159C1386.39 27.4601 1384.15 32.0837 1381.11 36.1847C1381.15 36.2249 1381.15 36.2651 1381.15 36.2651C1381.11 36.3053 1381.11 36.3455 1381.11 36.3455C1384.11 40.4464 1386.35 45.0298 1388.14 49.8142L1389.32 52.9904C1391.51 58.9408 1392.81 65.1726 1392.89 71.4446V72.896C1392.81 79.2082 1391.47 85.44 1389.32 91.3502L1388.14 94.5264C1386.39 99.2706 1384.15 103.894 1381.11 107.995C1381.15 108.035 1381.15 108.076 1381.15 108.076C1381.11 108.116 1381.11 108.156 1381.11 108.156C1384.11 112.257 1386.35 116.84 1388.14 121.625L1389.32 124.801C1391.51 130.751 1392.81 136.983 1392.89 143.255V144.706ZM1385.54 146.636C1385.51 146.999 1385.48 147.372 1385.46 147.751C1385.41 148.424 1385.37 149.118 1385.29 149.812V150.094C1385.17 151.22 1385.05 152.305 1384.84 153.471C1383.79 159.944 1381.92 164.367 1381.11 166.055C1380.29 164.367 1378.42 159.944 1377.37 153.471C1377.16 152.345 1377.04 151.22 1376.92 150.094V149.812C1376.8 148.727 1376.72 147.682 1376.68 146.636V141.325C1376.7 140.967 1376.73 140.598 1376.75 140.222L1376.75 140.22V140.218L1376.75 140.216L1376.75 140.215V140.213L1376.75 140.212L1376.75 140.211C1376.8 139.538 1376.84 138.843 1376.92 138.149V137.868C1377.04 136.742 1377.16 135.656 1377.37 134.49C1378.42 128.017 1380.29 123.595 1381.11 121.906C1381.92 123.595 1383.79 128.017 1384.84 134.49C1385.05 135.616 1385.17 136.741 1385.29 137.866L1385.29 137.868V138.149C1385.41 139.235 1385.49 140.28 1385.54 141.325V146.636ZM1376.68 69.5148C1376.7 69.1538 1376.73 68.7825 1376.75 68.4044L1376.75 68.4016L1376.75 68.4004C1376.8 67.7272 1376.84 67.0329 1376.92 66.3386V66.0572C1377.04 64.9314 1377.16 63.8458 1377.37 62.6799C1378.42 56.2068 1380.29 51.7843 1381.11 50.0957C1381.92 51.7843 1383.79 56.2068 1384.84 62.6799C1385.05 63.8052 1385.17 64.9305 1385.29 66.0557L1385.29 66.0572V66.3386C1385.41 67.4241 1385.49 68.4695 1385.54 69.5148V74.8258C1385.52 75.0226 1385.51 75.2224 1385.49 75.4248C1385.48 75.5951 1385.47 75.7672 1385.46 75.9407C1385.41 76.6138 1385.37 77.3079 1385.29 78.0021V78.2835C1385.17 79.4092 1385.05 80.4948 1384.84 81.6607C1383.79 88.1338 1381.92 92.5564 1381.11 94.245C1380.29 92.5564 1378.42 88.1338 1377.37 81.6607C1377.16 80.535 1377.04 79.4092 1376.92 78.2835V78.0021C1376.8 76.9165 1376.72 75.8712 1376.68 74.8258V69.5148Z" fill="url(#paint84_linear_35097_25798)"/>
<path fill-rule="evenodd" clip-rule="evenodd" d="M1369.2 252.742C1369.12 259.054 1367.77 265.286 1365.62 271.196L1364.44 274.372C1362.69 279.116 1360.46 283.74 1357.41 287.841C1357.41 287.841 1357.41 287.881 1357.37 287.921H1357.33C1357.33 287.921 1357.33 287.881 1357.29 287.841C1354.28 283.74 1352 279.157 1350.26 274.372L1349.08 271.196C1346.88 265.246 1345.58 259.014 1345.5 252.742V250.611C1345.58 244.299 1346.92 238.067 1349.08 232.157L1350.26 228.981C1351.97 224.335 1354.15 219.806 1357.1 215.769C1354.18 211.735 1351.97 207.245 1350.26 202.562L1349.08 199.386C1346.88 193.435 1345.58 187.203 1345.5 180.931V178.8C1345.58 172.488 1346.92 166.256 1349.08 160.346L1350.26 157.17C1351.97 152.525 1354.15 147.995 1357.1 143.959C1354.18 139.925 1351.97 135.434 1350.26 130.751L1349.08 127.575C1346.88 121.625 1345.58 115.393 1345.5 109.121V106.99C1345.58 100.678 1346.92 94.446 1349.08 88.5358L1350.26 85.3596C1351.97 80.7145 1354.15 76.185 1357.1 72.1485C1354.18 68.1145 1351.97 63.624 1350.26 58.9408L1349.08 55.7646C1346.88 49.8142 1345.58 43.5824 1345.5 37.3104V35.1795C1345.58 28.8673 1346.92 22.6355 1349.08 16.7253L1350.26 13.5491C1352 8.80487 1354.24 4.1813 1357.29 0.0804138C1357.29 0.0804138 1357.29 0.0401917 1357.33 0H1357.37C1357.37 0 1357.37 0.0401917 1357.41 0.0804138C1360.42 4.1813 1362.69 8.76468 1364.44 13.5491L1365.62 16.7253C1367.81 22.6757 1369.12 28.9075 1369.2 35.1795V37.3104C1369.12 43.6226 1367.77 49.8544 1365.62 55.7646L1364.44 58.9408C1362.73 63.5859 1360.55 68.1154 1357.6 72.1519C1360.51 76.1859 1362.73 80.6764 1364.44 85.3596L1365.62 88.5358C1367.81 94.4862 1369.12 100.718 1369.2 106.99V109.121C1369.12 115.433 1367.77 121.665 1365.62 127.575L1364.44 130.751C1362.73 135.396 1360.55 139.926 1357.6 143.962C1360.51 147.996 1362.73 152.487 1364.44 157.17L1365.62 160.346C1367.81 166.297 1369.12 172.528 1369.2 178.8V180.931C1369.12 187.244 1367.77 193.475 1365.62 199.386L1364.44 202.562C1362.73 207.207 1360.55 211.736 1357.6 215.773C1360.51 219.807 1362.73 224.297 1364.44 228.981L1365.62 232.157C1367.81 238.107 1369.12 244.339 1369.2 250.611V252.742ZM1361.8 248.761C1361.76 247.716 1361.68 246.671 1361.56 245.585V245.304L1361.55 245.302C1361.43 244.177 1361.31 243.052 1361.11 241.927C1360.05 235.454 1358.18 231.031 1357.37 229.342C1356.56 231.031 1354.69 235.454 1353.63 241.927C1353.43 243.093 1353.3 244.178 1353.18 245.304V245.585C1353.1 246.279 1353.06 246.973 1353.02 247.646L1353.02 247.647L1353.02 247.649V247.65L1353.02 247.652V247.653L1353.02 247.655L1353.02 247.657C1352.99 248.033 1352.97 248.402 1352.94 248.761V254.712C1352.98 255.757 1353.06 256.803 1353.18 257.888V258.17L1353.18 258.171C1353.3 259.296 1353.43 260.421 1353.63 261.547C1354.69 268.02 1356.56 272.442 1357.37 274.131C1358.18 272.442 1360.05 268.02 1361.11 261.547C1361.31 260.381 1361.43 259.295 1361.56 258.17V257.888C1361.63 257.194 1361.68 256.5 1361.72 255.827C1361.75 255.447 1361.77 255.074 1361.8 254.712V248.761ZM1361.8 176.951C1361.76 175.906 1361.68 174.86 1361.56 173.775V173.493L1361.55 173.492C1361.43 172.367 1361.31 171.241 1361.11 170.116C1360.05 163.643 1358.18 159.221 1357.37 157.532C1356.56 159.221 1354.69 163.643 1353.63 170.116C1353.43 171.282 1353.3 172.368 1353.18 173.493V173.775C1353.1 174.469 1353.06 175.163 1353.02 175.835L1353.02 175.837C1352.99 176.216 1352.97 176.589 1352.94 176.951V182.901C1352.98 183.947 1353.06 184.992 1353.18 186.078V186.359L1353.18 186.36C1353.3 187.486 1353.43 188.611 1353.63 189.736C1354.69 196.209 1356.56 200.632 1357.37 202.321C1358.18 200.632 1360.05 196.209 1361.11 189.736C1361.31 188.57 1361.43 187.485 1361.56 186.359V186.078C1361.63 185.383 1361.68 184.689 1361.72 184.016C1361.75 183.637 1361.77 183.264 1361.8 182.901V176.951ZM1361.8 105.141C1361.76 104.095 1361.68 103.05 1361.56 101.964V101.683L1361.55 101.681C1361.43 100.556 1361.31 99.4309 1361.11 98.3056C1360.05 91.8326 1358.18 87.4101 1357.37 85.7214C1356.56 87.4101 1354.69 91.8326 1353.63 98.3056C1353.43 99.4716 1353.3 100.557 1353.18 101.683V101.964C1353.1 102.658 1353.06 103.352 1353.02 104.025L1353.02 104.026L1353.02 104.028V104.029L1353.02 104.031V104.032L1353.02 104.034L1353.02 104.036C1352.99 104.412 1352.97 104.782 1352.94 105.141V111.091C1352.98 112.136 1353.06 113.182 1353.18 114.267V114.549L1353.18 114.55C1353.3 115.675 1353.43 116.801 1353.63 117.926C1354.69 124.399 1356.56 128.821 1357.37 130.51C1358.18 128.821 1360.05 124.399 1361.11 117.926C1361.31 116.76 1361.43 115.674 1361.56 114.549V114.267C1361.63 113.573 1361.68 112.879 1361.72 112.206C1361.75 111.826 1361.77 111.453 1361.8 111.091V105.141ZM1361.8 33.3301C1361.76 32.2848 1361.68 31.2394 1361.56 30.1539V29.8724L1361.55 29.871C1361.43 28.7458 1361.31 27.6205 1361.11 26.4952C1360.05 20.0222 1358.18 15.5996 1357.37 13.911C1356.56 15.5996 1354.69 20.0222 1353.63 26.4952C1353.43 27.6612 1353.3 28.7467 1353.18 29.8724V30.1539C1353.1 30.8477 1353.06 31.5416 1353.02 32.2145L1353.02 32.216L1353.02 32.2172C1352.99 32.5961 1352.97 32.9683 1352.94 33.3301V39.2805C1352.98 40.3258 1353.06 41.3712 1353.18 42.4567V42.7381L1353.18 42.7396C1353.3 43.8649 1353.43 44.9901 1353.63 46.1154C1354.69 52.5884 1356.56 57.011 1357.37 58.6996C1358.18 57.011 1360.05 52.5884 1361.11 46.1154C1361.31 44.9494 1361.43 43.8639 1361.56 42.7381V42.4567C1361.63 41.7626 1361.68 41.0685 1361.72 40.3953C1361.75 40.0158 1361.77 39.6429 1361.8 39.2805V33.3301Z" fill="url(#paint85_linear_35097_25798)"/>
<path fill-rule="evenodd" clip-rule="evenodd" d="M1416.43 252.742V250.611C1416.34 244.339 1415.04 238.107 1412.85 232.157L1411.67 228.981C1409.92 224.297 1407.74 219.807 1404.83 215.773C1407.78 211.736 1409.96 207.207 1411.67 202.562L1412.85 199.386C1415 193.475 1416.34 187.244 1416.43 180.931V178.8C1416.34 172.528 1415.04 166.297 1412.85 160.346L1411.67 157.17C1409.92 152.487 1407.74 147.996 1404.83 143.962C1407.78 139.926 1409.96 135.396 1411.67 130.751L1412.85 127.575C1415 121.665 1416.34 115.433 1416.43 109.121V106.99C1416.34 100.718 1415.04 94.4862 1412.85 88.5358L1411.67 85.3596C1409.92 80.6764 1407.74 76.1859 1404.83 72.1519C1407.78 68.1154 1409.96 63.5859 1411.67 58.9408L1412.85 55.7646C1415 49.8544 1416.34 43.6226 1416.43 37.3104V35.1795C1416.34 28.9075 1415.04 22.6757 1412.85 16.7253L1411.67 13.5491C1409.88 8.76468 1407.65 4.1813 1404.64 0.0804138C1404.62 0.0611877 1404.61 0.0419312 1404.6 0.0270996C1404.6 0.0109253 1404.6 0 1404.6 0H1404.56C1404.52 0.0401917 1404.52 0.0804138 1404.52 0.0804138C1401.47 4.1813 1399.19 8.80487 1397.49 13.5491L1396.31 16.7253C1394.15 22.6355 1392.81 28.8673 1392.73 35.1795V37.3104C1392.81 43.5824 1394.11 49.8142 1396.31 55.7646L1397.49 58.9408C1399.2 63.624 1401.41 68.1145 1404.33 72.1485C1401.37 76.185 1399.16 80.7145 1397.49 85.3596L1396.31 88.5358C1394.15 94.446 1392.81 100.678 1392.73 106.99V109.121C1392.81 115.393 1394.11 121.625 1396.31 127.575L1397.49 130.751C1399.2 135.434 1401.41 139.925 1404.33 143.959C1401.37 147.995 1399.16 152.525 1397.49 157.17L1396.31 160.346C1394.15 166.256 1392.81 172.488 1392.73 178.8V180.931C1392.81 187.203 1394.11 193.435 1396.31 199.386L1397.49 202.562C1399.2 207.245 1401.41 211.735 1404.33 215.769C1401.37 219.806 1399.16 224.335 1397.49 228.981L1396.31 232.157C1394.15 238.067 1392.81 244.299 1392.73 250.611V252.742C1392.81 259.014 1394.11 265.246 1396.31 271.196L1397.49 274.372C1399.23 279.157 1401.51 283.74 1404.52 287.841C1404.56 287.881 1404.56 287.921 1404.56 287.921H1404.6C1404.64 287.881 1404.64 287.841 1404.64 287.841C1407.69 283.74 1409.92 279.116 1411.67 274.372L1412.85 271.196C1415 265.286 1416.34 259.054 1416.43 252.742ZM1409.07 248.761V254.712C1409.04 255.074 1409.02 255.447 1408.99 255.826C1408.95 256.5 1408.9 257.194 1408.83 257.888V258.17C1408.7 259.295 1408.58 260.381 1408.38 261.547C1407.32 268.02 1405.45 272.442 1404.64 274.131C1403.83 272.442 1401.96 268.02 1400.9 261.547C1400.7 260.421 1400.57 259.296 1400.45 258.171L1400.45 258.17V257.888C1400.33 256.803 1400.25 255.757 1400.21 254.712V248.761C1400.24 248.399 1400.26 248.026 1400.29 247.647C1400.33 246.974 1400.37 246.279 1400.45 245.585V245.304C1400.57 244.178 1400.7 243.093 1400.9 241.927C1401.96 235.454 1403.83 231.031 1404.64 229.342C1405.45 231.031 1407.32 235.454 1408.38 241.927C1408.58 243.052 1408.7 244.178 1408.83 245.304V245.585C1408.95 246.671 1409.03 247.716 1409.07 248.761ZM1409.07 176.951V182.901C1409.05 183.107 1409.04 183.317 1409.02 183.529C1409.01 183.69 1409 183.851 1408.99 184.015L1408.99 184.016C1408.95 184.689 1408.9 185.383 1408.83 186.078V186.359C1408.7 187.485 1408.58 188.57 1408.38 189.736C1407.32 196.209 1405.45 200.632 1404.64 202.321C1403.83 200.632 1401.96 196.209 1400.9 189.736C1400.7 188.611 1400.57 187.486 1400.45 186.36L1400.45 186.359V186.078C1400.33 184.992 1400.25 183.947 1400.21 182.901V176.951C1400.24 176.589 1400.26 176.216 1400.29 175.836C1400.33 175.163 1400.37 174.469 1400.45 173.775V173.493C1400.57 172.368 1400.7 171.282 1400.9 170.116C1401.96 163.643 1403.83 159.221 1404.64 157.532C1405.45 159.221 1407.32 163.643 1408.38 170.116C1408.58 171.242 1408.7 172.368 1408.83 173.493V173.775C1408.95 174.86 1409.03 175.906 1409.07 176.951ZM1409.07 105.141V111.091C1409.04 111.453 1409.02 111.825 1408.99 112.204L1408.99 112.205C1408.95 112.879 1408.9 113.573 1408.83 114.267V114.549C1408.7 115.674 1408.58 116.76 1408.38 117.926C1407.32 124.399 1405.45 128.821 1404.64 130.51C1403.83 128.821 1401.96 124.399 1400.9 117.926C1400.7 116.801 1400.57 115.675 1400.45 114.55L1400.45 114.549V114.267C1400.33 113.182 1400.25 112.136 1400.21 111.091V105.141C1400.24 104.778 1400.26 104.405 1400.29 104.026C1400.33 103.353 1400.37 102.658 1400.45 101.964V101.683C1400.57 100.557 1400.7 99.4716 1400.9 98.3056C1401.96 91.8326 1403.83 87.4101 1404.64 85.7214C1405.45 87.4101 1407.32 91.8326 1408.38 98.3056C1408.58 99.4314 1408.7 100.557 1408.83 101.683V101.964C1408.95 103.05 1409.03 104.095 1409.07 105.141ZM1409.07 33.3301V39.2805C1409.04 39.6424 1409.02 40.0147 1408.99 40.3937L1408.99 40.3949C1408.95 41.0681 1408.9 41.7624 1408.83 42.4567V42.7381C1408.7 43.8639 1408.58 44.9494 1408.38 46.1154C1407.32 52.5884 1405.45 57.011 1404.64 58.6996C1403.83 57.011 1401.96 52.5884 1400.9 46.1154C1400.7 44.9901 1400.57 43.8649 1400.45 42.7396L1400.45 42.7381V42.4567C1400.33 41.3712 1400.25 40.3258 1400.21 39.2805V33.3301C1400.24 32.9677 1400.26 32.5948 1400.29 32.2152C1400.33 31.5421 1400.37 30.848 1400.45 30.1539V29.8724C1400.57 28.7467 1400.7 27.6612 1400.9 26.4952C1401.96 20.0222 1403.83 15.5996 1404.64 13.911C1405.45 15.5996 1407.32 20.0222 1408.38 26.4952C1408.58 27.621 1408.7 28.7467 1408.83 29.8724V30.1539C1408.95 31.2394 1409.03 32.2848 1409.07 33.3301Z" fill="url(#paint86_linear_35097_25798)"/>
<path fill-rule="evenodd" clip-rule="evenodd" d="M1435.24 238.147C1433.5 242.892 1431.26 247.515 1428.21 251.616C1428.25 251.656 1428.25 251.696 1428.25 251.696C1428.21 251.737 1428.21 251.777 1428.21 251.777C1431.22 255.878 1433.5 260.461 1435.24 265.246L1436.42 268.422C1438.62 274.372 1439.92 280.604 1440 286.876V287.921H1432.64V284.946C1432.6 283.901 1432.52 282.856 1432.4 281.77V281.489L1432.4 281.487C1432.28 280.362 1432.16 279.237 1431.95 278.111C1430.9 271.638 1429.03 267.216 1428.21 265.527C1427.4 267.216 1425.53 271.638 1424.47 278.111C1424.27 279.277 1424.15 280.363 1424.03 281.489V281.77C1423.95 282.464 1423.9 283.159 1423.86 283.832L1423.86 283.833L1423.86 283.834L1423.86 283.836L1423.86 283.837L1423.86 283.839V283.841V283.843C1423.84 284.219 1423.81 284.587 1423.78 284.946V287.921H1416.43V286.876C1416.51 280.564 1417.85 274.332 1420 268.422L1421.18 265.246C1422.93 260.501 1425.16 255.878 1428.21 251.777C1428.17 251.737 1428.17 251.696 1428.17 251.696C1428.21 251.656 1428.21 251.616 1428.21 251.616C1425.21 247.515 1422.93 242.932 1421.18 238.147L1420 234.971C1417.81 229.021 1416.51 222.789 1416.43 216.517V215.066C1416.51 208.753 1417.85 202.522 1420 196.611L1421.18 193.435C1422.93 188.691 1425.16 184.067 1428.21 179.966C1428.17 179.926 1428.17 179.886 1428.17 179.886C1428.21 179.846 1428.21 179.806 1428.21 179.806C1425.21 175.705 1422.93 171.121 1421.18 166.337L1420 163.161C1417.81 157.21 1416.51 150.978 1416.43 144.706V143.255C1416.51 136.943 1417.85 130.711 1420 124.801L1421.18 121.625C1422.93 116.88 1425.16 112.257 1428.21 108.156C1428.17 108.116 1428.17 108.076 1428.17 108.076C1428.21 108.035 1428.21 107.995 1428.21 107.995C1425.21 103.894 1422.93 99.3108 1421.18 94.5264L1420 91.3502C1417.81 85.3998 1416.51 79.168 1416.43 72.896V71.4446C1416.51 65.1324 1417.85 58.9006 1420 52.9904L1421.18 49.8142C1422.93 45.07 1425.16 40.4464 1428.21 36.3455C1428.2 36.3288 1428.19 36.3122 1428.18 36.2984C1428.17 36.2789 1428.17 36.2651 1428.17 36.2651C1428.19 36.2504 1428.2 36.2357 1428.2 36.223C1428.21 36.2009 1428.21 36.1847 1428.21 36.1847C1425.21 32.0837 1422.93 27.5003 1421.18 22.7159L1420 19.5397C1417.81 13.5893 1416.51 7.35751 1416.43 1.08554V0.0401917H1423.78V3.01541C1423.82 4.06073 1423.9 5.10605 1424.03 6.19159V6.47302C1424.15 7.59875 1424.27 8.72452 1424.47 9.85025C1425.53 16.3233 1427.4 20.7459 1428.21 22.4345C1429.03 20.7459 1430.9 16.3233 1431.95 9.85025C1432.16 8.6843 1432.28 7.59875 1432.4 6.47302V6.19159C1432.48 5.49747 1432.52 4.80334 1432.57 4.13025C1432.59 3.75067 1432.61 3.37781 1432.64 3.01541V0.0401917H1440V1.08554C1439.92 7.39774 1438.58 13.6295 1436.42 19.5397L1435.24 22.7159C1433.5 27.4601 1431.26 32.0837 1428.21 36.1847C1428.25 36.2249 1428.25 36.2651 1428.25 36.2651C1428.24 36.2811 1428.23 36.2971 1428.22 36.3106C1428.21 36.3309 1428.21 36.3455 1428.21 36.3455C1431.22 40.4464 1433.5 45.0298 1435.24 49.8142L1436.42 52.9904C1438.62 58.9408 1439.92 65.1726 1440 71.4446V72.896C1439.92 79.2082 1438.58 85.44 1436.42 91.3502L1435.24 94.5264C1433.5 99.2706 1431.26 103.894 1428.21 107.995C1428.25 108.035 1428.25 108.076 1428.25 108.076C1428.21 108.116 1428.21 108.156 1428.21 108.156C1431.22 112.257 1433.5 116.84 1435.24 121.625L1436.42 124.801C1438.62 130.751 1439.92 136.983 1440 143.255V144.706C1439.92 151.019 1438.58 157.25 1436.42 163.161L1435.24 166.337C1433.5 171.081 1431.26 175.705 1428.21 179.806C1428.25 179.846 1428.25 179.886 1428.25 179.886C1428.21 179.926 1428.21 179.966 1428.21 179.966C1431.22 184.067 1433.5 188.651 1435.24 193.435L1436.42 196.611C1438.62 202.562 1439.92 208.794 1440 215.066V216.517C1439.92 222.829 1438.58 229.061 1436.42 234.971L1435.24 238.147ZM1432.64 146.636C1432.61 146.999 1432.59 147.372 1432.57 147.751C1432.52 148.424 1432.48 149.118 1432.4 149.812V150.094C1432.28 151.22 1432.16 152.305 1431.95 153.471C1430.9 159.944 1429.03 164.367 1428.21 166.055C1427.4 164.367 1425.53 159.944 1424.47 153.471C1424.27 152.345 1424.15 151.22 1424.03 150.094V149.812C1423.9 148.727 1423.82 147.682 1423.78 146.636V141.325C1423.81 140.967 1423.84 140.598 1423.86 140.222V140.22V140.218L1423.86 140.216L1423.86 140.215L1423.86 140.213L1423.86 140.212L1423.86 140.211C1423.9 139.538 1423.95 138.843 1424.03 138.149V137.868C1424.15 136.742 1424.27 135.656 1424.47 134.49C1425.53 128.017 1427.4 123.595 1428.21 121.906C1429.03 123.595 1430.9 128.017 1431.95 134.49C1432.16 135.616 1432.28 136.741 1432.4 137.866L1432.4 137.868V138.149C1432.52 139.235 1432.6 140.28 1432.64 141.325V146.636ZM1423.78 218.447C1423.82 219.492 1423.9 220.537 1424.03 221.623V221.904C1424.15 223.03 1424.27 224.156 1424.47 225.282C1425.53 231.755 1427.4 236.177 1428.21 237.866C1429.03 236.177 1430.9 231.755 1431.95 225.282C1432.16 224.116 1432.28 223.03 1432.4 221.904V221.623C1432.48 220.929 1432.52 220.235 1432.57 219.562C1432.59 219.182 1432.61 218.809 1432.64 218.447V213.136C1432.6 212.09 1432.52 211.045 1432.4 209.96V209.678L1432.4 209.677C1432.28 208.551 1432.16 207.426 1431.95 206.301C1430.9 199.828 1429.03 195.405 1428.21 193.717C1427.4 195.405 1425.53 199.828 1424.47 206.301C1424.27 207.467 1424.15 208.552 1424.03 209.678V209.96C1423.95 210.654 1423.9 211.348 1423.86 212.021L1423.86 212.023C1423.84 212.402 1423.81 212.774 1423.78 213.136V218.447ZM1423.78 74.8258C1423.82 75.8712 1423.9 76.9165 1424.03 78.0021V78.2835C1424.15 79.4092 1424.27 80.535 1424.47 81.6607C1425.53 88.1338 1427.4 92.5564 1428.21 94.245C1429.03 92.5564 1430.9 88.1338 1431.95 81.6607C1432.16 80.4948 1432.28 79.4092 1432.4 78.2835V78.0021C1432.48 77.3079 1432.52 76.6138 1432.57 75.9407C1432.59 75.5611 1432.61 75.1882 1432.64 74.8258V69.5148C1432.6 68.4695 1432.52 67.4241 1432.4 66.3386V66.0572L1432.4 66.0557C1432.28 64.9305 1432.16 63.8052 1431.95 62.6799C1430.9 56.2068 1429.03 51.7843 1428.21 50.0957C1427.4 51.7843 1425.53 56.2068 1424.47 62.6799C1424.27 63.8458 1424.15 64.9314 1424.03 66.0572V66.3386C1423.95 67.0329 1423.9 67.7272 1423.86 68.4004L1423.86 68.4016C1423.84 68.7806 1423.81 69.1529 1423.78 69.5148V74.8258Z" fill="url(#paint87_linear_35097_25798)"/>
<defs>
<linearGradient id="paint0_linear_35097_25798" x1="956.5" y1="40.5" x2="958" y2="256.5" gradientUnits="userSpaceOnUse">
<stop stop-color="#024270" stop-opacity="0"/>
<stop offset="1" stop-color="#5BC6F1" stop-opacity="0.06"/>
</linearGradient>
<linearGradient id="paint1_linear_35097_25798" x1="956.5" y1="40.5" x2="958" y2="256.5" gradientUnits="userSpaceOnUse">
<stop stop-color="#024270" stop-opacity="0"/>
<stop offset="1" stop-color="#5BC6F1" stop-opacity="0.06"/>
</linearGradient>
<linearGradient id="paint2_linear_35097_25798" x1="956.5" y1="40.5" x2="958" y2="256.5" gradientUnits="userSpaceOnUse">
<stop stop-color="#024270" stop-opacity="0"/>
<stop offset="1" stop-color="#5BC6F1" stop-opacity="0.06"/>
</linearGradient>
<linearGradient id="paint3_linear_35097_25798" x1="956.5" y1="40.5" x2="958" y2="256.5" gradientUnits="userSpaceOnUse">
<stop stop-color="#024270" stop-opacity="0"/>
<stop offset="1" stop-color="#5BC6F1" stop-opacity="0.06"/>
</linearGradient>
<linearGradient id="paint4_linear_35097_25798" x1="956.5" y1="40.5" x2="958" y2="256.5" gradientUnits="userSpaceOnUse">
<stop stop-color="#024270" stop-opacity="0"/>
<stop offset="1" stop-color="#5BC6F1" stop-opacity="0.06"/>
</linearGradient>
<linearGradient id="paint5_linear_35097_25798" x1="956.5" y1="40.5" x2="958" y2="256.5" gradientUnits="userSpaceOnUse">
<stop stop-color="#024270" stop-opacity="0"/>
<stop offset="1" stop-color="#5BC6F1" stop-opacity="0.06"/>
</linearGradient>
<linearGradient id="paint6_linear_35097_25798" x1="956.5" y1="40.5" x2="958" y2="256.5" gradientUnits="userSpaceOnUse">
<stop stop-color="#024270" stop-opacity="0"/>
<stop offset="1" stop-color="#5BC6F1" stop-opacity="0.06"/>
</linearGradient>
<linearGradient id="paint7_linear_35097_25798" x1="956.5" y1="40.5" x2="958" y2="256.5" gradientUnits="userSpaceOnUse">
<stop stop-color="#024270" stop-opacity="0"/>
<stop offset="1" stop-color="#5BC6F1" stop-opacity="0.06"/>
</linearGradient>
<linearGradient id="paint8_linear_35097_25798" x1="956.5" y1="40.5" x2="958" y2="256.5" gradientUnits="userSpaceOnUse">
<stop stop-color="#024270" stop-opacity="0"/>
<stop offset="1" stop-color="#5BC6F1" stop-opacity="0.06"/>
</linearGradient>
<linearGradient id="paint9_linear_35097_25798" x1="956.5" y1="40.5" x2="958" y2="256.5" gradientUnits="userSpaceOnUse">
<stop stop-color="#024270" stop-opacity="0"/>
<stop offset="1" stop-color="#5BC6F1" stop-opacity="0.06"/>
</linearGradient>
<linearGradient id="paint10_linear_35097_25798" x1="956.5" y1="40.5" x2="958" y2="256.5" gradientUnits="userSpaceOnUse">
<stop stop-color="#024270" stop-opacity="0"/>
<stop offset="1" stop-color="#5BC6F1" stop-opacity="0.06"/>
</linearGradient>
<linearGradient id="paint11_linear_35097_25798" x1="956.5" y1="40.5" x2="958" y2="256.5" gradientUnits="userSpaceOnUse">
<stop stop-color="#024270" stop-opacity="0"/>
<stop offset="1" stop-color="#5BC6F1" stop-opacity="0.06"/>
</linearGradient>
<linearGradient id="paint12_linear_35097_25798" x1="956.5" y1="40.5" x2="958" y2="256.5" gradientUnits="userSpaceOnUse">
<stop stop-color="#024270" stop-opacity="0"/>
<stop offset="1" stop-color="#5BC6F1" stop-opacity="0.06"/>
</linearGradient>
<linearGradient id="paint13_linear_35097_25798" x1="956.5" y1="40.5" x2="958" y2="256.5" gradientUnits="userSpaceOnUse">
<stop stop-color="#024270" stop-opacity="0"/>
<stop offset="1" stop-color="#5BC6F1" stop-opacity="0.06"/>
</linearGradient>
<linearGradient id="paint14_linear_35097_25798" x1="956.5" y1="40.5" x2="958" y2="256.5" gradientUnits="userSpaceOnUse">
<stop stop-color="#024270" stop-opacity="0"/>
<stop offset="1" stop-color="#5BC6F1" stop-opacity="0.06"/>
</linearGradient>
<linearGradient id="paint15_linear_35097_25798" x1="956.5" y1="40.5" x2="958" y2="256.5" gradientUnits="userSpaceOnUse">
<stop stop-color="#024270" stop-opacity="0"/>
<stop offset="1" stop-color="#5BC6F1" stop-opacity="0.06"/>
</linearGradient>
<linearGradient id="paint16_linear_35097_25798" x1="956.5" y1="40.5" x2="958" y2="256.5" gradientUnits="userSpaceOnUse">
<stop stop-color="#024270" stop-opacity="0"/>
<stop offset="1" stop-color="#5BC6F1" stop-opacity="0.06"/>
</linearGradient>
<linearGradient id="paint17_linear_35097_25798" x1="956.5" y1="40.5" x2="958" y2="256.5" gradientUnits="userSpaceOnUse">
<stop stop-color="#024270" stop-opacity="0"/>
<stop offset="1" stop-color="#5BC6F1" stop-opacity="0.06"/>
</linearGradient>
<linearGradient id="paint18_linear_35097_25798" x1="956.5" y1="40.5" x2="958" y2="256.5" gradientUnits="userSpaceOnUse">
<stop stop-color="#024270" stop-opacity="0"/>
<stop offset="1" stop-color="#5BC6F1" stop-opacity="0.06"/>
</linearGradient>
<linearGradient id="paint19_linear_35097_25798" x1="956.5" y1="40.5" x2="958" y2="256.5" gradientUnits="userSpaceOnUse">
<stop stop-color="#024270" stop-opacity="0"/>
<stop offset="1" stop-color="#5BC6F1" stop-opacity="0.06"/>
</linearGradient>
<linearGradient id="paint20_linear_35097_25798" x1="956.5" y1="40.5" x2="958" y2="256.5" gradientUnits="userSpaceOnUse">
<stop stop-color="#024270" stop-opacity="0"/>
<stop offset="1" stop-color="#5BC6F1" stop-opacity="0.06"/>
</linearGradient>
<linearGradient id="paint21_linear_35097_25798" x1="956.5" y1="40.5" x2="958" y2="256.5" gradientUnits="userSpaceOnUse">
<stop stop-color="#024270" stop-opacity="0"/>
<stop offset="1" stop-color="#5BC6F1" stop-opacity="0.06"/>
</linearGradient>
<linearGradient id="paint22_linear_35097_25798" x1="956.5" y1="40.5" x2="958" y2="256.5" gradientUnits="userSpaceOnUse">
<stop stop-color="#024270" stop-opacity="0"/>
<stop offset="1" stop-color="#5BC6F1" stop-opacity="0.06"/>
</linearGradient>
<linearGradient id="paint23_linear_35097_25798" x1="956.5" y1="40.5" x2="958" y2="256.5" gradientUnits="userSpaceOnUse">
<stop stop-color="#024270" stop-opacity="0"/>
<stop offset="1" stop-color="#5BC6F1" stop-opacity="0.06"/>
</linearGradient>
<linearGradient id="paint24_linear_35097_25798" x1="956.5" y1="40.5" x2="958" y2="256.5" gradientUnits="userSpaceOnUse">
<stop stop-color="#024270" stop-opacity="0"/>
<stop offset="1" stop-color="#5BC6F1" stop-opacity="0.06"/>
</linearGradient>
<linearGradient id="paint25_linear_35097_25798" x1="956.5" y1="40.5" x2="958" y2="256.5" gradientUnits="userSpaceOnUse">
<stop stop-color="#024270" stop-opacity="0"/>
<stop offset="1" stop-color="#5BC6F1" stop-opacity="0.06"/>
</linearGradient>
<linearGradient id="paint26_linear_35097_25798" x1="956.5" y1="40.5" x2="958" y2="256.5" gradientUnits="userSpaceOnUse">
<stop stop-color="#024270" stop-opacity="0"/>
<stop offset="1" stop-color="#5BC6F1" stop-opacity="0.06"/>
</linearGradient>
<linearGradient id="paint27_linear_35097_25798" x1="956.5" y1="40.5" x2="958" y2="256.5" gradientUnits="userSpaceOnUse">
<stop stop-color="#024270" stop-opacity="0"/>
<stop offset="1" stop-color="#5BC6F1" stop-opacity="0.06"/>
</linearGradient>
<linearGradient id="paint28_linear_35097_25798" x1="956.5" y1="40.5" x2="958" y2="256.5" gradientUnits="userSpaceOnUse">
<stop stop-color="#024270" stop-opacity="0"/>
<stop offset="1" stop-color="#5BC6F1" stop-opacity="0.06"/>
</linearGradient>
<linearGradient id="paint29_linear_35097_25798" x1="956.5" y1="40.5" x2="958" y2="256.5" gradientUnits="userSpaceOnUse">
<stop stop-color="#024270" stop-opacity="0"/>
<stop offset="1" stop-color="#5BC6F1" stop-opacity="0.06"/>
</linearGradient>
<linearGradient id="paint30_linear_35097_25798" x1="956.5" y1="40.5" x2="958" y2="256.5" gradientUnits="userSpaceOnUse">
<stop stop-color="#024270" stop-opacity="0"/>
<stop offset="1" stop-color="#5BC6F1" stop-opacity="0.06"/>
</linearGradient>
<linearGradient id="paint31_linear_35097_25798" x1="956.5" y1="40.5" x2="958" y2="256.5" gradientUnits="userSpaceOnUse">
<stop stop-color="#024270" stop-opacity="0"/>
<stop offset="1" stop-color="#5BC6F1" stop-opacity="0.06"/>
</linearGradient>
<linearGradient id="paint32_linear_35097_25798" x1="956.5" y1="40.5" x2="958" y2="256.5" gradientUnits="userSpaceOnUse">
<stop stop-color="#024270" stop-opacity="0"/>
<stop offset="1" stop-color="#5BC6F1" stop-opacity="0.06"/>
</linearGradient>
<linearGradient id="paint33_linear_35097_25798" x1="956.5" y1="40.5" x2="958" y2="256.5" gradientUnits="userSpaceOnUse">
<stop stop-color="#024270" stop-opacity="0"/>
<stop offset="1" stop-color="#5BC6F1" stop-opacity="0.06"/>
</linearGradient>
<linearGradient id="paint34_linear_35097_25798" x1="956.5" y1="40.5" x2="958" y2="256.5" gradientUnits="userSpaceOnUse">
<stop stop-color="#024270" stop-opacity="0"/>
<stop offset="1" stop-color="#5BC6F1" stop-opacity="0.06"/>
</linearGradient>
<linearGradient id="paint35_linear_35097_25798" x1="956.5" y1="40.5" x2="958" y2="256.5" gradientUnits="userSpaceOnUse">
<stop stop-color="#024270" stop-opacity="0"/>
<stop offset="1" stop-color="#5BC6F1" stop-opacity="0.06"/>
</linearGradient>
<linearGradient id="paint36_linear_35097_25798" x1="956.5" y1="40.5" x2="958" y2="256.5" gradientUnits="userSpaceOnUse">
<stop stop-color="#024270" stop-opacity="0"/>
<stop offset="1" stop-color="#5BC6F1" stop-opacity="0.06"/>
</linearGradient>
<linearGradient id="paint37_linear_35097_25798" x1="956.5" y1="40.5" x2="958" y2="256.5" gradientUnits="userSpaceOnUse">
<stop stop-color="#024270" stop-opacity="0"/>
<stop offset="1" stop-color="#5BC6F1" stop-opacity="0.06"/>
</linearGradient>
<linearGradient id="paint38_linear_35097_25798" x1="956.5" y1="40.5" x2="958" y2="256.5" gradientUnits="userSpaceOnUse">
<stop stop-color="#024270" stop-opacity="0"/>
<stop offset="1" stop-color="#5BC6F1" stop-opacity="0.06"/>
</linearGradient>
<linearGradient id="paint39_linear_35097_25798" x1="956.5" y1="40.5" x2="958" y2="256.5" gradientUnits="userSpaceOnUse">
<stop stop-color="#024270" stop-opacity="0"/>
<stop offset="1" stop-color="#5BC6F1" stop-opacity="0.06"/>
</linearGradient>
<linearGradient id="paint40_linear_35097_25798" x1="956.5" y1="40.5" x2="958" y2="256.5" gradientUnits="userSpaceOnUse">
<stop stop-color="#024270" stop-opacity="0"/>
<stop offset="1" stop-color="#5BC6F1" stop-opacity="0.06"/>
</linearGradient>
<linearGradient id="paint41_linear_35097_25798" x1="956.5" y1="40.5" x2="958" y2="256.5" gradientUnits="userSpaceOnUse">
<stop stop-color="#024270" stop-opacity="0"/>
<stop offset="1" stop-color="#5BC6F1" stop-opacity="0.06"/>
</linearGradient>
<linearGradient id="paint42_linear_35097_25798" x1="956.5" y1="40.5" x2="958" y2="256.5" gradientUnits="userSpaceOnUse">
<stop stop-color="#024270" stop-opacity="0"/>
<stop offset="1" stop-color="#5BC6F1" stop-opacity="0.06"/>
</linearGradient>
<linearGradient id="paint43_linear_35097_25798" x1="956.5" y1="40.5" x2="958" y2="256.5" gradientUnits="userSpaceOnUse">
<stop stop-color="#024270" stop-opacity="0"/>
<stop offset="1" stop-color="#5BC6F1" stop-opacity="0.06"/>
</linearGradient>
<linearGradient id="paint44_linear_35097_25798" x1="956.5" y1="40.5" x2="958" y2="256.5" gradientUnits="userSpaceOnUse">
<stop stop-color="#024270" stop-opacity="0"/>
<stop offset="1" stop-color="#5BC6F1" stop-opacity="0.06"/>
</linearGradient>
<linearGradient id="paint45_linear_35097_25798" x1="956.5" y1="40.5" x2="958" y2="256.5" gradientUnits="userSpaceOnUse">
<stop stop-color="#024270" stop-opacity="0"/>
<stop offset="1" stop-color="#5BC6F1" stop-opacity="0.06"/>
</linearGradient>
<linearGradient id="paint46_linear_35097_25798" x1="956.5" y1="40.5" x2="958" y2="256.5" gradientUnits="userSpaceOnUse">
<stop stop-color="#024270" stop-opacity="0"/>
<stop offset="1" stop-color="#5BC6F1" stop-opacity="0.06"/>
</linearGradient>
<linearGradient id="paint47_linear_35097_25798" x1="956.5" y1="40.5" x2="958" y2="256.5" gradientUnits="userSpaceOnUse">
<stop stop-color="#024270" stop-opacity="0"/>
<stop offset="1" stop-color="#5BC6F1" stop-opacity="0.06"/>
</linearGradient>
<linearGradient id="paint48_linear_35097_25798" x1="956.5" y1="40.5" x2="958" y2="256.5" gradientUnits="userSpaceOnUse">
<stop stop-color="#024270" stop-opacity="0"/>
<stop offset="1" stop-color="#5BC6F1" stop-opacity="0.06"/>
</linearGradient>
<linearGradient id="paint49_linear_35097_25798" x1="956.5" y1="40.5" x2="958" y2="256.5" gradientUnits="userSpaceOnUse">
<stop stop-color="#024270" stop-opacity="0"/>
<stop offset="1" stop-color="#5BC6F1" stop-opacity="0.06"/>
</linearGradient>
<linearGradient id="paint50_linear_35097_25798" x1="956.5" y1="40.5" x2="958" y2="256.5" gradientUnits="userSpaceOnUse">
<stop stop-color="#024270" stop-opacity="0"/>
<stop offset="1" stop-color="#5BC6F1" stop-opacity="0.06"/>
</linearGradient>
<linearGradient id="paint51_linear_35097_25798" x1="956.5" y1="40.5" x2="958" y2="256.5" gradientUnits="userSpaceOnUse">
<stop stop-color="#024270" stop-opacity="0"/>
<stop offset="1" stop-color="#5BC6F1" stop-opacity="0.06"/>
</linearGradient>
<linearGradient id="paint52_linear_35097_25798" x1="956.5" y1="40.5" x2="958" y2="256.5" gradientUnits="userSpaceOnUse">
<stop stop-color="#024270" stop-opacity="0"/>
<stop offset="1" stop-color="#5BC6F1" stop-opacity="0.06"/>
</linearGradient>
<linearGradient id="paint53_linear_35097_25798" x1="956.5" y1="40.5" x2="958" y2="256.5" gradientUnits="userSpaceOnUse">
<stop stop-color="#024270" stop-opacity="0"/>
<stop offset="1" stop-color="#5BC6F1" stop-opacity="0.06"/>
</linearGradient>
<linearGradient id="paint54_linear_35097_25798" x1="956.5" y1="40.5" x2="958" y2="256.5" gradientUnits="userSpaceOnUse">
<stop stop-color="#024270" stop-opacity="0"/>
<stop offset="1" stop-color="#5BC6F1" stop-opacity="0.06"/>
</linearGradient>
<linearGradient id="paint55_linear_35097_25798" x1="956.5" y1="40.5" x2="958" y2="256.5" gradientUnits="userSpaceOnUse">
<stop stop-color="#024270" stop-opacity="0"/>
<stop offset="1" stop-color="#5BC6F1" stop-opacity="0.06"/>
</linearGradient>
<linearGradient id="paint56_linear_35097_25798" x1="956.5" y1="40.5" x2="958" y2="256.5" gradientUnits="userSpaceOnUse">
<stop stop-color="#024270" stop-opacity="0"/>
<stop offset="1" stop-color="#5BC6F1" stop-opacity="0.06"/>
</linearGradient>
<linearGradient id="paint57_linear_35097_25798" x1="956.5" y1="40.5" x2="958" y2="256.5" gradientUnits="userSpaceOnUse">
<stop stop-color="#024270" stop-opacity="0"/>
<stop offset="1" stop-color="#5BC6F1" stop-opacity="0.06"/>
</linearGradient>
<linearGradient id="paint58_linear_35097_25798" x1="956.5" y1="40.5" x2="958" y2="256.5" gradientUnits="userSpaceOnUse">
<stop stop-color="#024270" stop-opacity="0"/>
<stop offset="1" stop-color="#5BC6F1" stop-opacity="0.06"/>
</linearGradient>
<linearGradient id="paint59_linear_35097_25798" x1="956.5" y1="40.5" x2="958" y2="256.5" gradientUnits="userSpaceOnUse">
<stop stop-color="#024270" stop-opacity="0"/>
<stop offset="1" stop-color="#5BC6F1" stop-opacity="0.06"/>
</linearGradient>
<linearGradient id="paint60_linear_35097_25798" x1="956.5" y1="40.5" x2="958" y2="256.5" gradientUnits="userSpaceOnUse">
<stop stop-color="#024270" stop-opacity="0"/>
<stop offset="1" stop-color="#5BC6F1" stop-opacity="0.06"/>
</linearGradient>
<linearGradient id="paint61_linear_35097_25798" x1="956.5" y1="40.5" x2="958" y2="256.5" gradientUnits="userSpaceOnUse">
<stop stop-color="#024270" stop-opacity="0"/>
<stop offset="1" stop-color="#5BC6F1" stop-opacity="0.06"/>
</linearGradient>
<linearGradient id="paint62_linear_35097_25798" x1="956.5" y1="40.5" x2="958" y2="256.5" gradientUnits="userSpaceOnUse">
<stop stop-color="#024270" stop-opacity="0"/>
<stop offset="1" stop-color="#5BC6F1" stop-opacity="0.06"/>
</linearGradient>
<linearGradient id="paint63_linear_35097_25798" x1="956.5" y1="40.5" x2="958" y2="256.5" gradientUnits="userSpaceOnUse">
<stop stop-color="#024270" stop-opacity="0"/>
<stop offset="1" stop-color="#5BC6F1" stop-opacity="0.06"/>
</linearGradient>
<linearGradient id="paint64_linear_35097_25798" x1="956.5" y1="40.5" x2="958" y2="256.5" gradientUnits="userSpaceOnUse">
<stop stop-color="#024270" stop-opacity="0"/>
<stop offset="1" stop-color="#5BC6F1" stop-opacity="0.06"/>
</linearGradient>
<linearGradient id="paint65_linear_35097_25798" x1="956.5" y1="40.5" x2="958" y2="256.5" gradientUnits="userSpaceOnUse">
<stop stop-color="#024270" stop-opacity="0"/>
<stop offset="1" stop-color="#5BC6F1" stop-opacity="0.06"/>
</linearGradient>
<linearGradient id="paint66_linear_35097_25798" x1="956.5" y1="40.5" x2="958" y2="256.5" gradientUnits="userSpaceOnUse">
<stop stop-color="#024270" stop-opacity="0"/>
<stop offset="1" stop-color="#5BC6F1" stop-opacity="0.06"/>
</linearGradient>
<linearGradient id="paint67_linear_35097_25798" x1="956.5" y1="40.5" x2="958" y2="256.5" gradientUnits="userSpaceOnUse">
<stop stop-color="#024270" stop-opacity="0"/>
<stop offset="1" stop-color="#5BC6F1" stop-opacity="0.06"/>
</linearGradient>
<linearGradient id="paint68_linear_35097_25798" x1="956.5" y1="40.5" x2="958" y2="256.5" gradientUnits="userSpaceOnUse">
<stop stop-color="#024270" stop-opacity="0"/>
<stop offset="1" stop-color="#5BC6F1" stop-opacity="0.06"/>
</linearGradient>
<linearGradient id="paint69_linear_35097_25798" x1="956.5" y1="40.5" x2="958" y2="256.5" gradientUnits="userSpaceOnUse">
<stop stop-color="#024270" stop-opacity="0"/>
<stop offset="1" stop-color="#5BC6F1" stop-opacity="0.06"/>
</linearGradient>
<linearGradient id="paint70_linear_35097_25798" x1="956.5" y1="40.5" x2="958" y2="256.5" gradientUnits="userSpaceOnUse">
<stop stop-color="#024270" stop-opacity="0"/>
<stop offset="1" stop-color="#5BC6F1" stop-opacity="0.06"/>
</linearGradient>
<linearGradient id="paint71_linear_35097_25798" x1="956.5" y1="40.5" x2="958" y2="256.5" gradientUnits="userSpaceOnUse">
<stop stop-color="#024270" stop-opacity="0"/>
<stop offset="1" stop-color="#5BC6F1" stop-opacity="0.06"/>
</linearGradient>
<linearGradient id="paint72_linear_35097_25798" x1="956.5" y1="40.5" x2="958" y2="256.5" gradientUnits="userSpaceOnUse">
<stop stop-color="#024270" stop-opacity="0"/>
<stop offset="1" stop-color="#5BC6F1" stop-opacity="0.06"/>
</linearGradient>
<linearGradient id="paint73_linear_35097_25798" x1="956.5" y1="40.5" x2="958" y2="256.5" gradientUnits="userSpaceOnUse">
<stop stop-color="#024270" stop-opacity="0"/>
<stop offset="1" stop-color="#5BC6F1" stop-opacity="0.06"/>
</linearGradient>
<linearGradient id="paint74_linear_35097_25798" x1="956.5" y1="40.5" x2="958" y2="256.5" gradientUnits="userSpaceOnUse">
<stop stop-color="#024270" stop-opacity="0"/>
<stop offset="1" stop-color="#5BC6F1" stop-opacity="0.06"/>
</linearGradient>
<linearGradient id="paint75_linear_35097_25798" x1="956.5" y1="40.5" x2="958" y2="256.5" gradientUnits="userSpaceOnUse">
<stop stop-color="#024270" stop-opacity="0"/>
<stop offset="1" stop-color="#5BC6F1" stop-opacity="0.06"/>
</linearGradient>
<linearGradient id="paint76_linear_35097_25798" x1="956.5" y1="40.5" x2="958" y2="256.5" gradientUnits="userSpaceOnUse">
<stop stop-color="#024270" stop-opacity="0"/>
<stop offset="1" stop-color="#5BC6F1" stop-opacity="0.06"/>
</linearGradient>
<linearGradient id="paint77_linear_35097_25798" x1="956.5" y1="40.5" x2="958" y2="256.5" gradientUnits="userSpaceOnUse">
<stop stop-color="#024270" stop-opacity="0"/>
<stop offset="1" stop-color="#5BC6F1" stop-opacity="0.06"/>
</linearGradient>
<linearGradient id="paint78_linear_35097_25798" x1="956.5" y1="40.5" x2="958" y2="256.5" gradientUnits="userSpaceOnUse">
<stop stop-color="#024270" stop-opacity="0"/>
<stop offset="1" stop-color="#5BC6F1" stop-opacity="0.06"/>
</linearGradient>
<linearGradient id="paint79_linear_35097_25798" x1="956.5" y1="40.5" x2="958" y2="256.5" gradientUnits="userSpaceOnUse">
<stop stop-color="#024270" stop-opacity="0"/>
<stop offset="1" stop-color="#5BC6F1" stop-opacity="0.06"/>
</linearGradient>
<linearGradient id="paint80_linear_35097_25798" x1="956.5" y1="40.5" x2="958" y2="256.5" gradientUnits="userSpaceOnUse">
<stop stop-color="#024270" stop-opacity="0"/>
<stop offset="1" stop-color="#5BC6F1" stop-opacity="0.06"/>
</linearGradient>
<linearGradient id="paint81_linear_35097_25798" x1="956.5" y1="40.5" x2="958" y2="256.5" gradientUnits="userSpaceOnUse">
<stop stop-color="#024270" stop-opacity="0"/>
<stop offset="1" stop-color="#5BC6F1" stop-opacity="0.06"/>
</linearGradient>
<linearGradient id="paint82_linear_35097_25798" x1="956.5" y1="40.5" x2="958" y2="256.5" gradientUnits="userSpaceOnUse">
<stop stop-color="#024270" stop-opacity="0"/>
<stop offset="1" stop-color="#5BC6F1" stop-opacity="0.06"/>
</linearGradient>
<linearGradient id="paint83_linear_35097_25798" x1="956.5" y1="40.5" x2="958" y2="256.5" gradientUnits="userSpaceOnUse">
<stop stop-color="#024270" stop-opacity="0"/>
<stop offset="1" stop-color="#5BC6F1" stop-opacity="0.06"/>
</linearGradient>
<linearGradient id="paint84_linear_35097_25798" x1="956.5" y1="40.5" x2="958" y2="256.5" gradientUnits="userSpaceOnUse">
<stop stop-color="#024270" stop-opacity="0"/>
<stop offset="1" stop-color="#5BC6F1" stop-opacity="0.06"/>
</linearGradient>
<linearGradient id="paint85_linear_35097_25798" x1="956.5" y1="40.5" x2="958" y2="256.5" gradientUnits="userSpaceOnUse">
<stop stop-color="#024270" stop-opacity="0"/>
<stop offset="1" stop-color="#5BC6F1" stop-opacity="0.06"/>
</linearGradient>
<linearGradient id="paint86_linear_35097_25798" x1="956.5" y1="40.5" x2="958" y2="256.5" gradientUnits="userSpaceOnUse">
<stop stop-color="#024270" stop-opacity="0"/>
<stop offset="1" stop-color="#5BC6F1" stop-opacity="0.06"/>
</linearGradient>
<linearGradient id="paint87_linear_35097_25798" x1="956.5" y1="40.5" x2="958" y2="256.5" gradientUnits="userSpaceOnUse">
<stop stop-color="#024270" stop-opacity="0"/>
<stop offset="1" stop-color="#5BC6F1" stop-opacity="0.06"/>
</linearGradient>
</defs>
</svg>
