<svg width="1440" height="288" viewBox="0 0 1440 288" fill="none" xmlns="http://www.w3.org/2000/svg">
<path fill-rule="evenodd" clip-rule="evenodd" d="M251.755 6.15139C251.877 5.06585 251.958 4.02051 251.999 2.97518V0H259.356V1.12397C259.274 7.39599 257.974 13.6278 255.779 19.5781L254.6 22.7544C252.816 27.5289 250.586 32.1032 247.587 36.1977C247.593 36.2064 247.6 36.2157 247.609 36.2249C247.609 36.2249 247.609 36.2497 247.59 36.2798C247.592 36.2839 247.595 36.288 247.599 36.2921C247.602 36.2959 247.605 36.2997 247.609 36.3035C247.609 36.3035 247.609 36.321 247.598 36.3444C250.631 40.4356 252.858 45.0449 254.6 49.774L255.779 52.9503C257.933 58.8604 259.274 65.0922 259.356 71.4044V72.9344C259.274 79.2065 257.974 85.4382 255.779 91.3886L254.6 94.5648C252.816 99.3394 250.586 103.914 247.587 108.008C247.591 108.014 247.595 108.02 247.6 108.026C247.603 108.029 247.606 108.032 247.609 108.035C247.609 108.035 247.609 108.037 247.609 108.041C247.609 108.044 247.608 108.047 247.607 108.052C247.604 108.062 247.599 108.075 247.59 108.09C247.595 108.098 247.601 108.106 247.609 108.114C247.609 108.114 247.609 108.131 247.598 108.155C250.631 112.246 252.858 116.855 254.6 121.585L255.779 124.761C257.933 130.671 259.274 136.903 259.356 143.215V144.745C259.274 151.017 257.974 157.249 255.779 163.199L254.6 166.375C252.816 171.15 250.586 175.724 247.587 179.819C247.593 179.827 247.6 179.837 247.609 179.846C247.609 179.846 247.609 179.856 247.604 179.871C247.601 179.88 247.597 179.89 247.59 179.901C247.592 179.905 247.595 179.909 247.599 179.913C247.602 179.917 247.605 179.921 247.609 179.924C247.609 179.924 247.609 179.932 247.606 179.943C247.605 179.949 247.602 179.957 247.598 179.965C250.631 184.057 252.858 188.666 254.6 193.395L255.779 196.571C257.933 202.481 259.274 208.713 259.356 215.025V216.555C259.274 222.827 257.974 229.059 255.779 235.01L254.6 238.186C252.816 242.96 250.586 247.535 247.587 251.629C247.591 251.635 247.595 251.64 247.6 251.646C247.603 251.649 247.606 251.653 247.609 251.656C247.609 251.656 247.609 251.658 247.609 251.662L247.608 251.668L247.606 251.675L247.604 251.681L247.603 251.685L247.6 251.693L247.596 251.701C247.594 251.704 247.592 251.708 247.59 251.711C247.595 251.719 247.601 251.727 247.609 251.735C247.609 251.735 247.609 251.742 247.606 251.754C247.604 251.76 247.602 251.768 247.598 251.776C250.631 255.867 252.858 260.476 254.6 265.205L255.779 268.382C257.933 274.292 259.274 280.524 259.356 286.836V287.96H251.999V284.985C251.97 284.623 251.946 284.251 251.921 283.872L251.921 283.871C251.878 283.197 251.833 282.503 251.755 281.808V281.527C251.633 280.401 251.511 279.316 251.308 278.15C250.251 271.677 248.382 267.254 247.569 265.566C246.756 267.254 244.886 271.677 243.829 278.15C243.626 279.275 243.504 280.401 243.382 281.527V281.808C243.26 282.894 243.179 283.939 243.138 284.985V287.96H235.782V286.836C235.863 280.564 237.164 274.332 239.358 268.382L240.537 265.205C242.281 260.431 244.552 255.856 247.55 251.762C247.547 251.758 247.544 251.754 247.541 251.749C247.537 251.745 247.533 251.74 247.528 251.735C247.528 251.735 247.528 251.725 247.533 251.709C247.536 251.701 247.541 251.691 247.548 251.68C247.543 251.672 247.536 251.664 247.528 251.656C247.528 251.656 247.528 251.639 247.54 251.615C244.506 247.524 242.239 242.915 240.537 238.186L239.358 235.01C237.204 229.099 235.863 222.868 235.782 216.555V215.025C235.863 208.753 237.164 202.522 239.358 196.571L240.537 193.395C242.281 188.62 244.551 184.046 247.55 179.952C247.545 179.943 247.537 179.934 247.528 179.924C247.528 179.924 247.528 179.9 247.548 179.869C247.544 179.864 247.54 179.859 247.536 179.854C247.533 179.851 247.531 179.849 247.528 179.846C247.528 179.846 247.528 179.828 247.54 179.805C244.506 175.714 242.239 171.104 240.537 166.375L239.358 163.199C237.204 157.289 235.863 151.057 235.782 144.745V143.215C235.863 136.943 237.164 130.711 239.358 124.761L240.537 121.585C242.281 116.81 244.551 112.236 247.55 108.141C247.545 108.132 247.537 108.123 247.528 108.114C247.528 108.114 247.528 108.089 247.548 108.059C247.543 108.051 247.536 108.043 247.528 108.035C247.528 108.035 247.528 108.018 247.54 107.995C244.506 103.903 242.239 99.294 240.537 94.5648L239.358 91.3886C237.204 85.4784 235.863 79.2467 235.782 72.9344V71.4044C235.863 65.1324 237.164 58.9006 239.358 52.9503L240.537 49.774C242.281 44.9995 244.551 40.4251 247.55 36.3307C247.545 36.3219 247.537 36.3127 247.528 36.3035C247.528 36.3035 247.528 36.2787 247.548 36.2485C247.543 36.2408 247.536 36.2329 247.528 36.2249C247.528 36.2249 247.528 36.2074 247.54 36.184C244.506 32.0928 242.239 27.4835 240.537 22.7544L239.358 19.5781C237.204 13.668 235.863 7.43619 235.782 1.12397V0H243.138V2.97518C243.168 3.33762 243.192 3.71051 243.216 4.09009C243.259 4.76318 243.304 5.45729 243.382 6.15139V6.43283C243.504 7.55857 243.626 8.6441 243.829 9.81005C244.886 16.2831 246.756 20.7057 247.569 22.3943C248.382 20.7057 250.251 16.2831 251.308 9.81005C251.511 8.68521 251.633 7.56039 251.755 6.43555L251.755 6.43283V6.15139ZM243.138 146.596C243.168 146.959 243.192 147.331 243.216 147.711C243.259 148.384 243.304 149.078 243.382 149.772V150.054C243.504 151.179 243.626 152.265 243.829 153.431C244.886 159.904 246.756 164.327 247.569 166.015C248.382 164.327 250.251 159.904 251.308 153.431C251.511 152.306 251.633 151.181 251.755 150.056L251.755 150.054V149.772C251.877 148.687 251.958 147.641 251.999 146.596V141.364C251.97 141.002 251.946 140.63 251.921 140.251C251.878 139.578 251.833 138.882 251.755 138.188V137.906C251.633 136.78 251.511 135.695 251.308 134.529C250.251 128.056 248.382 123.633 247.569 121.945C246.756 123.633 244.886 128.056 243.829 134.529C243.626 135.655 243.504 136.78 243.382 137.906V138.188C243.26 139.273 243.179 140.318 243.138 141.364V146.596ZM243.138 74.7856C243.168 75.1481 243.192 75.521 243.216 75.9006C243.259 76.5736 243.304 77.2678 243.382 77.9619V78.2433C243.504 79.369 243.626 80.4546 243.829 81.6205C244.886 88.0936 246.756 92.5162 247.569 94.2048C248.382 92.5162 250.251 88.0936 251.308 81.6205C251.511 80.4957 251.633 79.3709 251.755 78.246L251.755 78.2433V77.9619C251.877 76.8763 251.958 75.831 251.999 74.7856V69.5532C251.97 69.1912 251.946 68.8187 251.921 68.4395C251.878 67.7661 251.833 67.0715 251.755 66.377V66.0956C251.633 64.9698 251.511 63.8843 251.308 62.7184C250.251 56.2453 248.382 51.8227 247.569 50.1341C246.756 51.8227 244.886 56.2453 243.829 62.7184C243.626 63.8441 243.504 64.9698 243.382 66.0956V66.377C243.26 67.4626 243.179 68.5079 243.138 69.5532V74.7856ZM243.138 218.407C243.168 218.769 243.192 219.142 243.216 219.521C243.259 220.195 243.304 220.889 243.382 221.583V221.864C243.504 222.99 243.626 224.076 243.829 225.241C244.886 231.714 246.756 236.137 247.569 237.826C248.382 236.137 250.251 231.714 251.308 225.241C251.511 224.117 251.633 222.992 251.755 221.867L251.755 221.864V221.583C251.877 220.497 251.958 219.452 251.999 218.407V213.174C251.97 212.812 251.946 212.44 251.921 212.06C251.878 211.387 251.833 210.692 251.755 209.998V209.717C251.633 208.591 251.511 207.505 251.308 206.339C250.251 199.866 248.382 195.444 247.569 193.755C246.756 195.444 244.886 199.866 243.829 206.339C243.626 207.465 243.504 208.591 243.382 209.717V209.998C243.26 211.083 243.179 212.129 243.138 213.174V218.407Z" fill="url(#paint0_linear_35097_25595)"/>
<path fill-rule="evenodd" clip-rule="evenodd" d="M325.485 13.5885C323.737 8.84427 321.502 4.22067 318.454 0.119741C318.454 0.119741 318.454 0.0795189 318.413 0.0393137H318.372C318.372 0.0393137 318.372 0.0795361 318.332 0.119741C315.324 4.22067 313.048 8.80406 311.3 13.5885L310.121 16.7647C307.927 22.7151 306.626 28.9469 306.545 35.2189V37.3096C306.626 43.6218 307.967 49.8536 310.121 55.7638L311.3 58.94C313.014 63.5927 315.197 68.1295 318.156 72.171C315.235 76.2102 313.014 80.708 311.3 85.399L310.121 88.5752C307.927 94.5255 306.626 100.757 306.545 107.029V109.12C306.626 115.432 307.967 121.664 310.121 127.574L311.3 130.75C313.014 135.403 315.197 139.94 318.156 143.981C315.235 148.021 313.014 152.518 311.3 157.209L310.121 160.386C307.927 166.336 306.626 172.568 306.545 178.84V180.93C306.626 187.243 307.967 193.475 310.121 199.385L311.3 202.561C313.014 207.214 315.197 211.75 318.156 215.792C315.235 219.831 313.014 224.329 311.3 229.02L310.121 232.196C307.927 238.146 306.626 244.378 306.545 250.65V252.741C306.626 259.053 307.967 265.285 310.121 271.195L311.3 274.371C313.048 279.116 315.283 283.739 318.332 287.84C318.332 287.84 318.332 287.88 318.372 287.921H318.413C318.413 287.921 318.413 287.88 318.454 287.84C321.461 283.739 323.737 279.156 325.485 274.371L326.664 271.195C328.859 265.245 330.159 259.013 330.241 252.741V250.65C330.159 244.338 328.818 238.106 326.664 232.196L325.485 229.02C323.771 224.367 321.588 219.83 318.629 215.789C321.55 211.75 323.772 207.252 325.485 202.561L326.664 199.385C328.859 193.434 330.159 187.202 330.241 180.93V178.84C330.159 172.528 328.818 166.296 326.664 160.386L325.485 157.209C323.771 152.557 321.588 148.02 318.629 143.978C321.55 139.939 323.772 135.441 325.485 130.75L326.664 127.574C328.859 121.624 330.159 115.392 330.241 109.12V107.029C330.159 100.717 328.818 94.4853 326.664 88.5752L325.485 85.399C323.771 80.7462 321.588 76.2094 318.629 72.1679C321.55 68.1287 323.772 63.631 325.485 58.94L326.664 55.7638C328.859 49.8134 330.159 43.5816 330.241 37.3096V35.2189C330.159 28.9067 328.818 22.6749 326.664 16.7647L325.485 13.5885ZM322.884 39.2796C322.843 40.325 322.762 41.3703 322.64 42.4558V42.7373L322.64 42.74C322.518 43.8648 322.396 44.9896 322.193 46.1145C321.136 52.5875 319.266 57.0101 318.454 58.6987C317.641 57.0101 315.771 52.5875 314.714 46.1145C314.511 44.9485 314.389 43.863 314.267 42.7373V42.4558C314.189 41.7617 314.144 41.0676 314.101 40.3945C314.077 40.0149 314.053 39.642 314.023 39.2796V33.3292C314.064 32.2839 314.145 31.2386 314.267 30.153V29.8716C314.389 28.7459 314.511 27.6201 314.714 26.4944C315.771 20.0213 317.641 15.5988 318.454 13.9101C319.266 15.5988 321.136 20.0213 322.193 26.4944C322.396 27.6603 322.518 28.7459 322.64 29.8716V30.153C322.718 30.8473 322.763 31.5416 322.806 32.2148L322.806 32.216C322.831 32.595 322.855 32.9673 322.884 33.3292V39.2796ZM322.884 111.09C322.843 112.135 322.762 113.181 322.64 114.266V114.548L322.64 114.55C322.518 115.675 322.396 116.8 322.193 117.925C321.136 124.398 319.266 128.821 318.454 130.509C317.641 128.821 315.771 124.398 314.714 117.925C314.511 116.759 314.389 115.673 314.267 114.548V114.266C314.189 113.572 314.144 112.878 314.101 112.205C314.077 111.825 314.053 111.453 314.023 111.09V105.14C314.064 104.094 314.145 103.049 314.267 101.964V101.682C314.389 100.556 314.511 99.4306 314.714 98.3048C315.771 91.8318 317.641 87.4092 318.454 85.7206C319.266 87.4092 321.136 91.8318 322.193 98.3048C322.396 99.4708 322.518 100.556 322.64 101.682V101.964C322.718 102.658 322.763 103.352 322.806 104.025C322.831 104.404 322.855 104.778 322.884 105.14V111.09ZM322.884 182.901C322.843 183.946 322.762 184.991 322.64 186.077V186.358L322.64 186.361C322.518 187.486 322.396 188.611 322.193 189.735C321.136 196.208 319.266 200.631 318.454 202.32C317.641 200.631 315.771 196.208 314.714 189.735C314.511 188.569 314.389 187.484 314.267 186.358V186.077C314.189 185.383 314.144 184.689 314.101 184.015C314.077 183.636 314.053 183.263 314.023 182.901V176.95C314.064 175.905 314.145 174.86 314.267 173.774V173.493C314.389 172.367 314.511 171.241 314.714 170.115C315.771 163.642 317.641 159.22 318.454 157.531C319.266 159.22 321.136 163.642 322.193 170.115C322.396 171.281 322.518 172.367 322.64 173.493V173.774C322.718 174.468 322.763 175.163 322.806 175.836L322.806 175.837C322.831 176.216 322.855 176.588 322.884 176.95V182.901ZM322.884 254.711C322.843 255.756 322.762 256.802 322.64 257.887V258.169L322.64 258.171C322.518 259.296 322.396 260.421 322.193 261.546C321.136 268.019 319.266 272.441 318.454 274.13C317.641 272.441 315.771 268.019 314.714 261.546C314.511 260.38 314.389 259.294 314.267 258.169V257.887C314.189 257.193 314.144 256.499 314.101 255.826C314.077 255.446 314.053 255.073 314.023 254.711V248.761C314.064 247.715 314.145 246.67 314.267 245.584V245.303C314.389 244.177 314.511 243.051 314.714 241.926C315.771 235.453 317.641 231.03 318.454 229.342C319.266 231.03 321.136 235.453 322.193 241.926C322.396 243.092 322.518 244.177 322.64 245.303V245.584C322.718 246.279 322.763 246.973 322.806 247.646L322.806 247.649C322.831 248.027 322.855 248.399 322.884 248.761V254.711Z" fill="url(#paint1_linear_35097_25595)"/>
<path fill-rule="evenodd" clip-rule="evenodd" d="M18.8185 49.8527C17.0708 45.1085 14.8354 40.4849 11.787 36.3839C11.8277 36.3437 11.8276 36.3035 11.8276 36.3035C11.7869 36.2633 11.787 36.2231 11.787 36.2231C14.7948 32.1222 17.0708 27.5388 18.8185 22.7544L19.9973 19.5781C22.1921 13.6278 23.4928 7.39599 23.574 1.12397V0.0786276H16.2173V3.05381C16.1767 4.09914 16.0954 5.14448 15.9735 6.23002V6.51146C15.8515 7.6372 15.7295 8.76297 15.5263 9.88871C14.4695 16.3618 12.5999 20.7843 11.787 22.4729C10.9741 20.7843 9.1044 16.3618 8.04763 9.88871C7.84441 8.72276 7.72253 7.6372 7.6006 6.51146V6.23002C7.52262 5.53585 7.47789 4.84168 7.43452 4.16853C7.41007 3.78902 7.38604 3.41618 7.35673 3.05381V0.0786276H0V1.12397C0.08129 7.43619 1.42247 13.668 3.57666 19.5781L4.7554 22.7544C6.50313 27.4986 8.73865 32.1222 11.787 36.2231C11.7464 36.2633 11.7463 36.3035 11.7463 36.3035C11.787 36.3437 11.787 36.3839 11.787 36.3839C8.77929 40.4849 6.50313 45.0683 4.7554 49.8527L3.57666 53.0289C1.38183 58.9793 0.08129 65.2111 0 71.4831V72.9344C0.08129 79.2467 1.42247 85.4784 3.57666 91.3886L4.7554 94.5648C6.50313 99.3091 8.73865 103.933 11.787 108.034C11.7464 108.074 11.7463 108.114 11.7463 108.114C11.787 108.154 11.787 108.194 11.787 108.194C8.77929 112.295 6.50313 116.879 4.7554 121.663L3.57666 124.839C1.38183 130.79 0.08129 137.022 0 143.294V144.745C0.08129 151.057 1.42247 157.289 3.57666 163.199L4.7554 166.375C6.50313 171.12 8.73865 175.743 11.787 179.844C11.7464 179.884 11.7463 179.924 11.7463 179.924C11.787 179.965 11.787 180.005 11.787 180.005C8.77929 184.106 6.50313 188.689 4.7554 193.474L3.57666 196.65C1.38183 202.6 0.08129 208.832 0 215.104V216.555C0.08129 222.868 1.42247 229.099 3.57666 235.01L4.7554 238.186C6.50313 242.93 8.73865 247.554 11.787 251.654C11.7464 251.695 11.7463 251.735 11.7463 251.735C11.787 251.775 11.787 251.815 11.787 251.815C8.77929 255.916 6.50313 260.5 4.7554 265.284L3.57666 268.46C1.38183 274.411 0.08129 280.642 0 286.914V287.96H7.35673V284.985C7.39738 283.939 7.47866 282.894 7.6006 281.808V281.527L7.60085 281.525C7.7227 280.4 7.84455 279.275 8.04763 278.15C9.1044 271.677 10.9741 267.254 11.787 265.566C12.5999 267.254 14.4695 271.677 15.5263 278.15C15.7295 279.316 15.8515 280.401 15.9735 281.527V281.808C16.0514 282.503 16.0962 283.197 16.1395 283.87C16.164 284.25 16.188 284.622 16.2173 284.985V287.96H23.574V286.914C23.4928 280.602 22.1515 274.37 19.9973 268.46L18.8185 265.284C17.0708 260.54 14.8354 255.916 11.787 251.815C11.8277 251.775 11.8276 251.735 11.8276 251.735C11.7869 251.695 11.787 251.654 11.787 251.654C14.7948 247.554 17.0708 242.97 18.8185 238.186L19.9973 235.01C22.1921 229.059 23.4928 222.827 23.574 216.555V215.104C23.4928 208.792 22.1515 202.56 19.9973 196.65L18.8185 193.474C17.0708 188.729 14.8354 184.106 11.787 180.005C11.8277 179.965 11.8276 179.924 11.8276 179.924C11.7869 179.884 11.787 179.844 11.787 179.844C14.7948 175.743 17.0708 171.16 18.8185 166.375L19.9973 163.199C22.1921 157.249 23.4928 151.017 23.574 144.745V143.294C23.4928 136.981 22.1515 130.75 19.9973 124.839L18.8185 121.663C17.0708 116.919 14.8354 112.295 11.787 108.194C11.8277 108.154 11.8276 108.114 11.8276 108.114C11.7869 108.074 11.787 108.034 11.787 108.034C14.7948 103.933 17.0708 99.3493 18.8185 94.5648L19.9973 91.3886C22.1921 85.4382 23.4928 79.2065 23.574 72.9344V71.4831C23.4928 65.1709 22.1515 58.9391 19.9973 53.0289L18.8185 49.8527ZM16.2173 141.364C16.188 141.001 16.164 140.629 16.1395 140.249C16.0962 139.576 16.0514 138.882 15.9735 138.188V137.906C15.8515 136.78 15.7295 135.695 15.5263 134.529C14.4695 128.056 12.5999 123.633 11.787 121.945C10.9741 123.633 9.1044 128.056 8.04763 134.529C7.84455 135.654 7.7227 136.779 7.60085 137.904L7.6006 137.906V138.188C7.47866 139.273 7.39738 140.318 7.35673 141.364V146.675C7.38604 147.037 7.41006 147.41 7.43451 147.789C7.47788 148.462 7.52262 149.157 7.6006 149.851V150.132C7.72253 151.258 7.84441 152.344 8.04763 153.51C9.1044 159.983 10.9741 164.405 11.787 166.094C12.5999 164.405 14.4695 159.983 15.5263 153.51C15.7295 152.384 15.8515 151.258 15.9735 150.132V149.851C16.0954 148.765 16.1767 147.72 16.2173 146.675V141.364ZM7.35673 69.5532C7.39738 68.5079 7.47866 67.4626 7.6006 66.377V66.0956L7.60085 66.0932C7.7227 64.9683 7.84455 63.8433 8.04763 62.7184C9.1044 56.2453 10.9741 51.8227 11.787 50.1341C12.5999 51.8227 14.4695 56.2453 15.5263 62.7184C15.7295 63.8843 15.8515 64.9698 15.9735 66.0956V66.377C16.0514 67.0712 16.0962 67.7654 16.1395 68.4385L16.1396 68.4396C16.164 68.8187 16.188 69.1913 16.2173 69.5532V74.8643C16.1767 75.9096 16.0954 76.9549 15.9735 78.0405V78.3219C15.8515 79.4477 15.7295 80.5734 15.5263 81.6992C14.4695 88.1722 12.5999 92.5948 11.787 94.2834C10.9741 92.5948 9.1044 88.1722 8.04763 81.6992C7.84441 80.5332 7.72253 79.4477 7.6006 78.3219V78.0405C7.52262 77.3463 7.47789 76.6521 7.43452 75.979C7.41007 75.5995 7.38604 75.2266 7.35673 74.8643V69.5532ZM7.35673 213.174C7.39738 212.129 7.47866 211.083 7.6006 209.998V209.717L7.60085 209.714C7.7227 208.589 7.84455 207.464 8.04763 206.339C9.1044 199.866 10.9741 195.444 11.787 193.755C12.5999 195.444 14.4695 199.866 15.5263 206.339C15.7295 207.505 15.8515 208.591 15.9735 209.717V209.998C16.0514 210.692 16.0962 211.386 16.1395 212.06L16.1396 212.061C16.164 212.44 16.188 212.812 16.2173 213.174V218.485C16.1767 219.531 16.0954 220.576 15.9735 221.661V221.943C15.8515 223.069 15.7295 224.194 15.5263 225.32C14.4695 231.793 12.5999 236.216 11.787 237.904C10.9741 236.216 9.1044 231.793 8.04763 225.32C7.84441 224.154 7.72253 223.069 7.6006 221.943V221.661C7.52262 220.967 7.47789 220.273 7.43452 219.6C7.41007 219.22 7.38604 218.848 7.35673 218.485V213.174Z" fill="url(#paint2_linear_35097_25595)"/>
<path fill-rule="evenodd" clip-rule="evenodd" d="M59.0164 36.3839C62.0648 40.4849 64.3003 45.1085 66.0481 49.8527L67.2267 53.0289C69.3809 58.9391 70.7222 65.1709 70.8035 71.4831V72.9344C70.7222 79.2065 69.4215 85.4382 67.2267 91.3886L66.0481 94.5648C64.2597 99.3493 62.0242 103.933 59.0164 108.034C55.9681 103.933 53.6919 99.3091 51.9848 94.5648L50.8062 91.3886C48.652 85.4784 47.3107 79.2467 47.2294 72.9344V71.4831C47.3107 65.2111 48.6114 58.9793 50.8062 53.0289L51.9848 49.8527C53.7325 45.0683 56.0087 40.4849 59.0164 36.3839ZM54.5862 74.8643C54.6154 75.2264 54.6395 75.599 54.6639 75.9783C54.7073 76.6515 54.752 77.3463 54.83 78.0405V78.3219C54.9519 79.4477 55.0738 80.5332 55.277 81.6992C56.3338 88.1722 58.2035 92.5948 59.0164 94.2834C59.8293 92.5948 61.6989 88.1722 62.7557 81.6992C62.9589 80.5734 63.0809 79.4477 63.2029 78.3219V78.0405C63.3248 76.9549 63.4061 75.9096 63.4467 74.8643V69.5532C63.4174 69.191 63.3934 68.8184 63.369 68.439C63.3256 67.7659 63.2808 67.0712 63.2029 66.377V66.0956C63.0809 64.9698 62.9589 63.8843 62.7557 62.7184C61.6989 56.2453 59.8293 51.8227 59.0164 50.1341C58.2035 51.8227 56.3338 56.2453 55.277 62.7184C55.074 63.8433 54.9521 64.9683 54.8303 66.0932L54.83 66.0956V66.377C54.7081 67.4626 54.6268 68.5079 54.5862 69.5532V74.8643Z" fill="url(#paint3_linear_35097_25595)"/>
<path fill-rule="evenodd" clip-rule="evenodd" d="M59.0164 36.2231C62.0242 32.1222 64.2597 27.5388 66.0481 22.7544L67.2267 19.5781C69.4215 13.6278 70.7222 7.39599 70.8035 1.12397V0.0786276H63.4467V3.05381C63.4061 4.09914 63.3248 5.14448 63.2029 6.23002V6.51146C63.0809 7.6372 62.9589 8.76297 62.7557 9.88871C61.6989 16.3618 59.8293 20.7843 59.0164 22.4729C58.2035 20.7843 56.3338 16.3618 55.277 9.88871C55.0738 8.72276 54.9519 7.6372 54.83 6.51146V6.23002C54.752 5.53583 54.7073 4.84164 54.6639 4.16848C54.6395 3.78908 54.6154 3.41607 54.5862 3.05381V0.0786276H47.2294V1.12397C47.3107 7.43619 48.652 13.668 50.8062 19.5781L51.9848 22.7544C53.6919 27.4986 55.9681 32.1222 59.0164 36.2231ZM59.0164 36.2231C59.0164 36.2231 59.0165 36.2633 59.0571 36.3035C59.0571 36.3035 59.0571 36.3437 59.0164 36.3839C59.0164 36.3839 59.0164 36.3437 58.9758 36.3035C58.9758 36.3035 58.9758 36.2633 59.0164 36.2231Z" fill="url(#paint4_linear_35097_25595)"/>
<path d="M59.0164 108.194C59.0164 108.194 59.0164 108.154 58.9758 108.114C58.9758 108.114 58.9758 108.074 59.0164 108.034C59.0164 108.034 59.0165 108.074 59.0571 108.114C59.0571 108.114 59.0571 108.154 59.0164 108.194Z" fill="url(#paint5_linear_35097_25595)"/>
<path fill-rule="evenodd" clip-rule="evenodd" d="M70.8035 143.294C70.7222 136.981 69.3809 130.75 67.2267 124.839L66.0481 121.663C64.3003 116.919 62.0648 112.295 59.0164 108.194C56.0087 112.295 53.7325 116.879 51.9848 121.663L50.8062 124.839C48.6114 130.79 47.3107 137.022 47.2294 143.294V144.745C47.3107 151.057 48.652 157.289 50.8062 163.199L51.9848 166.375C53.6919 171.12 55.9681 175.743 59.0164 179.844C58.9758 179.884 58.9758 179.924 58.9758 179.924C59.0164 179.965 59.0164 180.005 59.0164 180.005C56.0087 184.106 53.7325 188.689 51.9848 193.474L50.8062 196.65C48.6114 202.6 47.3107 208.832 47.2294 215.104V216.555C47.3107 222.868 48.652 229.099 50.8062 235.01L51.9848 238.186C53.6919 242.93 55.9681 247.554 59.0164 251.654C58.9758 251.695 58.9758 251.735 58.9758 251.735C59.0164 251.775 59.0164 251.815 59.0164 251.815C56.0087 255.916 53.7325 260.5 51.9848 265.284L50.8062 268.46C48.6114 274.411 47.3107 280.642 47.2294 286.914V287.96H54.5862V284.985C54.6268 283.939 54.7081 282.894 54.83 281.808V281.527L54.8303 281.525C54.9521 280.4 55.074 279.275 55.277 278.15C56.3338 271.677 58.2035 267.254 59.0164 265.566C59.8293 267.254 61.6989 271.677 62.7557 278.15C62.9589 279.316 63.0809 280.401 63.2029 281.527V281.808C63.2808 282.503 63.3256 283.197 63.369 283.87C63.3934 284.25 63.4174 284.622 63.4467 284.985V287.96H70.8035V286.914C70.7222 280.602 69.3809 274.37 67.2267 268.46L66.0481 265.284C64.3003 260.54 62.0648 255.916 59.0164 251.815C59.0571 251.775 59.0571 251.735 59.0571 251.735C59.0165 251.695 59.0164 251.654 59.0164 251.654C62.0242 247.554 64.2597 242.97 66.0481 238.186L67.2267 235.01C69.4215 229.059 70.7222 222.827 70.8035 216.555V215.104C70.7222 208.792 69.3809 202.56 67.2267 196.65L66.0481 193.474C64.3003 188.729 62.0648 184.106 59.0164 180.005C59.0571 179.965 59.0571 179.924 59.0571 179.924C59.0165 179.884 59.0164 179.844 59.0164 179.844C62.0242 175.743 64.2597 171.16 66.0481 166.375L67.2267 163.199C69.4215 157.249 70.7222 151.017 70.8035 144.745V143.294ZM63.4467 141.364C63.4174 141.001 63.3934 140.629 63.369 140.249C63.3256 139.576 63.2808 138.882 63.2029 138.188V137.906C63.0809 136.78 62.9589 135.695 62.7557 134.529C61.6989 128.056 59.8293 123.633 59.0164 121.945C58.2035 123.633 56.3338 128.056 55.277 134.529C55.074 135.654 54.9521 136.779 54.8303 137.904L54.83 137.906V138.188C54.7081 139.273 54.6268 140.318 54.5862 141.364V146.675C54.6154 147.037 54.6395 147.41 54.6639 147.789C54.7073 148.462 54.752 149.157 54.83 149.851V150.132C54.9519 151.258 55.0738 152.344 55.277 153.51C56.3338 159.983 58.2035 164.405 59.0164 166.094C59.8293 164.405 61.6989 159.983 62.7557 153.51C62.9589 152.384 63.0809 151.258 63.2029 150.132V149.851C63.3248 148.765 63.4061 147.72 63.4467 146.675V141.364ZM54.5862 218.485C54.6154 218.847 54.6395 219.22 54.6639 219.599C54.7073 220.272 54.752 220.967 54.83 221.661V221.943C54.9519 223.069 55.0738 224.154 55.277 225.32C56.3338 231.793 58.2035 236.216 59.0164 237.904C59.8293 236.216 61.6989 231.793 62.7557 225.32C62.9589 224.194 63.0809 223.069 63.2029 221.943V221.661C63.3248 220.576 63.4061 219.531 63.4467 218.485V213.174C63.4174 212.812 63.3934 212.439 63.369 212.06C63.3256 211.387 63.2808 210.692 63.2029 209.998V209.717C63.0809 208.591 62.9589 207.505 62.7557 206.339C61.6989 199.866 59.8293 195.444 59.0164 193.755C58.2035 195.444 56.3338 199.866 55.277 206.339C55.074 207.464 54.9521 208.589 54.8303 209.714L54.83 209.717V209.998C54.7081 211.083 54.6268 212.129 54.5862 213.174V218.485Z" fill="url(#paint6_linear_35097_25595)"/>
<path fill-rule="evenodd" clip-rule="evenodd" d="M47.1075 35.2582C47.0262 28.946 45.6849 22.7142 43.5307 16.804L42.352 13.6278C40.6043 8.88358 38.3688 4.25996 35.3204 0.159025C35.3204 0.159025 35.3205 0.118833 35.2798 0.0786276H35.2391C35.2391 0.0786276 35.2391 0.118819 35.1984 0.159025C32.1907 4.25996 29.9147 8.84338 28.1669 13.6278L26.9882 16.804C24.7934 22.7544 23.4927 28.9862 23.4114 35.2582V37.3891C23.4927 43.7013 24.834 49.9331 26.9882 55.8433L28.1669 59.0195C29.8782 63.6646 32.0569 68.1941 35.0084 72.2305C32.0946 76.2645 29.8777 80.7551 28.1669 85.4383L26.9882 88.6145C24.7934 94.5648 23.4927 100.797 23.4114 107.069V109.2C23.4927 115.512 24.834 121.744 26.9882 127.654L28.1669 130.83C29.8782 135.475 32.0569 140.005 35.0084 144.041C32.0946 148.075 29.8777 152.566 28.1669 157.249L26.9882 160.425C24.7934 166.375 23.4927 172.607 23.4114 178.879V181.01C23.4927 187.322 24.834 193.554 26.9882 199.464L28.1669 202.64C29.8782 207.286 32.0569 211.815 35.0084 215.851C32.0946 219.885 29.8777 224.376 28.1669 229.059L26.9882 232.235C24.7934 238.186 23.4927 244.418 23.4114 250.69V252.82C23.4927 259.133 24.834 265.365 26.9882 271.275L28.1669 274.451C29.9147 279.195 32.1501 283.819 35.1984 287.92C35.1984 287.92 35.1985 287.96 35.2391 288H35.2798C35.2798 288 35.2797 287.96 35.3204 287.92C38.3281 283.819 40.6043 279.235 42.352 274.451L43.5307 271.275C45.7256 265.324 47.0262 259.092 47.1075 252.82V250.69C47.0262 244.377 45.6849 238.146 43.5307 232.235L42.352 229.059C40.6408 224.414 38.4619 219.885 35.5104 215.848C38.4242 211.814 40.6413 207.324 42.352 202.64L43.5307 199.464C45.7256 193.514 47.0262 187.282 47.1075 181.01V178.879C47.0262 172.567 45.6849 166.335 43.5307 160.425L42.352 157.249C40.6408 152.604 38.4619 148.074 35.5104 144.038C38.4242 140.004 40.6413 135.513 42.352 130.83L43.5307 127.654C45.7256 121.703 47.0262 115.472 47.1075 109.2V107.069C47.0262 100.756 45.6849 94.5247 43.5307 88.6145L42.352 85.4383C40.6408 80.7932 38.4619 76.2637 35.5104 72.2272C38.4242 68.1932 40.6413 63.7027 42.352 59.0195L43.5307 55.8433C45.7256 49.8929 47.0262 43.6611 47.1075 37.3891V35.2582ZM39.7101 39.2385C39.6695 40.2838 39.5882 41.3292 39.4662 42.4147V42.6962C39.3443 43.8219 39.2223 44.9477 39.0191 46.0734C37.9623 52.5465 36.0927 56.969 35.2798 58.6576C34.4669 56.969 32.5972 52.5465 31.5404 46.0734C31.3372 44.9075 31.2153 43.8219 31.0934 42.6962V42.4147C31.0154 41.7206 30.9707 41.0264 30.9273 40.3532C30.9029 39.9737 30.8788 39.6009 30.8495 39.2385V33.2881C30.8902 32.2428 30.9715 31.1975 31.0934 30.1119V29.8305L31.0937 29.8279C31.2155 28.703 31.3374 27.5781 31.5404 26.4532C32.5972 19.9802 34.4669 15.5576 35.2798 13.869C36.0927 15.5576 37.9623 19.9802 39.0191 26.4532C39.2223 27.6192 39.3443 28.7048 39.4662 29.8305V30.1119C39.5442 30.806 39.5889 31.5001 39.6323 32.1731C39.6568 32.5527 39.6808 32.9258 39.7101 33.2881V39.2385ZM39.7101 111.049C39.6695 112.094 39.5882 113.14 39.4662 114.225V114.507C39.3443 115.632 39.2223 116.758 39.0191 117.884C37.9623 124.357 36.0927 128.779 35.2798 130.468C34.4669 128.779 32.5972 124.357 31.5404 117.884C31.3372 116.718 31.2153 115.632 31.0934 114.507V114.225C31.0154 113.531 30.9707 112.837 30.9273 112.164L30.9272 112.162L30.9271 112.161C30.9027 111.782 30.8788 111.411 30.8495 111.049V105.099C30.8902 104.053 30.9715 103.008 31.0934 101.922V101.641L31.0937 101.638C31.2155 100.513 31.3374 99.3886 31.5404 98.2637C32.5972 91.7907 34.4669 87.3681 35.2798 85.6795C36.0927 87.3681 37.9623 91.7907 39.0191 98.2637C39.2223 99.4297 39.3443 100.515 39.4662 101.641V101.922C39.5442 102.616 39.5889 103.311 39.6323 103.984C39.6568 104.363 39.6808 104.736 39.7101 105.099V111.049ZM39.7101 182.859C39.6695 183.905 39.5882 184.95 39.4662 186.036V186.317C39.3443 187.443 39.2223 188.569 39.0191 189.694C37.9623 196.167 36.0927 200.59 35.2798 202.279C34.4669 200.59 32.5972 196.167 31.5404 189.694C31.3372 188.528 31.2153 187.443 31.0934 186.317V186.036C31.0154 185.341 30.9707 184.647 30.9273 183.974C30.9029 183.595 30.8788 183.222 30.8495 182.859V176.909C30.8902 175.864 30.9715 174.818 31.0934 173.733V173.451L31.0937 173.449C31.2155 172.324 31.3374 171.199 31.5404 170.074C32.5972 163.601 34.4669 159.179 35.2798 157.49C36.0927 159.179 37.9623 163.601 39.0191 170.074C39.2223 171.24 39.3443 172.326 39.4662 173.451V173.733C39.5442 174.427 39.5889 175.121 39.6323 175.794C39.6568 176.174 39.6808 176.547 39.7101 176.909V182.859ZM39.7101 254.67C39.6695 255.715 39.5882 256.761 39.4662 257.846V258.128C39.3443 259.253 39.2223 260.379 39.0191 261.505C37.9623 267.978 36.0927 272.4 35.2798 274.089C34.4669 272.4 32.5972 267.978 31.5404 261.505C31.3372 260.339 31.2153 259.253 31.0934 258.128V257.846C31.0154 257.152 30.9707 256.458 30.9273 255.785L30.9272 255.783L30.9271 255.782C30.9027 255.403 30.8788 255.031 30.8495 254.67V248.72C30.8902 247.674 30.9715 246.629 31.0934 245.543V245.262L31.0937 245.259C31.2155 244.134 31.3374 243.01 31.5404 241.885C32.5972 235.412 34.4669 230.989 35.2798 229.3C36.0927 230.989 37.9623 235.412 39.0191 241.885C39.2223 243.051 39.3443 244.136 39.4662 245.262V245.543C39.5442 246.237 39.5889 246.931 39.6323 247.605C39.6568 247.984 39.6808 248.357 39.7101 248.72V254.67Z" fill="url(#paint7_linear_35097_25595)"/>
<path fill-rule="evenodd" clip-rule="evenodd" d="M94.3775 35.2582V37.3891C94.2962 43.6611 92.9957 49.8929 90.8008 55.8433L89.6221 59.0195C87.8716 63.7026 85.6927 68.1932 82.7805 72.2272C85.732 76.2636 87.9109 80.7932 89.6221 85.4383L90.8008 88.6145C92.955 94.5247 94.2962 100.756 94.3775 107.069V109.2C94.2962 115.472 92.9957 121.703 90.8008 127.654L89.6221 130.83C87.8716 135.513 85.6927 140.004 82.7805 144.038C85.732 148.074 87.9109 152.604 89.6221 157.249L90.8008 160.425C92.955 166.335 94.2962 172.567 94.3775 178.879V181.01C94.2962 187.282 92.9957 193.514 90.8008 199.464L89.6221 202.64C87.8716 207.324 85.6927 211.814 82.7805 215.848C85.732 219.885 87.9109 224.414 89.6221 229.059L90.8008 232.235C92.955 238.146 94.2962 244.377 94.3775 250.69V252.82C94.2962 259.092 92.9957 265.324 90.8008 271.275L89.6221 274.451C87.8337 279.235 85.5982 283.819 82.5905 287.92C82.5498 287.96 82.5499 288 82.5499 288H82.5092C82.4686 287.96 82.4685 287.92 82.4685 287.92C79.4202 283.819 77.1441 279.195 75.437 274.451L74.2583 271.275C72.1041 265.365 70.7628 259.133 70.6815 252.82V250.69C70.7628 244.418 72.0635 238.186 74.2583 232.235L75.437 229.059C77.1478 224.376 79.3647 219.885 82.2785 215.851C79.3253 211.815 77.1085 207.286 75.437 202.64L74.2583 199.464C72.1041 193.554 70.7628 187.322 70.6815 181.01V178.879C70.7628 172.607 72.0635 166.375 74.2583 160.425L75.437 157.249C77.1478 152.566 79.3647 148.075 82.2785 144.041C79.3253 140.005 77.1085 135.475 75.437 130.83L74.2583 127.654C72.1041 121.744 70.7628 115.512 70.6815 109.2V107.069C70.7628 100.797 72.0635 94.5648 74.2583 88.6145L75.437 85.4383C77.1478 80.7551 79.3647 76.2646 82.2785 72.2306C79.3253 68.1941 77.1085 63.6646 75.437 59.0195L74.2583 55.8433C72.1041 49.9331 70.7628 43.7013 70.6815 37.3891V35.2582C70.7628 28.9862 72.0635 22.7544 74.2583 16.804L75.437 13.6278C77.1848 8.84338 79.4608 4.25996 82.4685 0.159025C82.5092 0.118819 82.5092 0.0786276 82.5092 0.0786276H82.5499C82.5906 0.118833 82.5905 0.159025 82.5905 0.159025C85.6388 4.25996 87.8744 8.88358 89.6221 13.6278L90.8008 16.804C92.955 22.7142 94.2962 28.946 94.3775 35.2582ZM86.9802 39.2385V33.2881C86.9509 32.9258 86.9269 32.5529 86.9024 32.1734C86.859 31.5002 86.8143 30.8061 86.7363 30.1119V29.8305C86.6144 28.7048 86.4924 27.6192 86.2892 26.4532C85.2324 19.9802 83.3628 15.5576 82.5499 13.869C81.737 15.5576 79.8673 19.9802 78.8105 26.4532C78.6075 27.5781 78.4856 28.703 78.3638 29.8279L78.3635 29.8305V30.1119C78.2416 31.1975 78.1601 32.2428 78.1195 33.2881V39.2385C78.1487 39.5995 78.1727 39.971 78.197 40.349L78.1971 40.3503L78.1973 40.3525C78.2407 41.0257 78.2855 41.7204 78.3635 42.4147V42.6962C78.4854 43.8219 78.6073 44.9075 78.8105 46.0734C79.8673 52.5465 81.737 56.969 82.5499 58.6576C83.3628 56.969 85.2324 52.5465 86.2892 46.0734C86.4924 44.9477 86.6144 43.8219 86.7363 42.6962V42.4147C86.8583 41.3292 86.9396 40.2838 86.9802 39.2385ZM86.9802 111.049V105.099C86.9509 104.736 86.9269 104.363 86.9024 103.984C86.859 103.311 86.8143 102.617 86.7363 101.922V101.641C86.6144 100.515 86.4924 99.4297 86.2892 98.2637C85.2324 91.7907 83.3628 87.3681 82.5499 85.6795C81.737 87.3681 79.8673 91.7907 78.8105 98.2637C78.6075 99.3886 78.4856 100.513 78.3638 101.638L78.3635 101.641V101.922C78.2416 103.008 78.1601 104.053 78.1195 105.099V111.049C78.1487 111.41 78.1727 111.782 78.1971 112.161L78.1972 112.162L78.1973 112.163C78.2407 112.837 78.2855 113.531 78.3635 114.225V114.507C78.4854 115.632 78.6073 116.718 78.8105 117.884C79.8673 124.357 81.737 128.779 82.5499 130.468C83.3628 128.779 85.2324 124.357 86.2892 117.884C86.4924 116.758 86.6144 115.632 86.7363 114.507V114.225C86.8583 113.14 86.9396 112.094 86.9802 111.049ZM86.9802 182.859V176.909C86.9509 176.547 86.9269 176.174 86.9024 175.794C86.859 175.121 86.8143 174.427 86.7363 173.733V173.451C86.6144 172.326 86.4924 171.24 86.2892 170.074C85.2324 163.601 83.3628 159.179 82.5499 157.49C81.737 159.179 79.8673 163.601 78.8105 170.074C78.6075 171.199 78.4856 172.324 78.3638 173.449L78.3635 173.451V173.733C78.2416 174.818 78.1601 175.864 78.1195 176.909V182.859C78.1487 183.22 78.1727 183.592 78.197 183.97L78.1971 183.971L78.1973 183.973C78.2407 184.647 78.2855 185.341 78.3635 186.036V186.317C78.4854 187.443 78.6073 188.528 78.8105 189.694C79.8673 196.167 81.737 200.59 82.5499 202.279C83.3628 200.59 85.2324 196.167 86.2892 189.694C86.4924 188.569 86.6144 187.443 86.7363 186.317V186.036C86.8583 184.95 86.9396 183.905 86.9802 182.859ZM86.9802 254.67V248.72C86.9509 248.357 86.9269 247.984 86.9024 247.605C86.859 246.932 86.8143 246.237 86.7363 245.543V245.262C86.6144 244.136 86.4924 243.051 86.2892 241.885C85.2324 235.412 83.3628 230.989 82.5499 229.3C81.737 230.989 79.8673 235.412 78.8105 241.885C78.6075 243.01 78.4856 244.134 78.3638 245.259L78.3635 245.262V245.543C78.2416 246.629 78.1601 247.674 78.1195 248.72V254.67C78.1487 255.031 78.1727 255.403 78.1971 255.782L78.1972 255.783L78.1973 255.784C78.2407 256.458 78.2855 257.152 78.3635 257.846V258.128C78.4854 259.253 78.6073 260.339 78.8105 261.505C79.8673 267.978 81.737 272.4 82.5499 274.089C83.3628 272.4 85.2324 267.978 86.2892 261.505C86.4924 260.379 86.6144 259.253 86.7363 258.128V257.846C86.8583 256.761 86.9396 255.715 86.9802 254.67Z" fill="url(#paint8_linear_35097_25595)"/>
<path fill-rule="evenodd" clip-rule="evenodd" d="M113.156 49.8527C111.408 45.1085 109.172 40.4849 106.124 36.3839C106.165 36.3437 106.165 36.3035 106.165 36.3035C106.124 36.2633 106.124 36.2231 106.124 36.2231C109.132 32.1222 111.408 27.5388 113.156 22.7544L114.334 19.5781C116.529 13.6278 117.83 7.39599 117.911 1.12397V0.0786276H110.554V3.05381C110.514 4.09914 110.432 5.14448 110.311 6.23002V6.51146L110.31 6.51397C110.188 7.63885 110.067 8.76383 109.863 9.88871C108.807 16.3618 106.937 20.7843 106.124 22.4729C105.311 20.7843 103.441 16.3618 102.385 9.88871C102.181 8.72276 102.06 7.6372 101.938 6.51146V6.23002C101.86 5.53587 101.815 4.84171 101.772 4.16858C101.747 3.78905 101.723 3.4162 101.694 3.05381V0.0786276H94.3371V1.12397C94.4183 7.43619 95.7596 13.668 97.9138 19.5781L99.0924 22.7544C100.84 27.4986 103.076 32.1222 106.124 36.2231C106.083 36.2633 106.083 36.3035 106.083 36.3035C106.124 36.3437 106.124 36.3839 106.124 36.3839C103.116 40.4849 100.84 45.0683 99.0924 49.8527L97.9138 53.0289C95.719 58.9793 94.4183 65.2111 94.3371 71.4831V72.9344C94.4183 79.2467 95.7596 85.4784 97.9138 91.3886L99.0924 94.5648C100.84 99.3091 103.076 103.933 106.124 108.034C106.083 108.074 106.083 108.114 106.083 108.114C106.124 108.154 106.124 108.194 106.124 108.194C103.116 112.295 100.84 116.879 99.0924 121.663L97.9138 124.839C95.719 130.79 94.4183 137.022 94.3371 143.294V144.745C94.4183 151.057 95.7596 157.289 97.9138 163.199L99.0924 166.375C100.84 171.12 103.076 175.743 106.124 179.844C106.083 179.884 106.083 179.924 106.083 179.924C106.124 179.965 106.124 180.005 106.124 180.005C103.116 184.106 100.84 188.689 99.0924 193.474L97.9138 196.65C95.719 202.6 94.4183 208.832 94.3371 215.104V216.555C94.4183 222.868 95.7596 229.099 97.9138 235.01L99.0924 238.186C100.84 242.93 103.076 247.554 106.124 251.654C106.083 251.695 106.083 251.735 106.083 251.735C106.124 251.775 106.124 251.815 106.124 251.815C103.116 255.916 100.84 260.5 99.0924 265.284L97.9138 268.46C95.719 274.411 94.4183 280.642 94.3371 286.914V287.96H101.694V284.985C101.734 283.939 101.816 282.894 101.938 281.808V281.527L101.938 281.525C102.06 280.4 102.182 279.275 102.385 278.15C103.441 271.677 105.311 267.254 106.124 265.566C106.937 267.254 108.807 271.677 109.863 278.15C110.067 279.316 110.189 280.401 110.311 281.527V281.808C110.388 282.502 110.433 283.196 110.477 283.869L110.477 283.871C110.501 284.25 110.525 284.623 110.554 284.985V287.96H117.911V286.914C117.83 280.602 116.489 274.37 114.334 268.46L113.156 265.284C111.408 260.54 109.172 255.916 106.124 251.815C106.165 251.775 106.165 251.735 106.165 251.735C106.124 251.695 106.124 251.654 106.124 251.654C109.132 247.554 111.408 242.97 113.156 238.186L114.334 235.01C116.529 229.059 117.83 222.827 117.911 216.555V215.104C117.83 208.792 116.489 202.56 114.334 196.65L113.156 193.474C111.408 188.729 109.172 184.106 106.124 180.005C106.165 179.965 106.165 179.924 106.165 179.924C106.124 179.884 106.124 179.844 106.124 179.844C109.132 175.743 111.408 171.16 113.156 166.375L114.334 163.199C116.529 157.249 117.83 151.017 117.911 144.745V143.294C117.83 136.981 116.489 130.75 114.334 124.839L113.156 121.663C111.408 116.919 109.172 112.295 106.124 108.194C106.165 108.154 106.165 108.114 106.165 108.114C106.124 108.074 106.124 108.034 106.124 108.034C109.132 103.933 111.408 99.3493 113.156 94.5648L114.334 91.3886C116.529 85.4382 117.83 79.2065 117.911 72.9344V71.4831C117.83 65.1709 116.489 58.9391 114.334 53.0289L113.156 49.8527ZM110.554 141.364C110.525 141.002 110.501 140.629 110.477 140.25L110.477 140.249C110.433 139.576 110.388 138.882 110.311 138.188V137.906C110.189 136.78 110.067 135.695 109.863 134.529C108.807 128.056 106.937 123.633 106.124 121.945C105.311 123.633 103.441 128.056 102.385 134.529C102.182 135.654 102.06 136.779 101.938 137.904L101.938 137.906V138.188C101.816 139.273 101.734 140.318 101.694 141.364V146.675C101.723 147.037 101.747 147.41 101.772 147.79C101.815 148.463 101.86 149.157 101.938 149.851V150.132C102.06 151.258 102.181 152.344 102.385 153.51C103.441 159.983 105.311 164.405 106.124 166.094C106.937 164.405 108.807 159.983 109.863 153.51C110.067 152.385 110.188 151.26 110.31 150.135L110.311 150.132V149.851C110.432 148.765 110.514 147.72 110.554 146.675V141.364ZM101.694 69.5532C101.734 68.5079 101.816 67.4626 101.938 66.377V66.0956L101.938 66.0932C102.06 64.9683 102.182 63.8433 102.385 62.7184C103.441 56.2453 105.311 51.8227 106.124 50.1341C106.937 51.8227 108.807 56.2453 109.863 62.7184C110.067 63.8843 110.189 64.9698 110.311 66.0956V66.377C110.388 67.0707 110.433 67.7644 110.476 68.4371L110.477 68.4384L110.477 68.4398L110.477 68.4411C110.501 68.8197 110.525 69.1917 110.554 69.5532V74.8643C110.514 75.9096 110.432 76.9549 110.311 78.0405V78.3219L110.31 78.3244C110.188 79.4493 110.067 80.5743 109.863 81.6992C108.807 88.1722 106.937 92.5948 106.124 94.2834C105.311 92.5948 103.441 88.1722 102.385 81.6992C102.181 80.5332 102.06 79.4477 101.938 78.3219V78.0405C101.86 77.3463 101.815 76.6522 101.772 75.979C101.747 75.5995 101.723 75.2267 101.694 74.8643V69.5532ZM101.694 213.174C101.734 212.129 101.816 211.083 101.938 209.998V209.717L101.938 209.714C102.06 208.589 102.182 207.464 102.385 206.339C103.441 199.866 105.311 195.444 106.124 193.755C106.937 195.444 108.807 199.866 109.863 206.339C110.067 207.505 110.189 208.591 110.311 209.717V209.998C110.388 210.692 110.433 211.385 110.476 212.058L110.477 212.059L110.477 212.061L110.477 212.062C110.501 212.441 110.525 212.813 110.554 213.174V218.485C110.514 219.531 110.432 220.576 110.311 221.661V221.943L110.31 221.945C110.188 223.07 110.067 224.195 109.863 225.32C108.807 231.793 106.937 236.216 106.124 237.904C105.311 236.216 103.441 231.793 102.385 225.32C102.181 224.154 102.06 223.069 101.938 221.943V221.661C101.86 220.967 101.815 220.273 101.772 219.6C101.747 219.22 101.723 218.848 101.694 218.485V213.174Z" fill="url(#paint9_linear_35097_25595)"/>
<path fill-rule="evenodd" clip-rule="evenodd" d="M153.394 36.3839C156.443 40.4849 158.678 45.1085 160.426 49.8527L161.604 53.0289C163.759 58.9391 165.1 65.1709 165.181 71.4831V72.9344C165.1 79.2065 163.799 85.4382 161.604 91.3886L160.426 94.5648C158.637 99.3493 156.402 103.933 153.394 108.034C150.346 103.933 148.07 99.3091 146.363 94.5648L145.184 91.3886C143.03 85.4784 141.688 79.2467 141.607 72.9344V71.4831C141.688 65.2111 142.989 58.9793 145.184 53.0289L146.363 49.8527C148.11 45.0683 150.386 40.4849 153.394 36.3839ZM148.964 74.8643C148.993 75.2267 149.017 75.5996 149.042 75.9792C149.085 76.6523 149.13 77.3464 149.208 78.0405V78.3219C149.33 79.4477 149.452 80.5332 149.655 81.6992C150.712 88.1722 152.581 92.5948 153.394 94.2834C154.207 92.5948 156.077 88.1722 157.133 81.6992C157.337 80.5734 157.459 79.4477 157.581 78.3219V78.0405C157.703 76.9549 157.784 75.9096 157.824 74.8643V69.5532C157.795 69.1913 157.771 68.8188 157.747 68.4398L157.747 68.4386C157.703 67.7654 157.659 67.0712 157.581 66.377V66.0956C157.459 64.9698 157.337 63.8843 157.133 62.7184C156.077 56.2453 154.207 51.8227 153.394 50.1341C152.581 51.8227 150.712 56.2453 149.655 62.7184C149.452 63.8434 149.33 64.9685 149.208 66.0936L149.208 66.0956V66.377C149.086 67.4626 149.005 68.5079 148.964 69.5532V74.8643Z" fill="url(#paint10_linear_35097_25595)"/>
<path fill-rule="evenodd" clip-rule="evenodd" d="M153.394 36.2231C156.402 32.1222 158.637 27.5388 160.426 22.7544L161.604 19.5781C163.799 13.6278 165.1 7.39599 165.181 1.12397V0.0786276H157.824V3.05381C157.784 4.09914 157.703 5.14448 157.581 6.23002V6.51146C157.459 7.6372 157.337 8.76297 157.133 9.88871C156.077 16.3618 154.207 20.7843 153.394 22.4729C152.581 20.7843 150.712 16.3618 149.655 9.88871C149.452 8.72276 149.33 7.6372 149.208 6.51146V6.23002C149.13 5.53591 149.085 4.84181 149.042 4.16872C149.017 3.78914 148.993 3.41624 148.964 3.05381V0.0786276H141.607V1.12397C141.688 7.43619 143.03 13.668 145.184 19.5781L146.363 22.7544C148.07 27.4986 150.346 32.1222 153.394 36.2231ZM153.394 36.2231C153.394 36.2231 153.394 36.2633 153.435 36.3035C153.435 36.3035 153.435 36.3437 153.394 36.3839C153.394 36.3839 153.394 36.3437 153.353 36.3035C153.353 36.3035 153.354 36.2633 153.394 36.2231Z" fill="url(#paint11_linear_35097_25595)"/>
<path d="M153.394 108.194C153.394 108.194 153.394 108.154 153.353 108.114C153.353 108.114 153.354 108.074 153.394 108.034C153.394 108.034 153.394 108.074 153.435 108.114C153.435 108.114 153.435 108.154 153.394 108.194Z" fill="url(#paint12_linear_35097_25595)"/>
<path fill-rule="evenodd" clip-rule="evenodd" d="M165.181 143.294C165.1 136.981 163.759 130.75 161.604 124.839L160.426 121.663C158.678 116.919 156.443 112.295 153.394 108.194C150.386 112.295 148.11 116.879 146.363 121.663L145.184 124.839C142.989 130.79 141.688 137.022 141.607 143.294V144.745C141.688 151.057 143.03 157.289 145.184 163.199L146.363 166.375C148.07 171.12 150.346 175.743 153.394 179.844C153.354 179.884 153.353 179.924 153.353 179.924C153.394 179.965 153.394 180.005 153.394 180.005C150.386 184.106 148.11 188.689 146.363 193.474L145.184 196.65C142.989 202.6 141.688 208.832 141.607 215.104V216.555C141.688 222.868 143.03 229.099 145.184 235.01L146.363 238.186C148.07 242.93 150.346 247.554 153.394 251.654C153.354 251.695 153.353 251.735 153.353 251.735C153.394 251.775 153.394 251.815 153.394 251.815C150.386 255.916 148.11 260.5 146.363 265.284L145.184 268.46C142.989 274.411 141.688 280.642 141.607 286.914V287.96H148.964V284.985C149.005 283.939 149.086 282.894 149.208 281.808V281.527L149.208 281.525C149.33 280.4 149.452 279.275 149.655 278.15C150.712 271.677 152.581 267.254 153.394 265.566C154.207 267.254 156.077 271.677 157.133 278.15C157.337 279.316 157.459 280.401 157.581 281.527V281.808C157.659 282.503 157.703 283.197 157.747 283.87C157.771 284.249 157.795 284.623 157.824 284.985V287.96H165.181V286.914C165.1 280.602 163.759 274.37 161.604 268.46L160.426 265.284C158.678 260.54 156.443 255.916 153.394 251.815C153.435 251.775 153.435 251.735 153.435 251.735C153.394 251.695 153.394 251.654 153.394 251.654C156.402 247.554 158.637 242.97 160.426 238.186L161.604 235.01C163.799 229.059 165.1 222.827 165.181 216.555V215.104C165.1 208.792 163.759 202.56 161.604 196.65L160.426 193.474C158.678 188.729 156.443 184.106 153.394 180.005C153.435 179.965 153.435 179.924 153.435 179.924C153.394 179.884 153.394 179.844 153.394 179.844C156.402 175.743 158.637 171.16 160.426 166.375L161.604 163.199C163.799 157.249 165.1 151.017 165.181 144.745V143.294ZM157.824 141.364C157.795 141.002 157.771 140.629 157.747 140.25L157.747 140.249C157.703 139.576 157.659 138.882 157.581 138.188V137.906C157.459 136.78 157.337 135.695 157.133 134.529C156.077 128.056 154.207 123.633 153.394 121.945C152.581 123.633 150.712 128.056 149.655 134.529C149.452 135.654 149.33 136.779 149.208 137.904L149.208 137.906V138.188C149.086 139.273 149.005 140.318 148.964 141.364V146.675C148.993 147.037 149.017 147.41 149.042 147.79C149.085 148.463 149.13 149.157 149.208 149.851V150.132C149.33 151.258 149.452 152.344 149.655 153.51C150.712 159.983 152.581 164.405 153.394 166.094C154.207 164.405 156.077 159.983 157.133 153.51C157.337 152.384 157.459 151.258 157.581 150.132V149.851C157.703 148.765 157.784 147.72 157.824 146.675V141.364ZM148.964 218.485C148.993 218.848 149.017 219.221 149.042 219.6C149.085 220.273 149.13 220.967 149.208 221.661V221.943C149.33 223.069 149.452 224.154 149.655 225.32C150.712 231.793 152.581 236.216 153.394 237.904C154.207 236.216 156.077 231.793 157.133 225.32C157.337 224.194 157.459 223.069 157.581 221.943V221.661C157.703 220.576 157.784 219.531 157.824 218.485V213.174C157.795 212.812 157.771 212.44 157.747 212.061L157.747 212.06C157.703 211.386 157.659 210.692 157.581 209.998V209.717C157.459 208.591 157.337 207.505 157.133 206.339C156.077 199.866 154.207 195.444 153.394 193.755C152.581 195.444 150.712 199.866 149.655 206.339C149.452 207.464 149.33 208.589 149.208 209.714L149.208 209.717V209.998C149.086 211.083 149.005 212.129 148.964 213.174V218.485Z" fill="url(#paint13_linear_35097_25595)"/>
<path fill-rule="evenodd" clip-rule="evenodd" d="M141.445 35.2582C141.363 28.946 140.022 22.7142 137.868 16.804L136.689 13.6278C134.941 8.88358 132.706 4.25996 129.658 0.159025C129.658 0.159025 129.658 0.118833 129.617 0.0786276H129.576C129.576 0.0786276 129.576 0.118819 129.536 0.159025C126.528 4.25996 124.252 8.84338 122.504 13.6278L121.325 16.804C119.13 22.7544 117.83 28.9862 117.748 35.2582V37.3891C117.83 43.7013 119.171 49.9331 121.325 55.8433L122.504 59.0195C124.215 63.6646 126.394 68.1941 129.346 72.2305C126.432 76.2645 124.215 80.7551 122.504 85.4383L121.325 88.6145C119.13 94.5648 117.83 100.797 117.748 107.069V109.2C117.83 115.512 119.171 121.744 121.325 127.654L122.504 130.83C124.215 135.475 126.394 140.005 129.346 144.041C126.432 148.075 124.215 152.566 122.504 157.249L121.325 160.425C119.13 166.375 117.83 172.607 117.748 178.879V181.01C117.83 187.322 119.171 193.554 121.325 199.464L122.504 202.64C124.215 207.286 126.394 211.815 129.346 215.851C126.432 219.885 124.215 224.376 122.504 229.059L121.325 232.235C119.13 238.186 117.83 244.418 117.748 250.69V252.82C117.83 259.133 119.171 265.365 121.325 271.275L122.504 274.451C124.252 279.195 126.487 283.819 129.536 287.92C129.536 287.92 129.536 287.96 129.576 288H129.617C129.617 288 129.617 287.96 129.658 287.92C132.665 283.819 134.941 279.235 136.689 274.451L137.868 271.275C140.063 265.324 141.363 259.092 141.445 252.82V250.69C141.363 244.377 140.022 238.146 137.868 232.235L136.689 229.059C134.978 224.414 132.799 219.885 129.848 215.848C132.761 211.814 134.978 207.324 136.689 202.64L137.868 199.464C140.063 193.514 141.363 187.282 141.445 181.01V178.879C141.363 172.567 140.022 166.335 137.868 160.425L136.689 157.249C134.978 152.604 132.799 148.074 129.848 144.038C132.761 140.004 134.978 135.513 136.689 130.83L137.868 127.654C140.063 121.703 141.363 115.472 141.445 109.2V107.069C141.363 100.756 140.022 94.5247 137.868 88.6145L136.689 85.4383C134.978 80.7932 132.799 76.2637 129.848 72.2272C132.761 68.1932 134.978 63.7027 136.689 59.0195L137.868 55.8433C140.063 49.8929 141.363 43.6611 141.445 37.3891V35.2582ZM134.088 39.2385C134.047 40.2838 133.966 41.3292 133.844 42.4147V42.6962C133.722 43.8219 133.6 44.9477 133.397 46.0734C132.34 52.5465 130.47 56.969 129.658 58.6576C128.845 56.969 126.975 52.5465 125.918 46.0734C125.715 44.9075 125.593 43.8219 125.471 42.6962V42.4147C125.393 41.7206 125.348 41.0264 125.305 40.3533C125.281 39.9738 125.257 39.6009 125.227 39.2385V33.2881C125.268 32.2428 125.349 31.1975 125.471 30.1119V29.8305L125.471 29.828C125.593 28.7031 125.715 27.5781 125.918 26.4532C126.975 19.9802 128.845 15.5576 129.658 13.869C130.47 15.5576 132.34 19.9802 133.397 26.4532C133.6 27.6192 133.722 28.7048 133.844 29.8305V30.1119C133.922 30.8059 133.967 31.4998 134.01 32.1727C134.034 32.5522 134.059 32.9258 134.088 33.2881V39.2385ZM134.088 111.049C134.047 112.094 133.966 113.14 133.844 114.225V114.507C133.722 115.632 133.6 116.758 133.397 117.884C132.34 124.357 130.47 128.779 129.658 130.468C128.845 128.779 126.975 124.357 125.918 117.884C125.715 116.718 125.593 115.632 125.471 114.507V114.225C125.393 113.531 125.348 112.837 125.305 112.164C125.281 111.784 125.257 111.411 125.227 111.049V105.099C125.268 104.053 125.349 103.008 125.471 101.922V101.641L125.471 101.638C125.593 100.514 125.715 99.3886 125.918 98.2637C126.975 91.7907 128.845 87.3681 129.658 85.6795C130.47 87.3681 132.34 91.7907 133.397 98.2637C133.6 99.4297 133.722 100.515 133.844 101.641V101.922C133.922 102.616 133.967 103.31 134.01 103.983C134.034 104.363 134.059 104.736 134.088 105.099V111.049ZM134.088 182.859C134.047 183.905 133.966 184.95 133.844 186.036V186.317C133.722 187.443 133.6 188.569 133.397 189.694C132.34 196.167 130.47 200.59 129.658 202.279C128.845 200.59 126.975 196.167 125.918 189.694C125.715 188.528 125.593 187.443 125.471 186.317V186.036C125.393 185.341 125.348 184.647 125.305 183.974C125.281 183.595 125.257 183.222 125.227 182.859V176.909C125.268 175.864 125.349 174.818 125.471 173.733V173.451L125.471 173.449C125.593 172.324 125.715 171.199 125.918 170.074C126.975 163.601 128.845 159.179 129.658 157.49C130.47 159.179 132.34 163.601 133.397 170.074C133.6 171.24 133.722 172.326 133.844 173.451V173.733C133.922 174.427 133.967 175.121 134.01 175.794C134.034 176.173 134.059 176.547 134.088 176.909V182.859ZM134.088 254.67C134.047 255.715 133.966 256.761 133.844 257.846V258.128C133.722 259.253 133.6 260.379 133.397 261.505C132.34 267.978 130.47 272.4 129.658 274.089C128.845 272.4 126.975 267.978 125.918 261.505C125.715 260.339 125.593 259.253 125.471 258.128V257.846C125.393 257.152 125.348 256.458 125.305 255.785C125.281 255.405 125.257 255.032 125.227 254.67V248.72C125.268 247.674 125.349 246.629 125.471 245.543V245.262L125.471 245.259C125.593 244.134 125.715 243.01 125.918 241.885C126.975 235.412 128.845 230.989 129.658 229.3C130.47 230.989 132.34 235.412 133.397 241.885C133.6 243.051 133.722 244.136 133.844 245.262V245.543C133.922 246.237 133.967 246.931 134.01 247.604C134.034 247.984 134.059 248.357 134.088 248.72V254.67Z" fill="url(#paint14_linear_35097_25595)"/>
<path fill-rule="evenodd" clip-rule="evenodd" d="M188.715 35.2582V37.3891C188.633 43.6611 187.333 49.8929 185.138 55.8433L183.959 59.0195C182.209 63.7026 180.03 68.1932 177.118 72.2272C180.069 76.2636 182.248 80.7932 183.959 85.4383L185.138 88.6145C187.292 94.5247 188.633 100.756 188.715 107.069V109.2C188.633 115.472 187.333 121.703 185.138 127.654L183.959 130.83C182.209 135.513 180.03 140.004 177.118 144.038C180.069 148.074 182.248 152.604 183.959 157.249L185.138 160.425C187.292 166.335 188.633 172.567 188.715 178.879V181.01C188.633 187.282 187.333 193.514 185.138 199.464L183.959 202.64C182.209 207.324 180.03 211.814 177.118 215.848C180.069 219.885 182.248 224.414 183.959 229.059L185.138 232.235C187.292 238.146 188.633 244.377 188.715 250.69V252.82C188.633 259.092 187.333 265.324 185.138 271.275L183.959 274.451C182.171 279.235 179.935 283.819 176.928 287.92C176.887 287.96 176.887 288 176.887 288H176.846C176.806 287.96 176.806 287.92 176.806 287.92C173.757 283.819 171.481 279.195 169.774 274.451L168.595 271.275C166.441 265.365 165.1 259.133 165.019 252.82V250.69C165.1 244.418 166.401 238.186 168.595 232.235L169.774 229.059C171.485 224.376 173.702 219.885 176.616 215.851C173.662 211.815 171.446 207.286 169.774 202.64L168.595 199.464C166.441 193.554 165.1 187.322 165.019 181.01V178.879C165.1 172.607 166.401 166.375 168.595 160.425L169.774 157.249C171.485 152.566 173.702 148.075 176.616 144.041C173.662 140.005 171.446 135.475 169.774 130.83L168.595 127.654C166.441 121.744 165.1 115.512 165.019 109.2V107.069C165.1 100.797 166.401 94.5648 168.595 88.6145L169.774 85.4383C171.485 80.7551 173.702 76.2646 176.616 72.2306C173.662 68.1941 171.446 63.6646 169.774 59.0195L168.595 55.8433C166.441 49.9331 165.1 43.7013 165.019 37.3891V35.2582C165.1 28.9862 166.401 22.7544 168.595 16.804L169.774 13.6278C171.522 8.84338 173.798 4.25996 176.806 0.159025C176.846 0.118819 176.846 0.0786276 176.846 0.0786276H176.887C176.928 0.118833 176.928 0.159025 176.928 0.159025C179.976 4.25996 182.211 8.88358 183.959 13.6278L185.138 16.804C187.292 22.7142 188.633 28.946 188.715 35.2582ZM181.358 39.2385V33.2881C181.329 32.9261 181.305 32.5537 181.28 32.1746C181.237 31.5014 181.192 30.8061 181.114 30.1119V29.8305C180.992 28.7048 180.87 27.6192 180.667 26.4532C179.61 19.9802 177.741 15.5576 176.928 13.869C176.115 15.5576 174.245 19.9802 173.188 26.4532C172.985 27.5783 172.863 28.7033 172.741 29.8283L172.741 29.8305V30.1119C172.619 31.1975 172.538 32.2428 172.497 33.2881V39.2385C172.527 39.6007 172.551 39.9734 172.575 40.3527C172.618 41.026 172.663 41.7204 172.741 42.4147V42.6962C172.863 43.8219 172.985 44.9075 173.188 46.0734C174.245 52.5465 176.115 56.969 176.928 58.6576C177.741 56.969 179.61 52.5465 180.667 46.0734C180.87 44.9477 180.992 43.8219 181.114 42.6962V42.4147C181.236 41.3292 181.317 40.2838 181.358 39.2385ZM181.358 111.049V105.099C181.329 104.736 181.305 104.363 181.28 103.984C181.237 103.311 181.192 102.617 181.114 101.922V101.641C180.992 100.515 180.87 99.4297 180.667 98.2637C179.61 91.7907 177.741 87.3681 176.928 85.6795C176.115 87.3681 174.245 91.7907 173.188 98.2637C172.985 99.3887 172.863 100.514 172.741 101.639L172.741 101.641V101.922C172.619 103.008 172.538 104.053 172.497 105.099V111.049C172.527 111.411 172.551 111.784 172.575 112.163C172.618 112.836 172.663 113.531 172.741 114.225V114.507C172.863 115.632 172.985 116.718 173.188 117.884C174.245 124.357 176.115 128.779 176.928 130.468C177.741 128.779 179.61 124.357 180.667 117.884C180.87 116.758 180.992 115.632 181.114 114.507V114.225C181.236 113.14 181.317 112.094 181.358 111.049ZM181.358 182.859V176.909C181.329 176.547 181.305 176.175 181.28 175.796C181.237 175.122 181.192 174.427 181.114 173.733V173.451C180.992 172.326 180.87 171.24 180.667 170.074C179.61 163.601 177.741 159.179 176.928 157.49C176.115 159.179 174.245 163.601 173.188 170.074C172.985 171.199 172.863 172.324 172.741 173.449L172.741 173.451V173.733C172.619 174.818 172.538 175.864 172.497 176.909V182.859C172.527 183.222 172.551 183.594 172.575 183.974C172.618 184.647 172.663 185.341 172.741 186.036V186.317C172.863 187.443 172.985 188.528 173.188 189.694C174.245 196.167 176.115 200.59 176.928 202.279C177.741 200.59 179.61 196.167 180.667 189.694C180.87 188.569 180.992 187.443 181.114 186.317V186.036C181.236 184.95 181.317 183.905 181.358 182.859ZM181.358 254.67V248.72C181.329 248.358 181.305 247.985 181.28 247.606C181.237 246.933 181.192 246.238 181.114 245.543V245.262C180.992 244.136 180.87 243.051 180.667 241.885C179.61 235.412 177.741 230.989 176.928 229.3C176.115 230.989 174.245 235.412 173.188 241.885C172.985 243.01 172.863 244.135 172.741 245.26L172.741 245.262V245.543C172.619 246.629 172.538 247.674 172.497 248.72V254.67C172.527 255.032 172.551 255.405 172.575 255.784C172.618 256.457 172.663 257.152 172.741 257.846V258.128C172.863 259.253 172.985 260.339 173.188 261.505C174.245 267.978 176.115 272.4 176.928 274.089C177.741 272.4 179.61 267.978 180.667 261.505C180.87 260.379 180.992 259.253 181.114 258.128V257.846C181.236 256.761 181.317 255.715 181.358 254.67Z" fill="url(#paint15_linear_35097_25595)"/>
<path fill-rule="evenodd" clip-rule="evenodd" d="M207.533 49.8527C205.786 45.1085 203.55 40.4849 200.502 36.3839C200.542 36.3437 200.542 36.3035 200.542 36.3035C200.502 36.2633 200.502 36.2231 200.502 36.2231C203.509 32.1222 205.786 27.5388 207.533 22.7544L208.712 19.5781C210.907 13.6278 212.207 7.39599 212.289 1.12397V0.0786276H204.932V3.05381C204.891 4.09914 204.81 5.14448 204.688 6.23002V6.51146L204.688 6.51362C204.566 7.63864 204.444 8.76369 204.241 9.88871C203.184 16.3618 201.315 20.7843 200.502 22.4729C199.689 20.7843 197.819 16.3618 196.762 9.88871C196.559 8.72276 196.437 7.6372 196.315 6.51146V6.23002C196.237 5.53591 196.193 4.84181 196.149 4.16872C196.125 3.78914 196.101 3.41624 196.071 3.05381V0.0786276H188.715V1.12397C188.796 7.43619 190.137 13.668 192.291 19.5781L193.47 22.7544C195.218 27.4986 197.453 32.1222 200.502 36.2231C200.461 36.2633 200.461 36.3035 200.461 36.3035C200.502 36.3437 200.502 36.3839 200.502 36.3839C197.494 40.4849 195.218 45.0683 193.47 49.8527L192.291 53.0289C190.097 58.9793 188.796 65.2111 188.715 71.4831V72.9344C188.796 79.2467 190.137 85.4784 192.291 91.3886L193.47 94.5648C195.218 99.3091 197.453 103.933 200.502 108.034C200.461 108.074 200.461 108.114 200.461 108.114C200.502 108.154 200.502 108.194 200.502 108.194C197.494 112.295 195.218 116.879 193.47 121.663L192.291 124.839C190.097 130.79 188.796 137.022 188.715 143.294V144.745C188.796 151.057 190.137 157.289 192.291 163.199L193.47 166.375C195.218 171.12 197.453 175.743 200.502 179.844C200.461 179.884 200.461 179.924 200.461 179.924C200.502 179.965 200.502 180.005 200.502 180.005C197.494 184.106 195.218 188.689 193.47 193.474L192.291 196.65C190.097 202.6 188.796 208.832 188.715 215.104V216.555C188.796 222.868 190.137 229.099 192.291 235.01L193.47 238.186C195.218 242.93 197.453 247.554 200.502 251.654C200.461 251.695 200.461 251.735 200.461 251.735C200.502 251.775 200.502 251.815 200.502 251.815C197.494 255.916 195.218 260.5 193.47 265.284L192.291 268.46C190.097 274.411 188.796 280.642 188.715 286.914V287.96H196.071V284.985C196.112 283.939 196.193 282.894 196.315 281.808V281.527L196.315 281.525C196.437 280.4 196.559 279.275 196.762 278.15C197.819 271.677 199.689 267.254 200.502 265.566C201.315 267.254 203.184 271.677 204.241 278.15C204.444 279.316 204.566 280.401 204.688 281.527V281.808C204.766 282.503 204.811 283.197 204.854 283.87C204.879 284.249 204.903 284.623 204.932 284.985V287.96H212.289V286.914C212.207 280.602 210.866 274.37 208.712 268.46L207.533 265.284C205.786 260.54 203.55 255.916 200.502 251.815C200.542 251.775 200.542 251.735 200.542 251.735C200.502 251.695 200.502 251.654 200.502 251.654C203.509 247.554 205.786 242.97 207.533 238.186L208.712 235.01C210.907 229.059 212.207 222.827 212.289 216.555V215.104C212.207 208.792 210.866 202.56 208.712 196.65L207.533 193.474C205.786 188.729 203.55 184.106 200.502 180.005C200.542 179.965 200.542 179.924 200.542 179.924C200.502 179.884 200.502 179.844 200.502 179.844C203.509 175.743 205.786 171.16 207.533 166.375L208.712 163.199C210.907 157.249 212.207 151.017 212.289 144.745V143.294C212.207 136.981 210.866 130.75 208.712 124.839L207.533 121.663C205.786 116.919 203.55 112.295 200.502 108.194C200.542 108.154 200.542 108.114 200.542 108.114C200.502 108.074 200.502 108.034 200.502 108.034C203.509 103.933 205.786 99.3493 207.533 94.5648L208.712 91.3886C210.907 85.4382 212.207 79.2065 212.289 72.9344V71.4831C212.207 65.1709 210.866 58.9391 208.712 53.0289L207.533 49.8527ZM204.932 141.364C204.903 141.001 204.879 140.629 204.854 140.249C204.811 139.576 204.766 138.882 204.688 138.188V137.906C204.566 136.78 204.444 135.695 204.241 134.529C203.184 128.056 201.315 123.633 200.502 121.945C199.689 123.633 197.819 128.056 196.762 134.529C196.559 135.654 196.437 136.779 196.315 137.904L196.315 137.906V138.188C196.193 139.273 196.112 140.318 196.071 141.364V146.675C196.101 147.037 196.125 147.41 196.149 147.79C196.193 148.463 196.237 149.157 196.315 149.851V150.132C196.437 151.258 196.559 152.344 196.762 153.51C197.819 159.983 199.689 164.405 200.502 166.094C201.315 164.405 203.184 159.983 204.241 153.51C204.444 152.385 204.566 151.26 204.688 150.135L204.688 150.132V149.851C204.81 148.765 204.891 147.72 204.932 146.675V141.364ZM196.071 69.5532C196.112 68.5079 196.193 67.4626 196.315 66.377V66.0956L196.315 66.0936C196.437 64.9685 196.559 63.8434 196.762 62.7184C197.819 56.2453 199.689 51.8227 200.502 50.1341C201.315 51.8227 203.184 56.2453 204.241 62.7184C204.444 63.8843 204.566 64.9698 204.688 66.0956V66.377C204.766 67.0712 204.811 67.7654 204.854 68.4386L204.854 68.4398C204.879 68.8188 204.903 69.1913 204.932 69.5532V74.8643C204.891 75.9096 204.81 76.9549 204.688 78.0405V78.3219L204.688 78.3241C204.566 79.4491 204.444 80.5742 204.241 81.6992C203.184 88.1722 201.315 92.5948 200.502 94.2834C199.689 92.5948 197.819 88.1722 196.762 81.6992C196.559 80.5332 196.437 79.4477 196.315 78.3219V78.0405C196.237 77.3464 196.193 76.6523 196.149 75.9792C196.125 75.5996 196.101 75.2267 196.071 74.8643V69.5532ZM196.071 213.174C196.112 212.129 196.193 211.083 196.315 209.998V209.717L196.315 209.714C196.437 208.589 196.559 207.464 196.762 206.339C197.819 199.866 199.689 195.444 200.502 193.755C201.315 195.444 203.184 199.866 204.241 206.339C204.444 207.505 204.566 208.591 204.688 209.717V209.998C204.766 210.692 204.811 211.386 204.854 212.06L204.854 212.061C204.879 212.44 204.903 212.812 204.932 213.174V218.485C204.891 219.531 204.81 220.576 204.688 221.661V221.943L204.688 221.945C204.566 223.07 204.444 224.195 204.241 225.32C203.184 231.793 201.315 236.216 200.502 237.904C199.689 236.216 197.819 231.793 196.762 225.32C196.559 224.154 196.437 223.069 196.315 221.943V221.661C196.237 220.967 196.193 220.273 196.149 219.6C196.125 219.221 196.101 218.848 196.071 218.485V213.174Z" fill="url(#paint16_linear_35097_25595)"/>
<path fill-rule="evenodd" clip-rule="evenodd" d="M235.822 35.2582V37.3891C235.741 43.6611 234.44 49.8929 232.245 55.8433L231.067 59.0195C229.356 63.7027 227.139 68.1932 224.225 72.2272C227.177 76.2637 229.355 80.7932 231.067 85.4383L232.245 88.6145C234.4 94.5247 235.741 100.756 235.822 107.069V109.2C235.741 115.472 234.44 121.703 232.245 127.654L231.067 130.83C229.356 135.513 227.139 140.004 224.225 144.038C227.177 148.074 229.355 152.604 231.067 157.249L232.245 160.425C234.4 166.335 235.741 172.567 235.822 178.879V181.01C235.741 187.282 234.44 193.514 232.245 199.464L231.067 202.64C229.356 207.324 227.139 211.814 224.225 215.848C227.177 219.885 229.355 224.414 231.067 229.059L232.245 232.235C234.4 238.146 235.741 244.377 235.822 250.69V252.82C235.741 259.092 234.44 265.324 232.245 271.275L231.067 274.451C229.319 279.235 227.043 283.819 224.035 287.92C223.994 287.96 223.994 288 223.994 288H223.954C223.913 287.96 223.913 287.92 223.913 287.92C220.865 283.819 218.629 279.195 216.882 274.451L215.703 271.275C213.549 265.365 212.207 259.133 212.126 252.82V250.69C212.207 244.418 213.508 238.186 215.703 232.235L216.882 229.059C218.592 224.376 220.809 219.885 223.723 215.851C220.772 211.815 218.593 207.286 216.882 202.64L215.703 199.464C213.549 193.554 212.207 187.322 212.126 181.01V178.879C212.207 172.607 213.508 166.375 215.703 160.425L216.882 157.249C218.592 152.566 220.809 148.075 223.723 144.041C220.772 140.005 218.593 135.475 216.882 130.83L215.703 127.654C213.549 121.744 212.207 115.512 212.126 109.2V107.069C212.207 100.797 213.508 94.5648 215.703 88.6145L216.882 85.4383C218.592 80.7551 220.809 76.2645 223.723 72.2305C220.772 68.1941 218.593 63.6646 216.882 59.0195L215.703 55.8433C213.549 49.9331 212.207 43.7013 212.126 37.3891V35.2582C212.207 28.9862 213.508 22.7544 215.703 16.804L216.882 13.6278C218.629 8.84338 220.906 4.25996 223.913 0.159025C223.954 0.118819 223.954 0.0786276 223.954 0.0786276H223.994C224.035 0.118833 224.035 0.159025 224.035 0.159025C227.084 4.25996 229.319 8.88358 231.067 13.6278L232.245 16.804C234.4 22.7142 235.741 28.946 235.822 35.2582ZM228.425 39.2385V33.2881C228.395 32.9258 228.371 32.553 228.347 32.1735C228.304 31.5003 228.259 30.8061 228.181 30.1119V29.8305C228.059 28.7048 227.937 27.6192 227.734 26.4532C226.677 19.9802 224.807 15.5576 223.994 13.869C223.182 15.5576 221.312 19.9802 220.255 26.4532C220.052 27.5783 219.93 28.7033 219.808 29.8283L219.808 29.8305V30.1119C219.686 31.1975 219.605 32.2428 219.564 33.2881V39.2385C219.594 39.6009 219.618 39.9738 219.642 40.3534C219.685 41.0265 219.73 41.7206 219.808 42.4147V42.6962C219.93 43.8219 220.052 44.9075 220.255 46.0734C221.312 52.5465 223.182 56.969 223.994 58.6576C224.807 56.969 226.677 52.5465 227.734 46.0734C227.937 44.9484 228.059 43.8233 228.181 42.6983L228.181 42.6962V42.4147C228.303 41.3292 228.384 40.2838 228.425 39.2385ZM228.425 111.049V105.099C228.395 104.736 228.371 104.363 228.347 103.984C228.304 103.311 228.259 102.617 228.181 101.922V101.641C228.059 100.515 227.937 99.4297 227.734 98.2637C226.677 91.7907 224.807 87.3681 223.994 85.6795C223.182 87.3681 221.312 91.7907 220.255 98.2637C220.052 99.3887 219.93 100.514 219.808 101.639L219.808 101.641V101.922C219.686 103.008 219.605 104.053 219.564 105.099V111.049C219.594 111.411 219.618 111.784 219.642 112.164C219.685 112.837 219.73 113.531 219.808 114.225V114.507C219.93 115.632 220.052 116.718 220.255 117.884C221.312 124.357 223.182 128.779 223.994 130.468C224.807 128.779 226.677 124.357 227.734 117.884C227.937 116.759 228.059 115.634 228.181 114.509L228.181 114.507V114.225C228.303 113.14 228.384 112.094 228.425 111.049ZM228.425 182.859V176.909C228.395 176.547 228.371 176.174 228.347 175.794C228.304 175.121 228.259 174.427 228.181 173.733V173.451C228.059 172.326 227.937 171.24 227.734 170.074C226.677 163.601 224.807 159.179 223.994 157.49C223.182 159.179 221.312 163.601 220.255 170.074C220.052 171.199 219.93 172.324 219.808 173.449L219.808 173.451V173.733C219.686 174.818 219.605 175.864 219.564 176.909V182.859C219.594 183.222 219.618 183.595 219.642 183.974C219.685 184.647 219.73 185.342 219.808 186.036V186.317C219.93 187.443 220.052 188.528 220.255 189.694C221.312 196.167 223.182 200.59 223.994 202.279C224.807 200.59 226.677 196.167 227.734 189.694C227.937 188.569 228.059 187.444 228.181 186.319L228.181 186.317V186.036C228.303 184.95 228.384 183.905 228.425 182.859ZM228.425 254.67V248.72C228.395 248.358 228.371 247.985 228.347 247.606C228.304 246.933 228.259 246.238 228.181 245.543V245.262C228.059 244.136 227.937 243.051 227.734 241.885C226.677 235.412 224.807 230.989 223.994 229.3C223.182 230.989 221.312 235.412 220.255 241.885C220.052 243.01 219.93 244.135 219.808 245.26L219.808 245.262V245.543C219.686 246.629 219.605 247.674 219.564 248.72V254.67C219.594 255.032 219.618 255.405 219.642 255.785C219.685 256.458 219.73 257.152 219.808 257.846V258.128C219.93 259.253 220.052 260.339 220.255 261.505C221.312 267.978 223.182 272.4 223.994 274.089C224.807 272.4 226.677 267.978 227.734 261.505C227.937 260.38 228.059 259.255 228.181 258.13L228.181 258.128V257.846C228.303 256.761 228.384 255.715 228.425 254.67Z" fill="url(#paint17_linear_35097_25595)"/>
<path fill-rule="evenodd" clip-rule="evenodd" d="M283.174 35.2582V37.2685C283.092 43.5405 281.792 49.7723 279.597 55.7226L278.418 58.8988C276.659 63.6055 274.467 68.1176 271.533 72.1672C274.507 76.2188 276.699 80.7702 278.418 85.4383L279.597 88.6145C281.751 94.5247 283.092 100.756 283.174 107.069V109.079C283.092 115.351 281.792 121.583 279.597 127.533L278.418 130.709C276.659 135.416 274.467 139.928 271.533 143.978C274.507 148.029 276.699 152.581 278.418 157.249L279.597 160.425C281.751 166.335 283.092 172.567 283.174 178.879V180.889C283.092 187.161 281.792 193.393 279.597 199.344L278.418 202.52C276.659 207.226 274.467 211.739 271.533 215.788C274.507 219.84 276.699 224.391 278.418 229.059L279.597 232.235C281.751 238.146 283.092 244.377 283.174 250.69V252.7C283.092 258.972 281.792 265.204 279.597 271.154L278.418 274.33C276.63 279.115 274.394 283.698 271.387 287.799C271.378 287.808 271.371 287.817 271.365 287.825C271.359 287.835 271.354 287.845 271.352 287.853C271.346 287.869 271.346 287.879 271.346 287.879H271.305C271.265 287.839 271.265 287.799 271.265 287.799C268.216 283.698 265.94 279.074 264.233 274.33L263.054 271.154C260.9 265.244 259.559 259.012 259.478 252.7V250.69C259.559 244.418 260.859 238.186 263.054 232.235L264.233 229.059C265.952 224.353 268.183 219.84 271.119 215.791C268.143 211.739 265.913 207.188 264.233 202.52L263.054 199.344C260.9 193.433 259.559 187.202 259.478 180.889V178.879C259.559 172.607 260.859 166.375 263.054 160.425L264.233 157.249C265.952 152.542 268.183 148.03 271.119 143.98C268.143 139.929 265.913 135.377 264.233 130.709L263.054 127.533C260.9 121.623 259.559 115.391 259.478 109.079V107.069C259.559 100.797 260.859 94.5648 263.054 88.6145L264.233 85.4383C265.952 80.7316 268.183 76.2195 271.119 72.1699C268.143 68.1183 265.913 63.567 264.233 58.8988L263.054 55.7226C260.9 49.8125 259.559 43.5807 259.478 37.2685V35.2582C259.559 28.9862 260.859 22.7544 263.054 16.804L264.233 13.6278C265.981 8.84338 268.257 4.25996 271.265 0.159025C271.305 0.118819 271.305 0.0786276 271.305 0.0786276H271.346C271.387 0.118833 271.387 0.159025 271.387 0.159025C274.435 4.25996 276.671 8.88358 278.418 13.6278L279.597 16.804C281.751 22.7142 283.092 28.946 283.174 35.2582ZM275.492 42.3343C275.614 41.2488 275.695 40.2034 275.736 39.1581V33.3283C275.706 32.9663 275.682 32.5939 275.658 32.2148L275.658 32.2137C275.615 31.5405 275.57 30.8463 275.492 30.1521V29.8707C275.37 28.745 275.248 27.6594 275.045 26.4935C273.988 20.0204 272.118 15.5978 271.305 13.9092C270.492 15.5978 268.623 20.0204 267.566 26.4935C267.363 27.6192 267.241 28.745 267.119 29.8707V30.1521C266.997 31.2377 266.916 32.283 266.875 33.3283V39.1581C266.904 39.5201 266.928 39.8924 266.953 40.2715C266.996 40.9447 267.041 41.6401 267.119 42.3343V42.6158C267.241 43.7415 267.363 44.827 267.566 45.993C268.623 52.466 270.492 56.8886 271.305 58.5772C272.118 56.8886 273.988 52.466 275.045 45.993C275.248 44.8672 275.37 43.7415 275.492 42.6158V42.3343ZM275.492 114.145C275.614 113.059 275.695 112.014 275.736 110.969V105.139C275.706 104.777 275.682 104.404 275.658 104.025L275.658 104.024C275.615 103.351 275.57 102.657 275.492 101.963V101.681C275.37 100.555 275.248 99.4699 275.045 98.3039C273.988 91.8309 272.118 87.4083 271.305 85.7197C270.492 87.4083 268.623 91.8309 267.566 98.3039C267.363 99.4297 267.241 100.555 267.119 101.681V101.963C266.997 103.048 266.916 104.093 266.875 105.139V110.969C266.904 111.331 266.928 111.703 266.953 112.082L266.953 112.083C266.996 112.756 267.041 113.451 267.119 114.145V114.426C267.241 115.552 267.363 116.637 267.566 117.803C268.623 124.276 270.492 128.699 271.305 130.388C272.118 128.699 273.988 124.276 275.045 117.803C275.248 116.678 275.37 115.552 275.492 114.426V114.145ZM275.492 185.955C275.614 184.87 275.695 183.824 275.736 182.779V176.949C275.706 176.587 275.682 176.215 275.658 175.836L275.658 175.835C275.615 175.161 275.57 174.467 275.492 173.773V173.492C275.37 172.366 275.248 171.28 275.045 170.114C273.988 163.641 272.118 159.219 271.305 157.53C270.492 159.219 268.623 163.641 267.566 170.114C267.363 171.24 267.241 172.366 267.119 173.492V173.773C266.997 174.859 266.916 175.904 266.875 176.949V182.779C266.904 183.141 266.928 183.513 266.953 183.892C266.996 184.566 267.041 185.261 267.119 185.955V186.237C267.241 187.362 267.363 188.448 267.566 189.614C268.623 196.087 270.492 200.51 271.305 202.198C272.118 200.51 273.988 196.087 275.045 189.614C275.248 188.488 275.37 187.362 275.492 186.237V185.955ZM275.492 257.766C275.614 256.68 275.695 255.635 275.736 254.589V248.76C275.706 248.398 275.682 248.025 275.658 247.646L275.658 247.645C275.615 246.972 275.57 246.278 275.492 245.584V245.302C275.37 244.176 275.248 243.091 275.045 241.925C273.988 235.452 272.118 231.029 271.305 229.341C270.492 231.029 268.623 235.452 267.566 241.925C267.363 243.051 267.241 244.176 267.119 245.302V245.584C266.997 246.669 266.916 247.714 266.875 248.76V254.589C266.904 254.951 266.928 255.324 266.953 255.703L266.953 255.704C266.996 256.377 267.041 257.071 267.119 257.766V258.047C267.241 259.173 267.363 260.258 267.566 261.424C268.623 267.897 270.492 272.32 271.305 274.009C272.118 272.32 273.988 267.897 275.045 261.424C275.248 260.299 275.37 259.173 275.492 258.047V257.766Z" fill="url(#paint18_linear_35097_25595)"/>
<path fill-rule="evenodd" clip-rule="evenodd" d="M301.952 49.8527C300.204 45.1085 297.969 40.4849 294.92 36.3839C294.961 36.3437 294.961 36.3035 294.961 36.3035C294.92 36.2633 294.92 36.2231 294.92 36.2231C297.928 32.1222 300.204 27.5388 301.952 22.7544L303.13 19.5781C305.325 13.6278 306.626 7.39599 306.707 1.12397V0.0786276H299.35V3.05381C299.31 4.09914 299.229 5.14448 299.107 6.23002V6.51146C298.985 7.6372 298.863 8.76297 298.66 9.88871C297.603 16.3618 295.733 20.7843 294.92 22.4729C294.107 20.7843 292.238 16.3618 291.181 9.88871C290.978 8.72276 290.856 7.6372 290.734 6.51146V6.23002C290.656 5.53629 290.611 4.84255 290.568 4.16981L290.568 4.16831C290.543 3.7892 290.519 3.41581 290.49 3.05381V0.0786276H283.133V1.12397C283.214 7.43619 284.556 13.668 286.71 19.5781L287.889 22.7544C289.636 27.4986 291.872 32.1222 294.92 36.2231C294.88 36.2633 294.88 36.3035 294.88 36.3035C294.92 36.3437 294.92 36.3839 294.92 36.3839C291.912 40.4849 289.636 45.0683 287.889 49.8527L286.71 53.0289C284.515 58.9793 283.214 65.2111 283.133 71.4831V72.9344C283.214 79.2467 284.556 85.4784 286.71 91.3886L287.889 94.5648C289.636 99.3091 291.872 103.933 294.92 108.034C294.88 108.074 294.88 108.114 294.88 108.114C294.92 108.154 294.92 108.194 294.92 108.194C291.912 112.295 289.636 116.879 287.889 121.663L286.71 124.839C284.515 130.79 283.214 137.022 283.133 143.294V144.745C283.214 151.057 284.556 157.289 286.71 163.199L287.889 166.375C289.636 171.12 291.872 175.743 294.92 179.844C294.88 179.884 294.88 179.924 294.88 179.924C294.92 179.965 294.92 180.005 294.92 180.005C291.912 184.106 289.636 188.689 287.889 193.474L286.71 196.65C284.515 202.6 283.214 208.832 283.133 215.104V216.555C283.214 222.868 284.556 229.099 286.71 235.01L287.889 238.186C289.636 242.93 291.872 247.554 294.92 251.654C294.88 251.695 294.88 251.735 294.88 251.735C294.92 251.775 294.92 251.815 294.92 251.815C291.912 255.916 289.636 260.5 287.889 265.284L286.71 268.46C284.515 274.411 283.214 280.642 283.133 286.914V287.96H290.49V284.985C290.53 283.939 290.612 282.894 290.734 281.808V281.527L290.734 281.523C290.856 280.398 290.978 279.274 291.181 278.15C292.238 271.677 294.107 267.254 294.92 265.566C295.733 267.254 297.603 271.677 298.66 278.15C298.863 279.316 298.985 280.401 299.107 281.527V281.808C299.185 282.503 299.229 283.197 299.273 283.87L299.281 284.003L299.296 284.234C299.313 284.488 299.331 284.739 299.35 284.985V287.96H306.707V286.914C306.626 280.602 305.285 274.37 303.13 268.46L301.952 265.284C300.204 260.54 297.969 255.916 294.92 251.815C294.961 251.775 294.961 251.735 294.961 251.735C294.948 251.723 294.94 251.711 294.934 251.7C294.932 251.696 294.93 251.692 294.929 251.689L294.926 251.681C294.92 251.665 294.92 251.654 294.92 251.654C297.928 247.554 300.204 242.97 301.952 238.186L303.13 235.01C305.325 229.059 306.626 222.827 306.707 216.555V215.104C306.626 208.792 305.285 202.56 303.13 196.65L301.952 193.474C300.204 188.729 297.969 184.106 294.92 180.005C294.961 179.965 294.961 179.924 294.961 179.924C294.92 179.884 294.92 179.844 294.92 179.844C297.928 175.743 300.204 171.16 301.952 166.375L303.13 163.199C305.325 157.249 306.626 151.017 306.707 144.745V143.294C306.626 136.981 305.285 130.75 303.13 124.839L301.952 121.663C300.204 116.919 297.969 112.295 294.92 108.194C294.961 108.154 294.961 108.114 294.961 108.114C294.941 108.094 294.931 108.075 294.926 108.06C294.92 108.044 294.92 108.034 294.92 108.034C297.928 103.933 300.204 99.3493 301.952 94.5648L303.13 91.3886C305.325 85.4382 306.626 79.2065 306.707 72.9344V71.4831C306.626 65.1709 305.285 58.9391 303.13 53.0289L301.952 49.8527ZM299.35 141.364C299.322 141.005 299.298 140.637 299.274 140.261L299.273 140.258L299.273 140.256L299.273 140.254L299.273 140.253L299.273 140.252L299.273 140.25L299.273 140.249C299.229 139.576 299.185 138.882 299.107 138.188V137.906C298.985 136.78 298.863 135.695 298.66 134.529C297.603 128.056 295.733 123.633 294.92 121.945C294.107 123.633 292.238 128.056 291.181 134.529C290.978 135.653 290.856 136.778 290.734 137.902L290.734 137.906V138.188C290.612 139.273 290.53 140.318 290.49 141.364V146.675C290.519 147.037 290.543 147.409 290.568 147.788L290.568 147.79C290.611 148.463 290.656 149.157 290.734 149.851V150.132C290.856 151.258 290.978 152.344 291.181 153.51C292.238 159.983 294.107 164.405 294.92 166.094C295.733 164.405 297.603 159.983 298.66 153.51C298.863 152.384 298.985 151.258 299.107 150.132V149.851C299.229 148.765 299.31 147.72 299.35 146.675V141.364ZM290.49 69.5532C290.53 68.5079 290.612 67.4626 290.734 66.377V66.0956L290.734 66.0915C290.856 64.9671 290.978 63.8427 291.181 62.7184C292.238 56.2453 294.107 51.8227 294.92 50.1341C295.733 51.8227 297.603 56.2453 298.66 62.7184C298.863 63.8843 298.985 64.9698 299.107 66.0956V66.377C299.185 67.0711 299.229 67.7652 299.273 68.4383L299.273 68.4406L299.273 68.442C299.297 68.8203 299.321 69.192 299.35 69.5532V74.8643C299.31 75.9096 299.229 76.9549 299.107 78.0405V78.3219C298.985 79.4477 298.863 80.5734 298.66 81.6992C297.603 88.1722 295.733 92.5948 294.92 94.2834C294.107 92.5948 292.238 88.1722 291.181 81.6992C290.978 80.5332 290.856 79.4477 290.734 78.3219V78.0405C290.656 77.3467 290.611 76.653 290.568 75.9802L290.568 75.9787C290.543 75.5996 290.519 75.2263 290.49 74.8643V69.5532ZM290.49 213.174C290.53 212.129 290.612 211.083 290.734 209.998V209.717L290.734 209.712C290.856 208.588 290.978 207.464 291.181 206.339C292.238 199.866 294.107 195.444 294.92 193.755C295.733 195.444 297.603 199.866 298.66 206.339C298.863 207.505 298.985 208.591 299.107 209.717V209.998C299.185 210.692 299.229 211.386 299.273 212.059L299.273 212.061L299.273 212.063L299.273 212.065C299.297 212.442 299.321 212.813 299.35 213.174V218.485C299.31 219.531 299.229 220.576 299.107 221.661V221.943C298.985 223.069 298.863 224.194 298.66 225.32C297.603 231.793 295.733 236.216 294.92 237.904C294.107 236.216 292.238 231.793 291.181 225.32C290.978 224.154 290.856 223.069 290.734 221.943V221.661C290.656 220.968 290.611 220.274 290.568 219.601L290.568 219.6C290.543 219.221 290.519 218.847 290.49 218.485V213.174Z" fill="url(#paint19_linear_35097_25595)"/>
<path fill-rule="evenodd" clip-rule="evenodd" d="M349.303 49.8527C347.555 45.1085 345.32 40.4849 342.272 36.3839C342.312 36.3437 342.312 36.3035 342.312 36.3035C342.271 36.2633 342.272 36.2231 342.272 36.2231C345.279 32.1222 347.515 27.5388 349.303 22.7544L350.482 19.5781C352.677 13.6278 353.977 7.39599 354.059 1.12397V0.0786276H346.702V3.05381C346.661 4.09914 346.58 5.14448 346.458 6.23002V6.51146C346.336 7.6372 346.214 8.76297 346.011 9.88871C344.954 16.3618 343.084 20.7843 342.272 22.4729C341.459 20.7843 339.589 16.3618 338.532 9.88871C338.329 8.72276 338.207 7.6372 338.085 6.51146V6.23002C338.007 5.53574 337.962 4.84146 337.919 4.16821L337.919 4.16706L337.919 4.16576L337.919 4.16432L337.919 4.16272L337.919 4.16097L337.918 4.15906L337.918 4.15699C337.894 3.78146 337.87 3.41251 337.841 3.05381V0.0786276H330.485V1.12397C330.566 7.43619 331.907 13.668 334.061 19.5781L335.24 22.7544C336.947 27.4986 339.223 32.1222 342.272 36.2231C342.231 36.2633 342.231 36.3035 342.231 36.3035C342.272 36.3437 342.272 36.3839 342.272 36.3839C339.264 40.4849 336.988 45.0683 335.24 49.8527L334.061 53.0289C331.866 58.9793 330.566 65.2111 330.485 71.4831V72.9344C330.566 79.2467 331.907 85.4784 334.061 91.3886L335.24 94.5648C336.947 99.3091 339.223 103.933 342.272 108.034C342.231 108.074 342.231 108.114 342.231 108.114C342.272 108.154 342.272 108.194 342.272 108.194C339.264 112.295 336.988 116.879 335.24 121.663L334.061 124.839C331.866 130.79 330.566 137.022 330.485 143.294V144.745C330.566 151.057 331.907 157.289 334.061 163.199L335.24 166.375C336.947 171.12 339.223 175.743 342.272 179.844C342.231 179.884 342.231 179.924 342.231 179.924C342.272 179.965 342.272 180.005 342.272 180.005C339.264 184.106 336.988 188.689 335.24 193.474L334.061 196.65C331.866 202.6 330.566 208.832 330.485 215.104V216.555C330.566 222.868 331.907 229.099 334.061 235.01L335.24 238.186C336.947 242.93 339.223 247.554 342.272 251.654C342.231 251.695 342.231 251.735 342.231 251.735C342.272 251.775 342.272 251.815 342.272 251.815C339.264 255.916 336.988 260.5 335.24 265.284L334.061 268.46C331.866 274.411 330.566 280.642 330.485 286.914V287.96H337.841V284.985C337.882 283.939 337.963 282.894 338.085 281.808V281.527L338.085 281.524C338.207 280.399 338.329 279.275 338.532 278.15C339.589 271.677 341.459 267.254 342.272 265.566C343.084 267.254 344.954 271.677 346.011 278.15C346.214 279.316 346.336 280.401 346.458 281.527V281.808C346.536 282.503 346.581 283.197 346.624 283.87C346.648 284.249 346.673 284.622 346.702 284.985V287.96H354.059V286.914C353.977 280.602 352.636 274.37 350.482 268.46L349.303 265.284C347.555 260.54 345.32 255.916 342.272 251.815C342.312 251.775 342.312 251.735 342.312 251.735C342.271 251.695 342.272 251.654 342.272 251.654C345.279 247.554 347.515 242.97 349.303 238.186L350.482 235.01C352.677 229.059 353.977 222.827 354.059 216.555V215.104C353.977 208.792 352.636 202.56 350.482 196.65L349.303 193.474C347.555 188.729 345.32 184.106 342.272 180.005C342.312 179.965 342.312 179.924 342.312 179.924C342.271 179.884 342.272 179.844 342.272 179.844C345.279 175.743 347.515 171.16 349.303 166.375L350.482 163.199C352.677 157.249 353.977 151.017 354.059 144.745V143.294C353.977 136.981 352.636 130.75 350.482 124.839L349.303 121.663C347.555 116.919 345.32 112.295 342.272 108.194C342.312 108.154 342.312 108.114 342.312 108.114C342.271 108.074 342.272 108.034 342.272 108.034C345.279 103.933 347.515 99.3493 349.303 94.5648L350.482 91.3886C352.677 85.4382 353.977 79.2065 354.059 72.9344V71.4831C353.977 65.1709 352.636 58.9391 350.482 53.0289L349.303 49.8527ZM346.702 141.364C346.673 141.001 346.648 140.628 346.624 140.249C346.581 139.576 346.536 138.882 346.458 138.188V137.906C346.336 136.78 346.214 135.695 346.011 134.529C344.954 128.056 343.084 123.633 342.272 121.945C341.459 123.633 339.589 128.056 338.532 134.529C338.329 135.654 338.207 136.778 338.085 137.903L338.085 137.906V138.188C337.963 139.273 337.882 140.318 337.841 141.364V146.675C337.87 147.033 337.894 147.402 337.918 147.778L337.918 147.78L337.919 147.782L337.919 147.784L337.919 147.785L337.919 147.787L337.919 147.788L337.919 147.789C337.962 148.462 338.007 149.157 338.085 149.851V150.132C338.207 151.258 338.329 152.344 338.532 153.51C339.589 159.983 341.459 164.405 342.272 166.094C343.084 164.405 344.954 159.983 346.011 153.51C346.214 152.384 346.336 151.258 346.458 150.132V149.851C346.58 148.765 346.661 147.72 346.702 146.675V141.364ZM337.841 69.5532C337.882 68.5079 337.963 67.4626 338.085 66.377V66.0956L338.085 66.0929C338.207 64.968 338.329 63.8432 338.532 62.7184C339.589 56.2453 341.459 51.8227 342.272 50.1341C343.084 51.8227 344.954 56.2453 346.011 62.7184C346.214 63.8843 346.336 64.9698 346.458 66.0956V66.377C346.536 67.0711 346.581 67.7653 346.624 68.4384C346.648 68.8179 346.673 69.1908 346.702 69.5532V74.8643C346.661 75.9096 346.58 76.9549 346.458 78.0405V78.3219C346.336 79.4477 346.214 80.5734 346.011 81.6992C344.954 88.1722 343.084 92.5948 342.272 94.2834C341.459 92.5948 339.589 88.1722 338.532 81.6992C338.329 80.5332 338.207 79.4477 338.085 78.3219V78.0405C338.007 77.3462 337.962 76.6519 337.919 75.9787L337.919 75.9775L337.919 75.9761L337.919 75.9746L337.919 75.9729L337.919 75.971C337.894 75.5943 337.87 75.2241 337.841 74.8643V69.5532ZM337.841 213.174C337.882 212.129 337.963 211.083 338.085 209.998V209.717L338.085 209.714C338.207 208.589 338.329 207.464 338.532 206.339C339.589 199.866 341.459 195.444 342.272 193.755C343.084 195.444 344.954 199.866 346.011 206.339C346.214 207.505 346.336 208.591 346.458 209.717V209.998C346.536 210.692 346.581 211.386 346.624 212.059C346.648 212.439 346.673 212.812 346.702 213.174V218.485C346.661 219.531 346.58 220.576 346.458 221.661V221.943C346.336 223.069 346.214 224.194 346.011 225.32C344.954 231.793 343.084 236.216 342.272 237.904C341.459 236.216 339.589 231.793 338.532 225.32C338.329 224.154 338.207 223.069 338.085 221.943V221.661C338.007 220.967 337.962 220.273 337.919 219.6L337.919 219.598L337.919 219.597L337.919 219.595L337.919 219.594L337.919 219.592L337.918 219.59C337.894 219.214 337.87 218.844 337.841 218.485V213.174Z" fill="url(#paint20_linear_35097_25595)"/>
<path fill-rule="evenodd" clip-rule="evenodd" d="M377.592 35.2582V37.3891C377.511 43.6611 376.21 49.8929 374.015 55.8433L372.837 59.0195C371.086 63.7026 368.907 68.1932 365.995 72.2272C368.947 76.2636 371.125 80.7932 372.837 85.4383L374.015 88.6145C376.169 94.5247 377.511 100.756 377.592 107.069V109.2C377.511 115.472 376.21 121.703 374.015 127.654L372.837 130.83C371.086 135.513 368.907 140.004 365.995 144.038C368.947 148.074 371.125 152.604 372.837 157.249L374.015 160.425C376.169 166.335 377.511 172.567 377.592 178.879V181.01C377.511 187.282 376.21 193.514 374.015 199.464L372.837 202.64C371.086 207.324 368.907 211.814 365.995 215.848C368.947 219.885 371.125 224.414 372.837 229.059L374.015 232.235C376.169 238.146 377.511 244.377 377.592 250.69V252.82C377.511 259.092 376.21 265.324 374.015 271.275L372.837 274.451C371.048 279.235 368.813 283.819 365.805 287.92C365.786 287.939 365.776 287.958 365.77 287.972C365.767 287.98 365.766 287.987 365.765 287.992C365.764 287.997 365.764 288 365.764 288H365.724C365.683 287.96 365.683 287.92 365.683 287.92C362.635 283.819 360.359 279.195 358.651 274.451L357.473 271.275C355.319 265.365 353.977 259.133 353.896 252.82V250.69C353.977 244.418 355.278 238.186 357.473 232.235L358.651 229.059C360.362 224.376 362.579 219.885 365.493 215.851C362.54 211.815 360.323 207.286 358.651 202.64L357.473 199.464C355.319 193.554 353.977 187.322 353.896 181.01V178.879C353.977 172.607 355.278 166.375 357.473 160.425L358.651 157.249C360.362 152.566 362.579 148.075 365.493 144.041C362.54 140.005 360.323 135.475 358.651 130.83L357.473 127.654C355.319 121.744 353.977 115.512 353.896 109.2V107.069C353.977 100.797 355.278 94.5648 357.473 88.6145L358.651 85.4383C360.362 80.7551 362.579 76.2646 365.493 72.2306C362.54 68.1941 360.323 63.6646 358.651 59.0195L357.473 55.8433C355.319 49.9331 353.977 43.7013 353.896 37.3891V35.2582C353.977 28.9862 355.278 22.7544 357.473 16.804L358.651 13.6278C360.399 8.84338 362.675 4.25996 365.683 0.159025C365.724 0.118819 365.724 0.0786276 365.724 0.0786276H365.764C365.805 0.118833 365.805 0.159025 365.805 0.159025C368.853 4.25996 371.089 8.88358 372.837 13.6278L374.015 16.804C376.169 22.7142 377.511 28.946 377.592 35.2582ZM370.195 39.2385V33.2881C370.165 32.9257 370.141 32.5528 370.117 32.1733C370.074 31.5002 370.029 30.8061 369.951 30.1119V29.8305C369.829 28.7048 369.707 27.6192 369.504 26.4532C368.447 19.9802 366.577 15.5576 365.764 13.869C364.951 15.5576 363.082 19.9802 362.025 26.4532C361.822 27.5785 361.7 28.7038 361.578 29.829L361.578 29.8305V30.1119C361.456 31.1975 361.375 32.2428 361.334 33.2881V39.2385C361.363 39.5994 361.387 39.9706 361.411 40.3485L361.412 40.35L361.412 40.3514L361.412 40.3542C361.455 41.027 361.5 41.7209 361.578 42.4147V42.6962C361.7 43.8219 361.822 44.9075 362.025 46.0734C363.082 52.5465 364.951 56.969 365.764 58.6576C366.577 56.969 368.447 52.5465 369.504 46.0734C369.707 44.9477 369.829 43.8219 369.951 42.6962V42.4147C370.073 41.3292 370.154 40.2838 370.195 39.2385ZM370.195 111.049V105.099C370.165 104.736 370.141 104.363 370.117 103.984C370.074 103.311 370.029 102.617 369.951 101.922V101.641C369.829 100.515 369.707 99.4297 369.504 98.2637C368.447 91.7907 366.577 87.3681 365.764 85.6795C364.951 87.3681 363.082 91.7907 362.025 98.2637C361.822 99.389 361.7 100.514 361.578 101.64L361.578 101.641V101.922C361.456 103.008 361.375 104.053 361.334 105.099V111.049C361.363 111.41 361.387 111.782 361.411 112.16L361.412 112.162L361.412 112.165C361.455 112.837 361.5 113.531 361.578 114.225V114.507C361.7 115.632 361.822 116.718 362.025 117.884C363.082 124.357 364.951 128.779 365.764 130.468C366.577 128.779 368.447 124.357 369.504 117.884C369.707 116.758 369.829 115.632 369.951 114.507V114.225C370.073 113.14 370.154 112.094 370.195 111.049ZM370.195 182.859V176.909C370.165 176.547 370.141 176.174 370.117 175.794C370.074 175.121 370.029 174.427 369.951 173.733V173.451C369.829 172.326 369.707 171.24 369.504 170.074C368.447 163.601 366.577 159.179 365.764 157.49C364.951 159.179 363.082 163.601 362.025 170.074C361.822 171.199 361.7 172.325 361.578 173.45L361.578 173.451V173.733C361.456 174.818 361.375 175.864 361.334 176.909V182.859C361.363 183.22 361.387 183.59 361.411 183.968L361.411 183.969L361.412 183.971L361.412 183.972L361.412 183.975C361.455 184.648 361.5 185.342 361.578 186.036V186.317C361.7 187.443 361.822 188.528 362.025 189.694C363.082 196.167 364.951 200.59 365.764 202.279C366.577 200.59 368.447 196.167 369.504 189.694C369.707 188.569 369.829 187.443 369.951 186.317V186.036C370.073 184.95 370.154 183.905 370.195 182.859ZM370.195 254.67V248.72C370.165 248.357 370.141 247.984 370.117 247.605C370.074 246.932 370.029 246.237 369.951 245.543V245.262C369.829 244.136 369.707 243.051 369.504 241.885C368.447 235.412 366.577 230.989 365.764 229.3C364.951 230.989 363.082 235.412 362.025 241.885C361.822 243.01 361.7 244.135 361.578 245.26L361.578 245.262V245.543C361.456 246.629 361.375 247.674 361.334 248.72V254.67C361.363 255.032 361.387 255.404 361.412 255.783L361.412 255.786C361.455 256.458 361.5 257.152 361.578 257.846V258.128C361.7 259.253 361.822 260.339 362.025 261.505C363.082 267.978 364.951 272.4 365.764 274.089C366.577 272.4 368.447 267.978 369.504 261.505C369.707 260.379 369.829 259.253 369.951 258.128V257.846C370.073 256.761 370.154 255.715 370.195 254.67Z" fill="url(#paint21_linear_35097_25595)"/>
<path fill-rule="evenodd" clip-rule="evenodd" d="M396.37 49.8527C394.622 45.1085 392.387 40.4849 389.338 36.3839C389.379 36.3437 389.379 36.3035 389.379 36.3035C389.338 36.2633 389.338 36.2231 389.338 36.2231C392.346 32.1222 394.622 27.5388 396.37 22.7544L397.549 19.5781C399.744 13.6278 401.044 7.39599 401.125 1.12397V0.0786276H393.769V3.05381C393.728 4.09914 393.647 5.14448 393.525 6.23002V6.51146L393.525 6.51292C393.403 7.63818 393.281 8.76345 393.078 9.88871C392.021 16.3618 390.151 20.7843 389.338 22.4729C388.525 20.7843 386.656 16.3618 385.599 9.88871C385.396 8.72276 385.274 7.6372 385.152 6.51146V6.23002C385.074 5.53574 385.029 4.84146 384.986 4.16821L384.986 4.16706L384.986 4.16576L384.986 4.16432L384.985 4.16272L384.985 4.16097L384.985 4.15906L384.985 4.15699C384.961 3.78146 384.937 3.41251 384.908 3.05381V0.0786276H377.551V1.12397C377.633 7.43619 378.974 13.668 381.128 19.5781L382.307 22.7544C384.055 27.4986 386.29 32.1222 389.338 36.2231C389.298 36.2633 389.298 36.3035 389.298 36.3035C389.338 36.3437 389.338 36.3839 389.338 36.3839C386.331 40.4849 384.055 45.0683 382.307 49.8527L381.128 53.0289C378.933 58.9793 377.633 65.2111 377.551 71.4831V72.9344C377.633 79.2467 378.974 85.4784 381.128 91.3886L382.307 94.5648C384.055 99.3091 386.29 103.933 389.338 108.034C389.321 108.05 389.311 108.067 389.306 108.081C389.298 108.1 389.298 108.114 389.298 108.114C389.318 108.134 389.328 108.153 389.333 108.168C389.335 108.174 389.336 108.178 389.337 108.183C389.338 108.19 389.338 108.194 389.338 108.194C386.331 112.295 384.055 116.879 382.307 121.663L381.128 124.839C378.933 130.79 377.633 137.022 377.551 143.294V144.745C377.633 151.057 378.974 157.289 381.128 163.199L382.307 166.375C384.055 171.12 386.29 175.743 389.338 179.844C389.298 179.884 389.298 179.924 389.298 179.924C389.338 179.965 389.338 180.005 389.338 180.005C386.331 184.106 384.055 188.689 382.307 193.474L381.128 196.65C378.933 202.6 377.633 208.832 377.551 215.104V216.555C377.633 222.868 378.974 229.099 381.128 235.01L382.307 238.186C384.055 242.93 386.29 247.554 389.338 251.654C389.298 251.695 389.298 251.735 389.298 251.735C389.338 251.775 389.338 251.815 389.338 251.815C386.331 255.916 384.055 260.5 382.307 265.284L381.128 268.46C378.933 274.411 377.633 280.642 377.551 286.914V287.96H384.908V284.985C384.949 283.939 385.03 282.894 385.152 281.808V281.527C385.274 280.401 385.396 279.275 385.599 278.15C386.656 271.677 388.525 267.254 389.338 265.566C390.151 267.254 392.021 271.677 393.078 278.15C393.281 279.316 393.403 280.401 393.525 281.527V281.808C393.603 282.503 393.648 283.197 393.691 283.87C393.715 284.249 393.739 284.622 393.769 284.985V287.96H401.125V286.914C401.044 280.602 399.703 274.37 397.549 268.46L396.37 265.284C394.622 260.54 392.387 255.916 389.338 251.815C389.379 251.775 389.379 251.735 389.379 251.735C389.365 251.721 389.356 251.708 389.35 251.696C389.338 251.672 389.338 251.654 389.338 251.654C392.346 247.554 394.622 242.97 396.37 238.186L397.549 235.01C399.744 229.059 401.044 222.827 401.125 216.555V215.104C401.044 208.792 399.703 202.56 397.549 196.65L396.37 193.474C394.622 188.729 392.387 184.106 389.338 180.005C389.379 179.965 389.379 179.924 389.379 179.924C389.338 179.884 389.338 179.844 389.338 179.844C392.346 175.743 394.622 171.16 396.37 166.375L397.549 163.199C399.744 157.249 401.044 151.017 401.125 144.745V143.294C401.044 136.981 399.703 130.75 397.549 124.839L396.37 121.663C394.622 116.919 392.387 112.295 389.338 108.194C389.359 108.174 389.369 108.154 389.374 108.139C389.375 108.135 389.376 108.131 389.377 108.128L389.378 108.121L389.379 108.116L389.379 108.114C389.338 108.074 389.338 108.034 389.338 108.034C392.346 103.933 394.622 99.3493 396.37 94.5648L397.549 91.3886C399.744 85.4382 401.044 79.2065 401.125 72.9344V71.4831C401.044 65.1709 399.703 58.9391 397.549 53.0289L396.37 49.8527ZM393.769 141.364C393.739 141.001 393.715 140.628 393.691 140.249C393.648 139.576 393.603 138.882 393.525 138.188V137.906C393.403 136.78 393.281 135.695 393.078 134.529C392.021 128.056 390.151 123.633 389.338 121.945C388.525 123.633 386.656 128.056 385.599 134.529C385.396 135.655 385.274 136.78 385.152 137.906V138.188C385.03 139.273 384.949 140.318 384.908 141.364V146.675C384.937 147.033 384.961 147.402 384.985 147.778L384.985 147.78L384.985 147.782L384.985 147.784L384.986 147.785L384.986 147.787L384.986 147.788L384.986 147.789C385.029 148.462 385.074 149.157 385.152 149.851V150.132C385.274 151.258 385.396 152.344 385.599 153.51C386.656 159.983 388.525 164.405 389.338 166.094C390.151 164.405 392.021 159.983 393.078 153.51C393.281 152.384 393.403 151.259 393.525 150.134L393.525 150.132V149.851C393.647 148.765 393.728 147.72 393.769 146.675V141.364ZM384.908 69.5532C384.949 68.5079 385.03 67.4626 385.152 66.377V66.0956C385.274 64.9698 385.396 63.8441 385.599 62.7184C386.656 56.2453 388.525 51.8227 389.338 50.1341C390.151 51.8227 392.021 56.2453 393.078 62.7184C393.281 63.8843 393.403 64.9698 393.525 66.0956V66.377C393.603 67.0711 393.648 67.7653 393.691 68.4384C393.715 68.8179 393.739 69.1908 393.769 69.5532V74.8643C393.728 75.9096 393.647 76.9549 393.525 78.0405V78.3219L393.525 78.3234C393.403 79.4486 393.281 80.5739 393.078 81.6992C392.021 88.1722 390.151 92.5948 389.338 94.2834C388.525 92.5948 386.656 88.1722 385.599 81.6992C385.396 80.5332 385.274 79.4477 385.152 78.3219V78.0405C385.074 77.3462 385.029 76.6519 384.986 75.9787C384.961 75.5993 384.937 75.2265 384.908 74.8643V69.5532ZM384.908 213.174C384.949 212.129 385.03 211.083 385.152 209.998V209.717C385.274 208.591 385.396 207.465 385.599 206.339C386.656 199.866 388.525 195.444 389.338 193.755C390.151 195.444 392.021 199.866 393.078 206.339C393.281 207.505 393.403 208.591 393.525 209.717V209.998C393.603 210.692 393.648 211.386 393.691 212.059C393.715 212.439 393.739 212.812 393.769 213.174V218.485C393.728 219.531 393.647 220.576 393.525 221.661V221.943L393.525 221.944C393.403 223.07 393.281 224.195 393.078 225.32C392.021 231.793 390.151 236.216 389.338 237.904C388.525 236.216 386.656 231.793 385.599 225.32C385.396 224.154 385.274 223.069 385.152 221.943V221.661C385.074 220.967 385.029 220.273 384.986 219.6L384.986 219.598C384.961 219.219 384.937 218.847 384.908 218.485V213.174Z" fill="url(#paint22_linear_35097_25595)"/>
<path fill-rule="evenodd" clip-rule="evenodd" d="M436.608 36.3839C439.657 40.4849 441.892 45.1085 443.64 49.8527L444.819 53.0289C446.973 58.9391 448.314 65.1709 448.396 71.4831V72.9344C448.314 79.2065 447.014 85.4382 444.819 91.3886L443.64 94.5648C441.852 99.3493 439.616 103.933 436.608 108.034C433.56 103.933 431.284 99.3091 429.577 94.5648L428.398 91.3886C426.244 85.4784 424.903 79.2467 424.821 72.9344V71.4831C424.903 65.2111 426.203 58.9793 428.398 53.0289L429.577 49.8527C431.325 45.0683 433.601 40.4849 436.608 36.3839ZM432.178 74.8643C432.207 75.2265 432.231 75.5993 432.256 75.9787C432.299 76.6519 432.344 77.3462 432.422 78.0405V78.3219C432.544 79.4477 432.666 80.5332 432.869 81.6992C433.926 88.1722 435.796 92.5948 436.608 94.2834C437.421 92.5948 439.291 88.1722 440.348 81.6992C440.551 80.5739 440.673 79.4486 440.795 78.3234L440.795 78.3219V78.0405C440.917 76.9549 440.998 75.9096 441.039 74.8643V69.5532C441.009 69.1908 440.985 68.8179 440.961 68.4384C440.918 67.7653 440.873 67.0711 440.795 66.377V66.0956C440.673 64.9698 440.551 63.8843 440.348 62.7184C439.291 56.2453 437.421 51.8227 436.608 50.1341C435.796 51.8227 433.926 56.2453 432.869 62.7184C432.666 63.8441 432.544 64.9698 432.422 66.0956V66.377C432.3 67.4626 432.219 68.5079 432.178 69.5532V74.8643Z" fill="url(#paint23_linear_35097_25595)"/>
<path fill-rule="evenodd" clip-rule="evenodd" d="M436.608 36.2231C433.56 32.1222 431.284 27.4986 429.577 22.7544L428.398 19.5781C426.244 13.668 424.903 7.43619 424.821 1.12397V0.0786276H432.178V3.05381C432.207 3.41251 432.231 3.78146 432.255 4.15699L432.255 4.15906L432.255 4.16097L432.256 4.16272L432.256 4.16432L432.256 4.16576L432.256 4.16706L432.256 4.16821C432.299 4.84146 432.344 5.53574 432.422 6.23002V6.51146C432.544 7.6372 432.666 8.72276 432.869 9.88871C433.926 16.3618 435.796 20.7843 436.608 22.4729C437.421 20.7843 439.291 16.3618 440.348 9.88871C440.551 8.76345 440.673 7.63818 440.795 6.51292L440.795 6.51146V6.23002C440.917 5.14448 440.998 4.09914 441.039 3.05381V0.0786276H448.396V1.12397C448.314 7.39599 447.014 13.6278 444.819 19.5781L443.64 22.7544C441.852 27.5388 439.616 32.1222 436.608 36.2231ZM436.608 36.2231C436.608 36.2231 436.609 36.2633 436.649 36.3035C436.649 36.3035 436.649 36.3437 436.608 36.3839C436.608 36.3839 436.608 36.3437 436.568 36.3035C436.568 36.3035 436.568 36.2633 436.608 36.2231Z" fill="url(#paint24_linear_35097_25595)"/>
<path d="M436.608 108.194C436.608 108.194 436.608 108.154 436.568 108.114C436.568 108.114 436.568 108.074 436.608 108.034C436.608 108.034 436.609 108.074 436.649 108.114C436.649 108.114 436.649 108.154 436.608 108.194Z" fill="url(#paint25_linear_35097_25595)"/>
<path fill-rule="evenodd" clip-rule="evenodd" d="M448.396 143.294C448.314 136.981 446.973 130.75 444.819 124.839L443.64 121.663C441.892 116.919 439.657 112.295 436.608 108.194C433.601 112.295 431.325 116.879 429.577 121.663L428.398 124.839C426.203 130.79 424.903 137.022 424.821 143.294V144.745C424.903 151.057 426.244 157.289 428.398 163.199L429.577 166.375C431.284 171.12 433.56 175.743 436.608 179.844C436.568 179.884 436.568 179.924 436.568 179.924C436.608 179.965 436.608 180.005 436.608 180.005C433.601 184.106 431.325 188.689 429.577 193.474L428.398 196.65C426.203 202.6 424.903 208.832 424.821 215.104V216.555C424.903 222.868 426.244 229.099 428.398 235.01L429.577 238.186C431.284 242.93 433.56 247.554 436.608 251.654C436.568 251.695 436.568 251.735 436.568 251.735C436.586 251.752 436.595 251.77 436.601 251.784C436.608 251.803 436.608 251.815 436.608 251.815C433.601 255.916 431.325 260.5 429.577 265.284L428.398 268.46C426.203 274.411 424.903 280.642 424.821 286.914V287.96H432.178V284.985C432.219 283.939 432.3 282.894 432.422 281.808V281.527C432.544 280.401 432.666 279.275 432.869 278.15C433.926 271.677 435.796 267.254 436.608 265.566C437.421 267.254 439.291 271.677 440.348 278.15C440.551 279.316 440.673 280.401 440.795 281.527V281.808C440.873 282.503 440.918 283.197 440.961 283.87C440.985 284.249 441.009 284.622 441.039 284.985V287.96H448.396V286.914C448.314 280.602 446.973 274.37 444.819 268.46L443.64 265.284C441.892 260.54 439.657 255.916 436.608 251.815C436.649 251.775 436.649 251.735 436.649 251.735C436.609 251.695 436.608 251.654 436.608 251.654C439.616 247.554 441.852 242.97 443.64 238.186L444.819 235.01C447.014 229.059 448.314 222.827 448.396 216.555V215.104C448.314 208.792 446.973 202.56 444.819 196.65L443.64 193.474C441.892 188.729 439.657 184.106 436.608 180.005C436.649 179.965 436.649 179.924 436.649 179.924C436.609 179.884 436.608 179.844 436.608 179.844C439.616 175.743 441.852 171.16 443.64 166.375L444.819 163.199C447.014 157.249 448.314 151.017 448.396 144.745V143.294ZM441.039 141.364C441.009 141.001 440.985 140.628 440.961 140.249C440.918 139.576 440.873 138.882 440.795 138.188V137.906C440.673 136.78 440.551 135.695 440.348 134.529C439.291 128.056 437.421 123.633 436.608 121.945C435.796 123.633 433.926 128.056 432.869 134.529C432.666 135.655 432.544 136.78 432.422 137.906V138.188C432.3 139.273 432.219 140.318 432.178 141.364V146.675C432.207 147.033 432.231 147.402 432.255 147.778L432.255 147.78L432.255 147.782L432.256 147.784L432.256 147.785L432.256 147.787L432.256 147.788L432.256 147.789C432.299 148.462 432.344 149.157 432.422 149.851V150.132C432.544 151.258 432.666 152.344 432.869 153.51C433.926 159.983 435.796 164.405 436.608 166.094C437.421 164.405 439.291 159.983 440.348 153.51C440.551 152.384 440.673 151.259 440.795 150.134L440.795 150.132V149.851C440.917 148.765 440.998 147.72 441.039 146.675V141.364ZM432.178 218.485C432.207 218.846 432.231 219.218 432.256 219.596L432.256 219.598L432.256 219.6C432.299 220.273 432.344 220.967 432.422 221.661V221.943C432.544 223.069 432.666 224.154 432.869 225.32C433.926 231.793 435.796 236.216 436.608 237.904C437.421 236.216 439.291 231.793 440.348 225.32C440.551 224.195 440.673 223.07 440.795 221.944L440.795 221.943V221.661C440.917 220.576 440.998 219.531 441.039 218.485V213.174C441.023 212.977 441.008 212.778 440.995 212.575C440.983 212.405 440.972 212.233 440.961 212.059C440.918 211.386 440.873 210.692 440.795 209.998V209.717C440.673 208.591 440.551 207.505 440.348 206.339C439.291 199.866 437.421 195.444 436.608 193.755C435.796 195.444 433.926 199.866 432.869 206.339C432.666 207.465 432.544 208.591 432.422 209.717V209.998C432.3 211.083 432.219 212.129 432.178 213.174V218.485Z" fill="url(#paint26_linear_35097_25595)"/>
<path fill-rule="evenodd" clip-rule="evenodd" d="M424.7 35.2582C424.618 28.946 423.277 22.7142 421.123 16.804L419.944 13.6278C418.196 8.88358 415.961 4.25996 412.913 0.159025C412.913 0.159025 412.913 0.118833 412.872 0.0786276H412.831C412.831 0.0786276 412.831 0.118819 412.791 0.159025C409.783 4.25996 407.507 8.84338 405.759 13.6278L404.58 16.804C402.385 22.7544 401.085 28.9862 401.003 35.2582V37.3891C401.085 43.7013 402.426 49.9331 404.58 55.8433L405.759 59.0195C407.47 63.6646 409.649 68.1941 412.601 72.2305C409.687 76.2645 407.47 80.7551 405.759 85.4383L404.58 88.6145C402.385 94.5648 401.085 100.797 401.003 107.069V109.2C401.085 115.512 402.426 121.744 404.58 127.654L405.759 130.83C407.47 135.475 409.649 140.005 412.601 144.041C409.687 148.075 407.47 152.566 405.759 157.249L404.58 160.425C402.385 166.375 401.085 172.607 401.003 178.879V181.01C401.085 187.322 402.426 193.554 404.58 199.464L405.759 202.64C407.47 207.286 409.649 211.815 412.601 215.851C409.687 219.885 407.47 224.376 405.759 229.059L404.58 232.235C402.385 238.186 401.085 244.418 401.003 250.69V252.82C401.085 259.133 402.426 265.365 404.58 271.275L405.759 274.451C407.507 279.195 409.742 283.819 412.791 287.92C412.791 287.92 412.791 287.96 412.831 288H412.872C412.872 288 412.872 287.96 412.913 287.92C415.92 283.819 418.196 279.235 419.944 274.451L421.123 271.275C423.318 265.324 424.618 259.092 424.7 252.82V250.69C424.618 244.377 423.277 238.146 421.123 232.235L419.944 229.059C418.233 224.414 416.054 219.885 413.103 215.848C416.016 211.814 418.233 207.324 419.944 202.64L421.123 199.464C423.318 193.514 424.618 187.282 424.7 181.01V178.879C424.618 172.567 423.277 166.335 421.123 160.425L419.944 157.249C418.233 152.604 416.054 148.074 413.103 144.038C416.016 140.004 418.233 135.513 419.944 130.83L421.123 127.654C423.318 121.703 424.618 115.472 424.7 109.2V107.069C424.618 100.756 423.277 94.5247 421.123 88.6145L419.944 85.4383C418.233 80.7932 416.054 76.2637 413.103 72.2272C416.016 68.1932 418.233 63.7027 419.944 59.0195L421.123 55.8433C423.318 49.8929 424.618 43.6611 424.7 37.3891V35.2582ZM417.302 39.2385C417.261 40.2838 417.18 41.3292 417.058 42.4147V42.6962L417.058 42.6976C416.936 43.8229 416.814 44.9482 416.611 46.0734C415.555 52.5465 413.685 56.969 412.872 58.6576C412.059 56.969 410.189 52.5465 409.132 46.0734C408.929 44.9075 408.807 43.8219 408.685 42.6962V42.4147C408.607 41.7209 408.563 41.027 408.519 40.3542L408.519 40.3514L408.519 40.35L408.519 40.3485L408.519 40.3468L408.519 40.3449L408.519 40.3427C408.494 39.9668 408.471 39.5975 408.442 39.2385V33.2881C408.482 32.2428 408.563 31.1975 408.685 30.1119V29.8305L408.686 29.829C408.807 28.7038 408.929 27.5785 409.132 26.4532C410.189 19.9802 412.059 15.5576 412.872 13.869C413.685 15.5576 415.555 19.9802 416.611 26.4532C416.814 27.6192 416.936 28.7048 417.058 29.8305V30.1119C417.136 30.8061 417.181 31.5002 417.224 32.1733C417.249 32.5528 417.273 32.9257 417.302 33.2881V39.2385ZM417.302 111.049C417.261 112.094 417.18 113.14 417.058 114.225V114.507L417.058 114.508C416.936 115.633 416.814 116.759 416.611 117.884C415.555 124.357 413.685 128.779 412.872 130.468C412.059 128.779 410.189 124.357 409.132 117.884C408.929 116.718 408.807 115.632 408.685 114.507V114.225C408.607 113.531 408.563 112.837 408.519 112.165L408.519 112.163C408.495 111.784 408.471 111.411 408.442 111.049V105.099C408.482 104.053 408.563 103.008 408.685 101.922V101.641L408.686 101.64C408.807 100.514 408.929 99.389 409.132 98.2637C410.189 91.7907 412.059 87.3681 412.872 85.6795C413.685 87.3681 415.555 91.7907 416.611 98.2637C416.814 99.4297 416.936 100.515 417.058 101.641V101.922C417.136 102.617 417.181 103.311 417.224 103.984C417.249 104.363 417.273 104.736 417.302 105.099V111.049ZM417.302 182.859C417.261 183.905 417.18 184.95 417.058 186.036V186.317L417.058 186.319C416.936 187.444 416.814 188.569 416.611 189.694C415.555 196.167 413.685 200.59 412.872 202.279C412.059 200.59 410.189 196.167 409.132 189.694C408.929 188.528 408.807 187.443 408.685 186.317V186.036C408.607 185.342 408.563 184.648 408.519 183.975L408.519 183.972L408.519 183.971L408.519 183.969L408.519 183.968L408.519 183.966L408.519 183.964C408.494 183.588 408.471 183.218 408.442 182.859V176.909C408.482 175.864 408.563 174.818 408.685 173.733V173.451L408.686 173.45C408.807 172.325 408.929 171.199 409.132 170.074C410.189 163.601 412.059 159.179 412.872 157.49C413.685 159.179 415.555 163.601 416.611 170.074C416.814 171.24 416.936 172.326 417.058 173.451V173.733C417.136 174.427 417.181 175.121 417.224 175.794C417.249 176.174 417.273 176.547 417.302 176.909V182.859ZM417.302 254.67C417.261 255.715 417.18 256.761 417.058 257.846V258.128L417.058 258.129C416.936 259.254 416.814 260.38 416.611 261.505C415.555 267.978 413.685 272.4 412.872 274.089C412.059 272.4 410.189 267.978 409.132 261.505C408.929 260.339 408.807 259.253 408.685 258.128V257.846C408.607 257.152 408.563 256.458 408.519 255.786L408.519 255.784L408.519 255.783C408.495 255.404 408.471 255.032 408.442 254.67V248.72C408.482 247.674 408.563 246.629 408.685 245.543V245.262L408.686 245.26C408.807 244.135 408.929 243.01 409.132 241.885C410.189 235.412 412.059 230.989 412.872 229.3C413.685 230.989 415.555 235.412 416.611 241.885C416.814 243.051 416.936 244.136 417.058 245.262V245.543C417.136 246.237 417.181 246.932 417.224 247.605C417.249 247.984 417.273 248.357 417.302 248.72V254.67Z" fill="url(#paint27_linear_35097_25595)"/>
<path fill-rule="evenodd" clip-rule="evenodd" d="M471.929 35.2582V37.3891C471.848 43.6611 470.547 49.8929 468.352 55.8433L467.174 59.0195C465.423 63.7026 463.244 68.1932 460.332 72.2272C463.284 76.2636 465.462 80.7932 467.174 85.4383L468.352 88.6145C470.507 94.5247 471.848 100.756 471.929 107.069V109.2C471.848 115.472 470.547 121.703 468.352 127.654L467.174 130.83C465.423 135.513 463.244 140.004 460.332 144.038C463.284 148.074 465.462 152.604 467.174 157.249L468.352 160.425C470.507 166.335 471.848 172.567 471.929 178.879V181.01C471.848 187.282 470.547 193.514 468.352 199.464L467.174 202.64C465.423 207.324 463.244 211.814 460.332 215.848C463.284 219.885 465.462 224.414 467.174 229.059L468.352 232.235C470.507 238.146 471.848 244.377 471.929 250.69V252.82C471.848 259.092 470.547 265.324 468.352 271.275L467.174 274.451C465.385 279.235 463.15 283.819 460.142 287.92C460.123 287.939 460.113 287.958 460.107 287.973C460.101 287.989 460.101 288 460.101 288H460.061C460.02 287.96 460.02 287.92 460.02 287.92C456.972 283.819 454.696 279.195 452.989 274.451L451.81 271.275C449.656 265.365 448.314 259.133 448.233 252.82V250.69C448.314 244.418 449.615 238.186 451.81 232.235L452.989 229.059C454.699 224.376 456.916 219.885 459.83 215.851C456.877 211.815 454.66 207.286 452.989 202.64L451.81 199.464C449.656 193.554 448.314 187.322 448.233 181.01V178.879C448.314 172.607 449.615 166.375 451.81 160.425L452.989 157.249C454.699 152.566 456.916 148.075 459.83 144.041C456.877 140.005 454.66 135.475 452.989 130.83L451.81 127.654C449.656 121.744 448.314 115.512 448.233 109.2V107.069C448.314 100.797 449.615 94.5648 451.81 88.6145L452.989 85.4383C454.699 80.7551 456.916 76.2646 459.83 72.2306C456.877 68.1941 454.66 63.6646 452.989 59.0195L451.81 55.8433C449.656 49.9331 448.314 43.7013 448.233 37.3891V35.2582C448.314 28.9862 449.615 22.7544 451.81 16.804L452.989 13.6278C454.736 8.84338 457.012 4.25996 460.02 0.159025C460.061 0.118819 460.061 0.0786276 460.061 0.0786276H460.101C460.142 0.118833 460.142 0.159025 460.142 0.159025C463.19 4.25996 465.426 8.88358 467.174 13.6278L468.352 16.804C470.507 22.7142 471.848 28.946 471.929 35.2582ZM464.572 39.2385V33.2881C464.543 32.9259 464.519 32.5531 464.495 32.1737C464.451 31.5005 464.406 30.8062 464.329 30.1119V29.8305C464.207 28.7048 464.085 27.6192 463.881 26.4532C462.825 19.9802 460.955 15.5576 460.142 13.869C459.329 15.5576 457.459 19.9802 456.403 26.4532C456.2 27.5785 456.078 28.7038 455.956 29.829L455.956 29.8305V30.1119C455.834 31.1975 455.752 32.2428 455.712 33.2881V39.2385C455.741 39.6009 455.765 39.9738 455.79 40.3534C455.833 41.0265 455.878 41.7206 455.956 42.4147V42.6962C456.078 43.8219 456.199 44.9075 456.403 46.0734C457.459 52.5465 459.329 56.969 460.142 58.6576C460.955 56.969 462.825 52.5465 463.881 46.0734C464.085 44.9477 464.207 43.8219 464.329 42.6962V42.4147C464.45 41.3292 464.532 40.2838 464.572 39.2385ZM464.572 111.049V105.099C464.556 104.893 464.541 104.683 464.526 104.471C464.516 104.31 464.505 104.149 464.495 103.985L464.495 103.984C464.451 103.311 464.406 102.617 464.329 101.922V101.641C464.207 100.515 464.085 99.4297 463.881 98.2637C462.825 91.7907 460.955 87.3681 460.142 85.6795C459.329 87.3681 457.459 91.7907 456.403 98.2637C456.2 99.389 456.078 100.514 455.956 101.64L455.956 101.641V101.922C455.834 103.008 455.752 104.053 455.712 105.099V111.049C455.741 111.411 455.765 111.784 455.79 112.164C455.833 112.837 455.878 113.531 455.956 114.225V114.507C456.078 115.632 456.199 116.718 456.403 117.884C457.459 124.357 459.329 128.779 460.142 130.468C460.955 128.779 462.825 124.357 463.881 117.884C464.085 116.758 464.207 115.632 464.329 114.507V114.225C464.45 113.14 464.532 112.094 464.572 111.049ZM464.572 182.859V176.909C464.543 176.547 464.519 176.175 464.495 175.796L464.495 175.795C464.451 175.121 464.406 174.427 464.329 173.733V173.451C464.207 172.326 464.085 171.24 463.881 170.074C462.825 163.601 460.955 159.179 460.142 157.49C459.329 159.179 457.459 163.601 456.403 170.074C456.2 171.199 456.078 172.325 455.956 173.45L455.956 173.451V173.733C455.834 174.818 455.752 175.864 455.712 176.909V182.859C455.741 183.222 455.765 183.595 455.79 183.974C455.833 184.647 455.878 185.342 455.956 186.036V186.317C456.078 187.443 456.199 188.528 456.403 189.694C457.459 196.167 459.329 200.59 460.142 202.279C460.955 200.59 462.825 196.167 463.881 189.694C464.085 188.569 464.207 187.443 464.329 186.317V186.036C464.45 184.95 464.532 183.905 464.572 182.859ZM464.572 254.67V248.72C464.543 248.358 464.519 247.985 464.495 247.606L464.495 247.605C464.451 246.932 464.406 246.238 464.329 245.543V245.262C464.207 244.136 464.085 243.051 463.881 241.885C462.825 235.412 460.955 230.989 460.142 229.3C459.329 230.989 457.459 235.412 456.403 241.885C456.2 243.01 456.078 244.135 455.956 245.26L455.956 245.262V245.543C455.834 246.629 455.752 247.674 455.712 248.72V254.67C455.741 255.032 455.765 255.405 455.79 255.785C455.833 256.458 455.878 257.152 455.956 257.846V258.128C456.078 259.253 456.199 260.339 456.403 261.505C457.459 267.978 459.329 272.4 460.142 274.089C460.955 272.4 462.825 267.978 463.881 261.505C464.085 260.379 464.207 259.253 464.329 258.128V257.846C464.45 256.761 464.532 255.715 464.572 254.67Z" fill="url(#paint28_linear_35097_25595)"/>
<path fill-rule="evenodd" clip-rule="evenodd" d="M724.003 6.15139C724.125 5.06585 724.207 4.02051 724.247 2.97518V0H731.604V1.12397C731.523 7.39599 730.222 13.6278 728.027 19.5781L726.849 22.7544C725.064 27.5289 722.834 32.1032 719.836 36.1977C719.841 36.2064 719.848 36.2157 719.858 36.2249C719.858 36.2249 719.858 36.2497 719.838 36.2798C719.841 36.2839 719.844 36.288 719.847 36.2921C719.85 36.2959 719.854 36.2997 719.858 36.3035C719.858 36.3035 719.858 36.321 719.846 36.3444C722.88 40.4356 725.107 45.0449 726.849 49.774L728.027 52.9503C730.182 58.8604 731.523 65.0922 731.604 71.4044V72.9344C731.523 79.2065 730.222 85.4382 728.027 91.3886L726.849 94.5648C725.064 99.3394 722.834 103.914 719.836 108.008C719.839 108.014 719.844 108.02 719.849 108.026C719.852 108.029 719.854 108.032 719.858 108.035C719.858 108.035 719.858 108.037 719.857 108.041C719.857 108.044 719.856 108.047 719.855 108.052C719.853 108.062 719.848 108.075 719.838 108.09C719.843 108.098 719.85 108.106 719.858 108.114C719.858 108.114 719.858 108.131 719.846 108.155C722.88 112.246 725.107 116.855 726.849 121.585L728.027 124.761C730.182 130.671 731.523 136.903 731.604 143.215V144.745C731.523 151.017 730.222 157.249 728.027 163.199L726.849 166.375C725.064 171.15 722.834 175.724 719.836 179.819C719.841 179.827 719.848 179.837 719.858 179.846C719.858 179.846 719.858 179.856 719.853 179.871C719.85 179.88 719.845 179.89 719.838 179.901C719.841 179.905 719.844 179.909 719.847 179.913C719.85 179.917 719.854 179.921 719.858 179.924C719.858 179.924 719.858 179.932 719.855 179.943C719.853 179.949 719.85 179.957 719.846 179.965C722.88 184.057 725.107 188.666 726.849 193.395L728.027 196.571C730.182 202.481 731.523 208.713 731.604 215.025V216.555C731.523 222.827 730.222 229.059 728.027 235.01L726.849 238.186C725.064 242.96 722.834 247.535 719.836 251.629C719.839 251.635 719.843 251.64 719.848 251.646C719.851 251.649 719.854 251.653 719.858 251.656C719.858 251.656 719.858 251.658 719.857 251.662L719.856 251.668L719.855 251.675L719.853 251.681L719.851 251.685L719.848 251.693L719.844 251.701C719.842 251.704 719.84 251.708 719.838 251.711C719.843 251.719 719.85 251.727 719.858 251.735C719.858 251.735 719.858 251.742 719.854 251.754C719.853 251.76 719.85 251.768 719.846 251.776C722.88 255.867 725.107 260.476 726.849 265.205L728.027 268.382C730.182 274.292 731.523 280.524 731.604 286.836V287.96H724.247V284.985C724.218 284.623 724.194 284.251 724.17 283.872V283.871C724.126 283.197 724.081 282.503 724.003 281.808V281.527C723.882 280.401 723.76 279.316 723.556 278.15C722.5 271.677 720.63 267.254 719.817 265.566C719.004 267.254 717.135 271.677 716.078 278.15C715.875 279.275 715.753 280.401 715.631 281.527V281.808C715.509 282.894 715.427 283.939 715.387 284.985V287.96H708.03V286.836C708.111 280.564 709.412 274.332 711.607 268.382L712.786 265.205C714.53 260.431 716.8 255.856 719.799 251.762C719.796 251.758 719.793 251.754 719.79 251.749C719.786 251.745 719.781 251.74 719.777 251.735C719.777 251.735 719.776 251.725 719.782 251.709C719.785 251.701 719.789 251.691 719.796 251.68C719.791 251.672 719.785 251.664 719.777 251.656C719.777 251.656 719.776 251.639 719.788 251.615C716.754 247.524 714.487 242.915 712.786 238.186L711.607 235.01C709.453 229.099 708.111 222.868 708.03 216.555V215.025C708.111 208.753 709.412 202.522 711.607 196.571L712.786 193.395C714.53 188.62 716.8 184.046 719.798 179.952C719.793 179.943 719.786 179.934 719.777 179.924C719.777 179.924 719.776 179.9 719.796 179.869C719.793 179.864 719.789 179.859 719.784 179.854C719.782 179.851 719.779 179.849 719.777 179.846C719.777 179.846 719.776 179.828 719.788 179.805C716.754 175.714 714.487 171.104 712.786 166.375L711.607 163.199C709.453 157.289 708.111 151.057 708.03 144.745V143.215C708.111 136.943 709.412 130.711 711.607 124.761L712.786 121.585C714.53 116.81 716.8 112.236 719.798 108.141C719.793 108.132 719.786 108.123 719.777 108.114C719.777 108.114 719.776 108.089 719.796 108.059C719.791 108.051 719.785 108.043 719.777 108.035C719.777 108.035 719.776 108.018 719.788 107.995C716.754 103.903 714.487 99.294 712.786 94.5648L711.607 91.3886C709.453 85.4784 708.111 79.2467 708.03 72.9344V71.4044C708.111 65.1324 709.412 58.9006 711.607 52.9503L712.786 49.774C714.53 44.9995 716.8 40.4251 719.798 36.3307C719.793 36.3219 719.786 36.3127 719.777 36.3035C719.777 36.3035 719.776 36.2787 719.796 36.2485C719.791 36.2408 719.785 36.2329 719.777 36.2249C719.777 36.2249 719.776 36.2074 719.788 36.184C716.754 32.0928 714.487 27.4835 712.786 22.7544L711.607 19.5781C709.453 13.668 708.111 7.43619 708.03 1.12397V0H715.387V2.97518C715.416 3.33762 715.44 3.71051 715.465 4.09009C715.508 4.76318 715.553 5.45729 715.631 6.15139V6.43283C715.753 7.55857 715.875 8.6441 716.078 9.81005C717.135 16.2831 719.004 20.7057 719.817 22.3943C720.63 20.7057 722.5 16.2831 723.556 9.81005C723.76 8.68521 723.881 7.56039 724.003 6.43555L724.003 6.43283V6.15139ZM715.387 146.596C715.416 146.959 715.44 147.331 715.465 147.711C715.508 148.384 715.553 149.078 715.631 149.772V150.054C715.753 151.179 715.875 152.265 716.078 153.431C717.135 159.904 719.004 164.327 719.817 166.015C720.63 164.327 722.5 159.904 723.556 153.431C723.76 152.306 723.881 151.181 724.003 150.056L724.003 150.054V149.772C724.125 148.687 724.207 147.641 724.247 146.596V141.364C724.218 141.002 724.194 140.63 724.17 140.251C724.126 139.578 724.081 138.882 724.003 138.188V137.906C723.882 136.78 723.76 135.695 723.556 134.529C722.5 128.056 720.63 123.633 719.817 121.945C719.004 123.633 717.135 128.056 716.078 134.529C715.875 135.655 715.753 136.78 715.631 137.906V138.188C715.509 139.273 715.427 140.318 715.387 141.364V146.596ZM715.387 74.7856C715.416 75.1481 715.44 75.521 715.465 75.9006C715.508 76.5736 715.553 77.2678 715.631 77.9619V78.2433C715.753 79.369 715.875 80.4546 716.078 81.6205C717.135 88.0936 719.004 92.5162 719.817 94.2048C720.63 92.5162 722.5 88.0936 723.556 81.6205C723.76 80.4957 723.881 79.3709 724.003 78.246L724.003 78.2433V77.9619C724.125 76.8763 724.207 75.831 724.247 74.7856V69.5532C724.218 69.1912 724.194 68.8187 724.17 68.4395C724.126 67.7661 724.081 67.0715 724.003 66.377V66.0956C723.882 64.9698 723.76 63.8843 723.556 62.7184C722.5 56.2453 720.63 51.8227 719.817 50.1341C719.004 51.8227 717.135 56.2453 716.078 62.7184C715.875 63.8441 715.753 64.9698 715.631 66.0956V66.377C715.509 67.4626 715.427 68.5079 715.387 69.5532V74.7856ZM715.387 218.407C715.416 218.769 715.44 219.142 715.465 219.521C715.508 220.195 715.553 220.889 715.631 221.583V221.864C715.753 222.99 715.875 224.076 716.078 225.241C717.135 231.714 719.004 236.137 719.817 237.826C720.63 236.137 722.5 231.714 723.556 225.241C723.76 224.117 723.881 222.992 724.003 221.867L724.003 221.864V221.583C724.125 220.497 724.207 219.452 724.247 218.407V213.174C724.218 212.812 724.194 212.44 724.17 212.06C724.126 211.387 724.081 210.692 724.003 209.998V209.717C723.882 208.591 723.76 207.505 723.556 206.339C722.5 199.866 720.63 195.444 719.817 193.755C719.004 195.444 717.135 199.866 716.078 206.339C715.875 207.465 715.753 208.591 715.631 209.717V209.998C715.509 211.083 715.427 212.129 715.387 213.174V218.407Z" fill="url(#paint29_linear_35097_25595)"/>
<path fill-rule="evenodd" clip-rule="evenodd" d="M797.734 13.5885C795.986 8.84427 793.75 4.22067 790.702 0.119741C790.702 0.119741 790.702 0.0795189 790.661 0.0393137H790.621C790.621 0.0393137 790.621 0.0795361 790.58 0.119741C787.572 4.22067 785.296 8.80406 783.549 13.5885L782.37 16.7647C780.175 22.7151 778.874 28.9469 778.793 35.2189V37.3096C778.874 43.6218 780.216 49.8536 782.37 55.7638L783.549 58.94C785.263 63.5927 787.446 68.1295 790.405 72.171C787.484 76.2102 785.262 80.708 783.549 85.399L782.37 88.5752C780.175 94.5255 778.874 100.757 778.793 107.029V109.12C778.874 115.432 780.216 121.664 782.37 127.574L783.549 130.75C785.263 135.403 787.446 139.94 790.405 143.981C787.484 148.021 785.262 152.518 783.549 157.209L782.37 160.386C780.175 166.336 778.874 172.568 778.793 178.84V180.93C778.874 187.243 780.216 193.475 782.37 199.385L783.549 202.561C785.263 207.214 787.446 211.75 790.405 215.792C787.484 219.831 785.262 224.329 783.549 229.02L782.37 232.196C780.175 238.146 778.874 244.378 778.793 250.65V252.741C778.874 259.053 780.216 265.285 782.37 271.195L783.549 274.371C785.296 279.116 787.532 283.739 790.58 287.84C790.58 287.84 790.58 287.88 790.621 287.921H790.661C790.661 287.921 790.661 287.88 790.702 287.84C793.71 283.739 795.986 279.156 797.734 274.371L798.912 271.195C801.107 265.245 802.408 259.013 802.489 252.741V250.65C802.408 244.338 801.067 238.106 798.912 232.196L797.734 229.02C796.02 224.367 793.836 219.83 790.877 215.789C793.798 211.75 796.02 207.252 797.734 202.561L798.912 199.385C801.107 193.434 802.408 187.202 802.489 180.93V178.84C802.408 172.528 801.067 166.296 798.912 160.386L797.734 157.209C796.02 152.557 793.836 148.02 790.877 143.978C793.798 139.939 796.02 135.441 797.734 130.75L798.912 127.574C801.107 121.624 802.408 115.392 802.489 109.12V107.029C802.408 100.717 801.067 94.4853 798.912 88.5752L797.734 85.399C796.02 80.7462 793.836 76.2094 790.877 72.1679C793.798 68.1287 796.02 63.631 797.734 58.94L798.912 55.7638C801.107 49.8134 802.408 43.5816 802.489 37.3096V35.2189C802.408 28.9067 801.067 22.6749 798.912 16.7647L797.734 13.5885ZM795.132 39.2796C795.092 40.325 795.01 41.3703 794.888 42.4558V42.7373L794.888 42.74C794.766 43.8648 794.644 44.9896 794.441 46.1145C793.385 52.5875 791.515 57.0101 790.702 58.6987C789.889 57.0101 788.019 52.5875 786.963 46.1145C786.759 44.9485 786.638 43.863 786.516 42.7373V42.4558C786.438 41.7617 786.393 41.0676 786.35 40.3945C786.325 40.0149 786.301 39.642 786.272 39.2796V33.3292C786.312 32.2839 786.394 31.2386 786.516 30.153V29.8716C786.638 28.7459 786.759 27.6201 786.963 26.4944C788.019 20.0213 789.889 15.5988 790.702 13.9101C791.515 15.5988 793.385 20.0213 794.441 26.4944C794.645 27.6603 794.767 28.7459 794.888 29.8716V30.153C794.966 30.8473 795.011 31.5416 795.055 32.2148L795.055 32.216C795.079 32.595 795.103 32.9673 795.132 33.3292V39.2796ZM795.132 111.09C795.092 112.135 795.01 113.181 794.888 114.266V114.548L794.888 114.55C794.766 115.675 794.644 116.8 794.441 117.925C793.385 124.398 791.515 128.821 790.702 130.509C789.889 128.821 788.019 124.398 786.963 117.925C786.759 116.759 786.638 115.673 786.516 114.548V114.266C786.438 113.572 786.393 112.878 786.35 112.205C786.325 111.825 786.301 111.453 786.272 111.09V105.14C786.312 104.094 786.394 103.049 786.516 101.964V101.682C786.638 100.556 786.759 99.4306 786.963 98.3048C788.019 91.8318 789.889 87.4092 790.702 85.7206C791.515 87.4092 793.385 91.8318 794.441 98.3048C794.645 99.4708 794.767 100.556 794.888 101.682V101.964C794.966 102.658 795.011 103.352 795.055 104.025C795.079 104.404 795.103 104.778 795.132 105.14V111.09ZM795.132 182.901C795.092 183.946 795.01 184.991 794.888 186.077V186.358L794.888 186.361C794.766 187.486 794.644 188.611 794.441 189.735C793.385 196.208 791.515 200.631 790.702 202.32C789.889 200.631 788.019 196.208 786.963 189.735C786.759 188.569 786.638 187.484 786.516 186.358V186.077C786.438 185.383 786.393 184.689 786.35 184.015C786.325 183.636 786.301 183.263 786.272 182.901V176.95C786.312 175.905 786.394 174.86 786.516 173.774V173.493C786.638 172.367 786.759 171.241 786.963 170.115C788.019 163.642 789.889 159.22 790.702 157.531C791.515 159.22 793.385 163.642 794.441 170.115C794.645 171.281 794.767 172.367 794.888 173.493V173.774C794.966 174.468 795.011 175.163 795.055 175.836L795.055 175.837C795.079 176.216 795.103 176.588 795.132 176.95V182.901ZM795.132 254.711C795.092 255.756 795.01 256.802 794.888 257.887V258.169L794.888 258.171C794.766 259.296 794.644 260.421 794.441 261.546C793.385 268.019 791.515 272.441 790.702 274.13C789.889 272.441 788.019 268.019 786.963 261.546C786.759 260.38 786.638 259.294 786.516 258.169V257.887C786.438 257.193 786.393 256.499 786.35 255.826C786.325 255.446 786.301 255.073 786.272 254.711V248.761C786.312 247.715 786.394 246.67 786.516 245.584V245.303C786.638 244.177 786.759 243.051 786.963 241.926C788.019 235.453 789.889 231.03 790.702 229.342C791.515 231.03 793.385 235.453 794.441 241.926C794.645 243.092 794.767 244.177 794.888 245.303V245.584C794.966 246.279 795.011 246.973 795.055 247.646L795.055 247.649C795.079 248.027 795.103 248.399 795.132 248.761V254.711Z" fill="url(#paint30_linear_35097_25595)"/>
<path fill-rule="evenodd" clip-rule="evenodd" d="M491.067 49.8527C489.319 45.1085 487.084 40.4849 484.035 36.3839C484.076 36.3437 484.076 36.3035 484.076 36.3035C484.035 36.2633 484.035 36.2231 484.035 36.2231C487.043 32.1222 489.319 27.5388 491.067 22.7544L492.246 19.5781C494.441 13.6278 495.741 7.39599 495.823 1.12397V0.0786276H488.466V3.05381C488.425 4.09914 488.344 5.14448 488.222 6.23002V6.51146C488.1 7.6372 487.978 8.76297 487.775 9.88871C486.718 16.3618 484.848 20.7843 484.035 22.4729C483.223 20.7843 481.353 16.3618 480.296 9.88871C480.093 8.72276 479.971 7.6372 479.849 6.51146V6.23002C479.771 5.53585 479.726 4.84168 479.683 4.16853C479.659 3.78902 479.634 3.41618 479.605 3.05381V0.0786276H472.248V1.12397C472.33 7.43619 473.671 13.668 475.825 19.5781L477.004 22.7544C478.752 27.4986 480.987 32.1222 484.035 36.2231C483.995 36.2633 483.995 36.3035 483.995 36.3035C484.035 36.3437 484.035 36.3839 484.035 36.3839C481.028 40.4849 478.752 45.0683 477.004 49.8527L475.825 53.0289C473.63 58.9793 472.33 65.2111 472.248 71.4831V72.9344C472.33 79.2467 473.671 85.4784 475.825 91.3886L477.004 94.5648C478.752 99.3091 480.987 103.933 484.035 108.034C483.995 108.074 483.995 108.114 483.995 108.114C484.035 108.154 484.035 108.194 484.035 108.194C481.028 112.295 478.752 116.879 477.004 121.663L475.825 124.839C473.63 130.79 472.33 137.022 472.248 143.294V144.745C472.33 151.057 473.671 157.289 475.825 163.199L477.004 166.375C478.752 171.12 480.987 175.743 484.035 179.844C483.995 179.884 483.995 179.924 483.995 179.924C484.035 179.965 484.035 180.005 484.035 180.005C481.028 184.106 478.752 188.689 477.004 193.474L475.825 196.65C473.63 202.6 472.33 208.832 472.248 215.104V216.555C472.33 222.868 473.671 229.099 475.825 235.01L477.004 238.186C478.752 242.93 480.987 247.554 484.035 251.654C483.995 251.695 483.995 251.735 483.995 251.735C484.035 251.775 484.035 251.815 484.035 251.815C481.028 255.916 478.752 260.5 477.004 265.284L475.825 268.46C473.63 274.411 472.33 280.642 472.248 286.914V287.96H479.605V284.985C479.646 283.939 479.727 282.894 479.849 281.808V281.527L479.849 281.525C479.971 280.4 480.093 279.275 480.296 278.15C481.353 271.677 483.223 267.254 484.035 265.566C484.848 267.254 486.718 271.677 487.775 278.15C487.978 279.316 488.1 280.401 488.222 281.527V281.808C488.3 282.503 488.345 283.197 488.388 283.87C488.412 284.25 488.436 284.622 488.466 284.985V287.96H495.823V286.914C495.741 280.602 494.4 274.37 492.246 268.46L491.067 265.284C489.319 260.54 487.084 255.916 484.035 251.815C484.076 251.775 484.076 251.735 484.076 251.735C484.035 251.695 484.035 251.654 484.035 251.654C487.043 247.554 489.319 242.97 491.067 238.186L492.246 235.01C494.441 229.059 495.741 222.827 495.823 216.555V215.104C495.741 208.792 494.4 202.56 492.246 196.65L491.067 193.474C489.319 188.729 487.084 184.106 484.035 180.005C484.076 179.965 484.076 179.924 484.076 179.924C484.035 179.884 484.035 179.844 484.035 179.844C487.043 175.743 489.319 171.16 491.067 166.375L492.246 163.199C494.441 157.249 495.741 151.017 495.823 144.745V143.294C495.741 136.981 494.4 130.75 492.246 124.839L491.067 121.663C489.319 116.919 487.084 112.295 484.035 108.194C484.076 108.154 484.076 108.114 484.076 108.114C484.035 108.074 484.035 108.034 484.035 108.034C487.043 103.933 489.319 99.3493 491.067 94.5648L492.246 91.3886C494.441 85.4382 495.741 79.2065 495.823 72.9344V71.4831C495.741 65.1709 494.4 58.9391 492.246 53.0289L491.067 49.8527ZM488.466 141.364C488.436 141.001 488.412 140.629 488.388 140.249C488.345 139.576 488.3 138.882 488.222 138.188V137.906C488.1 136.78 487.978 135.695 487.775 134.529C486.718 128.056 484.848 123.633 484.035 121.945C483.223 123.633 481.353 128.056 480.296 134.529C480.093 135.654 479.971 136.779 479.849 137.904L479.849 137.906V138.188C479.727 139.273 479.646 140.318 479.605 141.364V146.675C479.634 147.037 479.659 147.41 479.683 147.789C479.726 148.462 479.771 149.157 479.849 149.851V150.132C479.971 151.258 480.093 152.344 480.296 153.51C481.353 159.983 483.223 164.405 484.035 166.094C484.848 164.405 486.718 159.983 487.775 153.51C487.978 152.384 488.1 151.258 488.222 150.132V149.851C488.344 148.765 488.425 147.72 488.466 146.675V141.364ZM479.605 69.5532C479.646 68.5079 479.727 67.4626 479.849 66.377V66.0956L479.849 66.0932C479.971 64.9683 480.093 63.8433 480.296 62.7184C481.353 56.2453 483.223 51.8227 484.035 50.1341C484.848 51.8227 486.718 56.2453 487.775 62.7184C487.978 63.8843 488.1 64.9698 488.222 66.0956V66.377C488.3 67.0712 488.345 67.7654 488.388 68.4385L488.388 68.4396C488.412 68.8187 488.436 69.1913 488.466 69.5532V74.8643C488.425 75.9096 488.344 76.9549 488.222 78.0405V78.3219C488.1 79.4477 487.978 80.5734 487.775 81.6992C486.718 88.1722 484.848 92.5948 484.035 94.2834C483.223 92.5948 481.353 88.1722 480.296 81.6992C480.093 80.5332 479.971 79.4477 479.849 78.3219V78.0405C479.771 77.3463 479.726 76.6521 479.683 75.979C479.659 75.5995 479.634 75.2266 479.605 74.8643V69.5532ZM479.605 213.174C479.646 212.129 479.727 211.083 479.849 209.998V209.717L479.849 209.714C479.971 208.589 480.093 207.464 480.296 206.339C481.353 199.866 483.223 195.444 484.035 193.755C484.848 195.444 486.718 199.866 487.775 206.339C487.978 207.505 488.1 208.591 488.222 209.717V209.998C488.3 210.692 488.345 211.386 488.388 212.06L488.388 212.061C488.412 212.44 488.436 212.812 488.466 213.174V218.485C488.425 219.531 488.344 220.576 488.222 221.661V221.943C488.1 223.069 487.978 224.194 487.775 225.32C486.718 231.793 484.848 236.216 484.035 237.904C483.223 236.216 481.353 231.793 480.296 225.32C480.093 224.154 479.971 223.069 479.849 221.943V221.661C479.771 220.967 479.726 220.273 479.683 219.6C479.659 219.22 479.634 218.848 479.605 218.485V213.174Z" fill="url(#paint31_linear_35097_25595)"/>
<path fill-rule="evenodd" clip-rule="evenodd" d="M531.265 36.3839C534.313 40.4849 536.549 45.1085 538.297 49.8527L539.475 53.0289C541.629 58.9391 542.971 65.1709 543.052 71.4831V72.9344C542.971 79.2065 541.67 85.4382 539.475 91.3886L538.297 94.5648C536.508 99.3493 534.273 103.933 531.265 108.034C528.216 103.933 525.94 99.3091 524.233 94.5648L523.055 91.3886C520.9 85.4784 519.559 79.2467 519.478 72.9344V71.4831C519.559 65.2111 520.86 58.9793 523.055 53.0289L524.233 49.8527C525.981 45.0683 528.257 40.4849 531.265 36.3839ZM526.835 74.8643C526.864 75.2264 526.888 75.599 526.912 75.9783C526.956 76.6515 527 77.3463 527.078 78.0405V78.3219C527.2 79.4477 527.322 80.5332 527.526 81.6992C528.582 88.1722 530.452 92.5948 531.265 94.2834C532.078 92.5948 533.947 88.1722 535.004 81.6992C535.207 80.5734 535.329 79.4477 535.451 78.3219V78.0405C535.573 76.9549 535.655 75.9096 535.695 74.8643V69.5532C535.666 69.191 535.642 68.8184 535.617 68.439C535.574 67.7659 535.529 67.0712 535.451 66.377V66.0956C535.329 64.9698 535.207 63.8843 535.004 62.7184C533.947 56.2453 532.078 51.8227 531.265 50.1341C530.452 51.8227 528.582 56.2453 527.526 62.7184C527.322 63.8433 527.201 64.9683 527.079 66.0932L527.078 66.0956V66.377C526.956 67.4626 526.875 68.5079 526.835 69.5532V74.8643Z" fill="url(#paint32_linear_35097_25595)"/>
<path fill-rule="evenodd" clip-rule="evenodd" d="M531.265 36.2231C534.273 32.1222 536.508 27.5388 538.297 22.7544L539.475 19.5781C541.67 13.6278 542.971 7.39599 543.052 1.12397V0.0786276H535.695V3.05381C535.655 4.09914 535.573 5.14448 535.451 6.23002V6.51146C535.329 7.6372 535.207 8.76297 535.004 9.88871C533.947 16.3618 532.078 20.7843 531.265 22.4729C530.452 20.7843 528.582 16.3618 527.526 9.88871C527.322 8.72276 527.2 7.6372 527.078 6.51146V6.23002C527 5.53583 526.956 4.84164 526.912 4.16848C526.888 3.78908 526.864 3.41607 526.835 3.05381V0.0786276H519.478V1.12397C519.559 7.43619 520.9 13.668 523.055 19.5781L524.233 22.7544C525.94 27.4986 528.216 32.1222 531.265 36.2231ZM531.265 36.2231C531.265 36.2231 531.265 36.2633 531.306 36.3035C531.306 36.3035 531.306 36.3437 531.265 36.3839C531.265 36.3839 531.265 36.3437 531.224 36.3035C531.224 36.3035 531.224 36.2633 531.265 36.2231Z" fill="url(#paint33_linear_35097_25595)"/>
<path d="M531.265 108.194C531.265 108.194 531.265 108.154 531.224 108.114C531.224 108.114 531.224 108.074 531.265 108.034C531.265 108.034 531.265 108.074 531.306 108.114C531.306 108.114 531.306 108.154 531.265 108.194Z" fill="url(#paint34_linear_35097_25595)"/>
<path fill-rule="evenodd" clip-rule="evenodd" d="M543.052 143.294C542.971 136.981 541.629 130.75 539.475 124.839L538.297 121.663C536.549 116.919 534.313 112.295 531.265 108.194C528.257 112.295 525.981 116.879 524.233 121.663L523.055 124.839C520.86 130.79 519.559 137.022 519.478 143.294V144.745C519.559 151.057 520.9 157.289 523.055 163.199L524.233 166.375C525.94 171.12 528.216 175.743 531.265 179.844C531.224 179.884 531.224 179.924 531.224 179.924C531.265 179.965 531.265 180.005 531.265 180.005C528.257 184.106 525.981 188.689 524.233 193.474L523.055 196.65C520.86 202.6 519.559 208.832 519.478 215.104V216.555C519.559 222.868 520.9 229.099 523.055 235.01L524.233 238.186C525.94 242.93 528.216 247.554 531.265 251.654C531.224 251.695 531.224 251.735 531.224 251.735C531.265 251.775 531.265 251.815 531.265 251.815C528.257 255.916 525.981 260.5 524.233 265.284L523.055 268.46C520.86 274.411 519.559 280.642 519.478 286.914V287.96H526.835V284.985C526.875 283.939 526.956 282.894 527.078 281.808V281.527L527.079 281.525C527.201 280.4 527.322 279.275 527.526 278.15C528.582 271.677 530.452 267.254 531.265 265.566C532.078 267.254 533.947 271.677 535.004 278.15C535.207 279.316 535.329 280.401 535.451 281.527V281.808C535.529 282.503 535.574 283.197 535.617 283.87C535.642 284.25 535.666 284.622 535.695 284.985V287.96H543.052V286.914C542.971 280.602 541.629 274.37 539.475 268.46L538.297 265.284C536.549 260.54 534.313 255.916 531.265 251.815C531.306 251.775 531.306 251.735 531.306 251.735C531.265 251.695 531.265 251.654 531.265 251.654C534.273 247.554 536.508 242.97 538.297 238.186L539.475 235.01C541.67 229.059 542.971 222.827 543.052 216.555V215.104C542.971 208.792 541.629 202.56 539.475 196.65L538.297 193.474C536.549 188.729 534.313 184.106 531.265 180.005C531.306 179.965 531.306 179.924 531.306 179.924C531.265 179.884 531.265 179.844 531.265 179.844C534.273 175.743 536.508 171.16 538.297 166.375L539.475 163.199C541.67 157.249 542.971 151.017 543.052 144.745V143.294ZM535.695 141.364C535.666 141.001 535.642 140.629 535.617 140.249C535.574 139.576 535.529 138.882 535.451 138.188V137.906C535.329 136.78 535.207 135.695 535.004 134.529C533.947 128.056 532.078 123.633 531.265 121.945C530.452 123.633 528.582 128.056 527.526 134.529C527.322 135.654 527.201 136.779 527.079 137.904L527.078 137.906V138.188C526.956 139.273 526.875 140.318 526.835 141.364V146.675C526.864 147.037 526.888 147.41 526.912 147.789C526.956 148.462 527 149.157 527.078 149.851V150.132C527.2 151.258 527.322 152.344 527.526 153.51C528.582 159.983 530.452 164.405 531.265 166.094C532.078 164.405 533.947 159.983 535.004 153.51C535.207 152.384 535.329 151.258 535.451 150.132V149.851C535.573 148.765 535.655 147.72 535.695 146.675V141.364ZM526.835 218.485C526.864 218.847 526.888 219.22 526.912 219.599C526.956 220.272 527 220.967 527.078 221.661V221.943C527.2 223.069 527.322 224.154 527.526 225.32C528.582 231.793 530.452 236.216 531.265 237.904C532.078 236.216 533.947 231.793 535.004 225.32C535.207 224.194 535.329 223.069 535.451 221.943V221.661C535.573 220.576 535.655 219.531 535.695 218.485V213.174C535.666 212.812 535.642 212.439 535.617 212.06C535.574 211.387 535.529 210.692 535.451 209.998V209.717C535.329 208.591 535.207 207.505 535.004 206.339C533.947 199.866 532.078 195.444 531.265 193.755C530.452 195.444 528.582 199.866 527.526 206.339C527.322 207.464 527.201 208.589 527.079 209.714L527.078 209.717V209.998C526.956 211.083 526.875 212.129 526.835 213.174V218.485Z" fill="url(#paint35_linear_35097_25595)"/>
<path fill-rule="evenodd" clip-rule="evenodd" d="M519.356 35.2582C519.275 28.946 517.933 22.7142 515.779 16.804L514.6 13.6278C512.853 8.88358 510.617 4.25996 507.569 0.159025C507.569 0.159025 507.569 0.118833 507.528 0.0786276H507.488C507.488 0.0786276 507.488 0.118819 507.447 0.159025C504.439 4.25996 502.163 8.84338 500.415 13.6278L499.237 16.804C497.042 22.7544 495.741 28.9862 495.66 35.2582V37.3891C495.741 43.7013 497.082 49.9331 499.237 55.8433L500.415 59.0195C502.127 63.6646 504.305 68.1941 507.257 72.2305C504.343 76.2645 502.126 80.7551 500.415 85.4383L499.237 88.6145C497.042 94.5648 495.741 100.797 495.66 107.069V109.2C495.741 115.512 497.082 121.744 499.237 127.654L500.415 130.83C502.127 135.475 504.305 140.005 507.257 144.041C504.343 148.075 502.126 152.566 500.415 157.249L499.237 160.425C497.042 166.375 495.741 172.607 495.66 178.879V181.01C495.741 187.322 497.082 193.554 499.237 199.464L500.415 202.64C502.127 207.286 504.305 211.815 507.257 215.851C504.343 219.885 502.126 224.376 500.415 229.059L499.237 232.235C497.042 238.186 495.741 244.418 495.66 250.69V252.82C495.741 259.133 497.082 265.365 499.237 271.275L500.415 274.451C502.163 279.195 504.399 283.819 507.447 287.92C507.447 287.92 507.447 287.96 507.488 288H507.528C507.528 288 507.528 287.96 507.569 287.92C510.577 283.819 512.853 279.235 514.6 274.451L515.779 271.275C517.974 265.324 519.275 259.092 519.356 252.82V250.69C519.275 244.377 517.933 238.146 515.779 232.235L514.6 229.059C512.889 224.414 510.71 219.885 507.759 215.848C510.673 211.814 512.89 207.324 514.6 202.64L515.779 199.464C517.974 193.514 519.275 187.282 519.356 181.01V178.879C519.275 172.567 517.933 166.335 515.779 160.425L514.6 157.249C512.889 152.604 510.71 148.074 507.759 144.038C510.673 140.004 512.89 135.513 514.6 130.83L515.779 127.654C517.974 121.703 519.275 115.472 519.356 109.2V107.069C519.275 100.756 517.933 94.5247 515.779 88.6145L514.6 85.4383C512.889 80.7932 510.71 76.2637 507.759 72.2272C510.673 68.1932 512.89 63.7027 514.6 59.0195L515.779 55.8433C517.974 49.8929 519.275 43.6611 519.356 37.3891V35.2582ZM511.959 39.2385C511.918 40.2838 511.837 41.3292 511.715 42.4147V42.6962C511.593 43.8219 511.471 44.9477 511.268 46.0734C510.211 52.5465 508.341 56.969 507.528 58.6576C506.715 56.969 504.846 52.5465 503.789 46.0734C503.586 44.9075 503.464 43.8219 503.342 42.6962V42.4147C503.264 41.7206 503.219 41.0264 503.176 40.3532C503.151 39.9737 503.127 39.6009 503.098 39.2385V33.2881C503.139 32.2428 503.22 31.1975 503.342 30.1119V29.8305L503.342 29.8279C503.464 28.703 503.586 27.5781 503.789 26.4532C504.846 19.9802 506.715 15.5576 507.528 13.869C508.341 15.5576 510.211 19.9802 511.268 26.4532C511.471 27.6192 511.593 28.7048 511.715 29.8305V30.1119C511.793 30.806 511.837 31.5001 511.881 32.1731C511.905 32.5527 511.929 32.9258 511.959 33.2881V39.2385ZM511.959 111.049C511.918 112.094 511.837 113.14 511.715 114.225V114.507C511.593 115.632 511.471 116.758 511.268 117.884C510.211 124.357 508.341 128.779 507.528 130.468C506.715 128.779 504.846 124.357 503.789 117.884C503.586 116.718 503.464 115.632 503.342 114.507V114.225C503.264 113.531 503.219 112.837 503.176 112.164L503.176 112.162L503.176 112.161C503.151 111.782 503.127 111.411 503.098 111.049V105.099C503.139 104.053 503.22 103.008 503.342 101.922V101.641L503.342 101.638C503.464 100.513 503.586 99.3886 503.789 98.2637C504.846 91.7907 506.715 87.3681 507.528 85.6795C508.341 87.3681 510.211 91.7907 511.268 98.2637C511.471 99.4297 511.593 100.515 511.715 101.641V101.922C511.793 102.616 511.837 103.311 511.881 103.984C511.905 104.363 511.929 104.736 511.959 105.099V111.049ZM511.959 182.859C511.918 183.905 511.837 184.95 511.715 186.036V186.317C511.593 187.443 511.471 188.569 511.268 189.694C510.211 196.167 508.341 200.59 507.528 202.279C506.715 200.59 504.846 196.167 503.789 189.694C503.586 188.528 503.464 187.443 503.342 186.317V186.036C503.264 185.341 503.219 184.647 503.176 183.974C503.151 183.595 503.127 183.222 503.098 182.859V176.909C503.139 175.864 503.22 174.818 503.342 173.733V173.451L503.342 173.449C503.464 172.324 503.586 171.199 503.789 170.074C504.846 163.601 506.715 159.179 507.528 157.49C508.341 159.179 510.211 163.601 511.268 170.074C511.471 171.24 511.593 172.326 511.715 173.451V173.733C511.793 174.427 511.837 175.121 511.881 175.794C511.905 176.174 511.929 176.547 511.959 176.909V182.859ZM511.959 254.67C511.918 255.715 511.837 256.761 511.715 257.846V258.128C511.593 259.253 511.471 260.379 511.268 261.505C510.211 267.978 508.341 272.4 507.528 274.089C506.715 272.4 504.846 267.978 503.789 261.505C503.586 260.339 503.464 259.253 503.342 258.128V257.846C503.264 257.152 503.219 256.458 503.176 255.785L503.176 255.783L503.176 255.782C503.151 255.403 503.127 255.031 503.098 254.67V248.72C503.139 247.674 503.22 246.629 503.342 245.543V245.262L503.342 245.259C503.464 244.134 503.586 243.01 503.789 241.885C504.846 235.412 506.715 230.989 507.528 229.3C508.341 230.989 510.211 235.412 511.268 241.885C511.471 243.051 511.593 244.136 511.715 245.262V245.543C511.793 246.237 511.837 246.931 511.881 247.605C511.905 247.984 511.929 248.357 511.959 248.72V254.67Z" fill="url(#paint36_linear_35097_25595)"/>
<path fill-rule="evenodd" clip-rule="evenodd" d="M566.626 35.2582V37.3891C566.545 43.6611 565.244 49.8929 563.049 55.8433L561.871 59.0195C560.12 63.7026 557.941 68.1932 555.029 72.2272C557.981 76.2636 560.159 80.7932 561.871 85.4383L563.049 88.6145C565.203 94.5247 566.545 100.756 566.626 107.069V109.2C566.545 115.472 565.244 121.703 563.049 127.654L561.871 130.83C560.12 135.513 557.941 140.004 555.029 144.038C557.981 148.074 560.159 152.604 561.871 157.249L563.049 160.425C565.203 166.335 566.545 172.567 566.626 178.879V181.01C566.545 187.282 565.244 193.514 563.049 199.464L561.871 202.64C560.12 207.324 557.941 211.814 555.029 215.848C557.981 219.885 560.159 224.414 561.871 229.059L563.049 232.235C565.203 238.146 566.545 244.377 566.626 250.69V252.82C566.545 259.092 565.244 265.324 563.049 271.275L561.871 274.451C560.082 279.235 557.847 283.819 554.839 287.92C554.798 287.96 554.798 288 554.798 288H554.758C554.717 287.96 554.717 287.92 554.717 287.92C551.669 283.819 549.393 279.195 547.685 274.451L546.507 271.275C544.353 265.365 543.011 259.133 542.93 252.82V250.69C543.011 244.418 544.312 238.186 546.507 232.235L547.685 229.059C549.396 224.376 551.613 219.885 554.527 215.851C551.574 211.815 549.357 207.286 547.685 202.64L546.507 199.464C544.353 193.554 543.011 187.322 542.93 181.01V178.879C543.011 172.607 544.312 166.375 546.507 160.425L547.685 157.249C549.396 152.566 551.613 148.075 554.527 144.041C551.574 140.005 549.357 135.475 547.685 130.83L546.507 127.654C544.353 121.744 543.011 115.512 542.93 109.2V107.069C543.011 100.797 544.312 94.5648 546.507 88.6145L547.685 85.4383C549.396 80.7551 551.613 76.2646 554.527 72.2306C551.574 68.1941 549.357 63.6646 547.685 59.0195L546.507 55.8433C544.353 49.9331 543.011 43.7013 542.93 37.3891V35.2582C543.011 28.9862 544.312 22.7544 546.507 16.804L547.685 13.6278C549.433 8.84338 551.709 4.25996 554.717 0.159025C554.758 0.118819 554.758 0.0786276 554.758 0.0786276H554.798C554.839 0.118833 554.839 0.159025 554.839 0.159025C557.887 4.25996 560.123 8.88358 561.871 13.6278L563.049 16.804C565.203 22.7142 566.545 28.946 566.626 35.2582ZM559.229 39.2385V33.2881C559.199 32.9258 559.175 32.5529 559.151 32.1734C559.107 31.5002 559.063 30.8061 558.985 30.1119V29.8305C558.863 28.7048 558.741 27.6192 558.538 26.4532C557.481 19.9802 555.611 15.5576 554.798 13.869C553.985 15.5576 552.116 19.9802 551.059 26.4532C550.856 27.5781 550.734 28.703 550.612 29.8279L550.612 29.8305V30.1119C550.49 31.1975 550.409 32.2428 550.368 33.2881V39.2385C550.397 39.5995 550.421 39.971 550.445 40.349L550.446 40.3503L550.446 40.3525C550.489 41.0257 550.534 41.7204 550.612 42.4147V42.6962C550.734 43.8219 550.856 44.9075 551.059 46.0734C552.116 52.5465 553.985 56.969 554.798 58.6576C555.611 56.969 557.481 52.5465 558.538 46.0734C558.741 44.9477 558.863 43.8219 558.985 42.6962V42.4147C559.107 41.3292 559.188 40.2838 559.229 39.2385ZM559.229 111.049V105.099C559.199 104.736 559.175 104.363 559.151 103.984C559.107 103.311 559.063 102.617 558.985 101.922V101.641C558.863 100.515 558.741 99.4297 558.538 98.2637C557.481 91.7907 555.611 87.3681 554.798 85.6795C553.985 87.3681 552.116 91.7907 551.059 98.2637C550.856 99.3886 550.734 100.513 550.612 101.638L550.612 101.641V101.922C550.49 103.008 550.409 104.053 550.368 105.099V111.049C550.397 111.41 550.421 111.782 550.446 112.161L550.446 112.162L550.446 112.163C550.489 112.837 550.534 113.531 550.612 114.225V114.507C550.734 115.632 550.856 116.718 551.059 117.884C552.116 124.357 553.985 128.779 554.798 130.468C555.611 128.779 557.481 124.357 558.538 117.884C558.741 116.758 558.863 115.632 558.985 114.507V114.225C559.107 113.14 559.188 112.094 559.229 111.049ZM559.229 182.859V176.909C559.199 176.547 559.175 176.174 559.151 175.794C559.107 175.121 559.063 174.427 558.985 173.733V173.451C558.863 172.326 558.741 171.24 558.538 170.074C557.481 163.601 555.611 159.179 554.798 157.49C553.985 159.179 552.116 163.601 551.059 170.074C550.856 171.199 550.734 172.324 550.612 173.449L550.612 173.451V173.733C550.49 174.818 550.409 175.864 550.368 176.909V182.859C550.397 183.22 550.421 183.592 550.445 183.97L550.446 183.971L550.446 183.973C550.489 184.647 550.534 185.341 550.612 186.036V186.317C550.734 187.443 550.856 188.528 551.059 189.694C552.116 196.167 553.985 200.59 554.798 202.279C555.611 200.59 557.481 196.167 558.538 189.694C558.741 188.569 558.863 187.443 558.985 186.317V186.036C559.107 184.95 559.188 183.905 559.229 182.859ZM559.229 254.67V248.72C559.199 248.357 559.175 247.984 559.151 247.605C559.107 246.932 559.063 246.237 558.985 245.543V245.262C558.863 244.136 558.741 243.051 558.538 241.885C557.481 235.412 555.611 230.989 554.798 229.3C553.985 230.989 552.116 235.412 551.059 241.885C550.856 243.01 550.734 244.134 550.612 245.259L550.612 245.262V245.543C550.49 246.629 550.409 247.674 550.368 248.72V254.67C550.397 255.031 550.421 255.403 550.446 255.782L550.446 255.783L550.446 255.784C550.489 256.458 550.534 257.152 550.612 257.846V258.128C550.734 259.253 550.856 260.339 551.059 261.505C552.116 267.978 553.985 272.4 554.798 274.089C555.611 272.4 557.481 267.978 558.538 261.505C558.741 260.379 558.863 259.253 558.985 258.128V257.846C559.107 256.761 559.188 255.715 559.229 254.67Z" fill="url(#paint37_linear_35097_25595)"/>
<path fill-rule="evenodd" clip-rule="evenodd" d="M585.404 49.8527C583.656 45.1085 581.421 40.4849 578.372 36.3839C578.413 36.3437 578.413 36.3035 578.413 36.3035C578.373 36.2633 578.372 36.2231 578.372 36.2231C581.38 32.1222 583.656 27.5388 585.404 22.7544L586.583 19.5781C588.778 13.6278 590.078 7.39599 590.16 1.12397V0.0786276H582.803V3.05381C582.762 4.09914 582.681 5.14448 582.559 6.23002V6.51146L582.559 6.51397C582.437 7.63885 582.315 8.76383 582.112 9.88871C581.055 16.3618 579.185 20.7843 578.372 22.4729C577.56 20.7843 575.69 16.3618 574.633 9.88871C574.43 8.72276 574.308 7.6372 574.186 6.51146V6.23002C574.108 5.53587 574.063 4.84171 574.02 4.16858C573.996 3.78905 573.971 3.4162 573.942 3.05381V0.0786276H566.586V1.12397C566.667 7.43619 568.008 13.668 570.162 19.5781L571.341 22.7544C573.089 27.4986 575.324 32.1222 578.372 36.2231C578.332 36.2633 578.332 36.3035 578.332 36.3035C578.372 36.3437 578.372 36.3839 578.372 36.3839C575.365 40.4849 573.089 45.0683 571.341 49.8527L570.162 53.0289C567.967 58.9793 566.667 65.2111 566.586 71.4831V72.9344C566.667 79.2467 568.008 85.4784 570.162 91.3886L571.341 94.5648C573.089 99.3091 575.324 103.933 578.372 108.034C578.332 108.074 578.332 108.114 578.332 108.114C578.372 108.154 578.372 108.194 578.372 108.194C575.365 112.295 573.089 116.879 571.341 121.663L570.162 124.839C567.967 130.79 566.667 137.022 566.586 143.294V144.745C566.667 151.057 568.008 157.289 570.162 163.199L571.341 166.375C573.089 171.12 575.324 175.743 578.372 179.844C578.332 179.884 578.332 179.924 578.332 179.924C578.372 179.965 578.372 180.005 578.372 180.005C575.365 184.106 573.089 188.689 571.341 193.474L570.162 196.65C567.967 202.6 566.667 208.832 566.586 215.104V216.555C566.667 222.868 568.008 229.099 570.162 235.01L571.341 238.186C573.089 242.93 575.324 247.554 578.372 251.654C578.332 251.695 578.332 251.735 578.332 251.735C578.372 251.775 578.372 251.815 578.372 251.815C575.365 255.916 573.089 260.5 571.341 265.284L570.162 268.46C567.967 274.411 566.667 280.642 566.586 286.914V287.96H573.942V284.985C573.983 283.939 574.064 282.894 574.186 281.808V281.527L574.186 281.525C574.308 280.4 574.43 279.275 574.633 278.15C575.69 271.677 577.56 267.254 578.372 265.566C579.185 267.254 581.055 271.677 582.112 278.15C582.315 279.316 582.437 280.401 582.559 281.527V281.808C582.637 282.502 582.682 283.196 582.725 283.869L582.725 283.871C582.75 284.25 582.774 284.623 582.803 284.985V287.96H590.16V286.914C590.078 280.602 588.737 274.37 586.583 268.46L585.404 265.284C583.656 260.54 581.421 255.916 578.372 251.815C578.413 251.775 578.413 251.735 578.413 251.735C578.373 251.695 578.372 251.654 578.372 251.654C581.38 247.554 583.656 242.97 585.404 238.186L586.583 235.01C588.778 229.059 590.078 222.827 590.16 216.555V215.104C590.078 208.792 588.737 202.56 586.583 196.65L585.404 193.474C583.656 188.729 581.421 184.106 578.372 180.005C578.413 179.965 578.413 179.924 578.413 179.924C578.373 179.884 578.372 179.844 578.372 179.844C581.38 175.743 583.656 171.16 585.404 166.375L586.583 163.199C588.778 157.249 590.078 151.017 590.16 144.745V143.294C590.078 136.981 588.737 130.75 586.583 124.839L585.404 121.663C583.656 116.919 581.421 112.295 578.372 108.194C578.413 108.154 578.413 108.114 578.413 108.114C578.373 108.074 578.372 108.034 578.372 108.034C581.38 103.933 583.656 99.3493 585.404 94.5648L586.583 91.3886C588.778 85.4382 590.078 79.2065 590.16 72.9344V71.4831C590.078 65.1709 588.737 58.9391 586.583 53.0289L585.404 49.8527ZM582.803 141.364C582.773 141.002 582.75 140.629 582.725 140.25L582.725 140.249C582.682 139.576 582.637 138.882 582.559 138.188V137.906C582.437 136.78 582.315 135.695 582.112 134.529C581.055 128.056 579.185 123.633 578.372 121.945C577.56 123.633 575.69 128.056 574.633 134.529C574.43 135.654 574.308 136.779 574.186 137.904L574.186 137.906V138.188C574.064 139.273 573.983 140.318 573.942 141.364V146.675C573.971 147.037 573.996 147.41 574.02 147.79C574.063 148.463 574.108 149.157 574.186 149.851V150.132C574.308 151.258 574.43 152.344 574.633 153.51C575.69 159.983 577.56 164.405 578.372 166.094C579.185 164.405 581.055 159.983 582.112 153.51C582.315 152.385 582.437 151.26 582.559 150.135L582.559 150.132V149.851C582.681 148.765 582.762 147.72 582.803 146.675V141.364ZM573.942 69.5532C573.983 68.5079 574.064 67.4626 574.186 66.377V66.0956L574.186 66.0932C574.308 64.9683 574.43 63.8433 574.633 62.7184C575.69 56.2453 577.56 51.8227 578.372 50.1341C579.185 51.8227 581.055 56.2453 582.112 62.7184C582.315 63.8843 582.437 64.9698 582.559 66.0956V66.377C582.637 67.0707 582.682 67.7644 582.725 68.4371L582.725 68.4384L582.725 68.4398L582.725 68.4411C582.75 68.8197 582.774 69.1917 582.803 69.5532V74.8643C582.762 75.9096 582.681 76.9549 582.559 78.0405V78.3219L582.559 78.3244C582.437 79.4493 582.315 80.5743 582.112 81.6992C581.055 88.1722 579.185 92.5948 578.372 94.2834C577.56 92.5948 575.69 88.1722 574.633 81.6992C574.43 80.5332 574.308 79.4477 574.186 78.3219V78.0405C574.108 77.3463 574.063 76.6522 574.02 75.979C573.996 75.5995 573.971 75.2267 573.942 74.8643V69.5532ZM573.942 213.174C573.983 212.129 574.064 211.083 574.186 209.998V209.717L574.186 209.714C574.308 208.589 574.43 207.464 574.633 206.339C575.69 199.866 577.56 195.444 578.372 193.755C579.185 195.444 581.055 199.866 582.112 206.339C582.315 207.505 582.437 208.591 582.559 209.717V209.998C582.637 210.692 582.682 211.385 582.725 212.058L582.725 212.059L582.725 212.061L582.725 212.062C582.75 212.441 582.774 212.813 582.803 213.174V218.485C582.762 219.531 582.681 220.576 582.559 221.661V221.943L582.559 221.945C582.437 223.07 582.315 224.195 582.112 225.32C581.055 231.793 579.185 236.216 578.372 237.904C577.56 236.216 575.69 231.793 574.633 225.32C574.43 224.154 574.308 223.069 574.186 221.943V221.661C574.108 220.967 574.063 220.273 574.02 219.6C573.996 219.22 573.971 218.848 573.942 218.485V213.174Z" fill="url(#paint38_linear_35097_25595)"/>
<path fill-rule="evenodd" clip-rule="evenodd" d="M625.643 36.3839C628.691 40.4849 630.926 45.1085 632.674 49.8527L633.853 53.0289C636.007 58.9391 637.348 65.1709 637.43 71.4831V72.9344C637.348 79.2065 636.048 85.4382 633.853 91.3886L632.674 94.5648C630.886 99.3493 628.65 103.933 625.643 108.034C622.594 103.933 620.318 99.3091 618.611 94.5648L617.432 91.3886C615.278 85.4784 613.937 79.2467 613.856 72.9344V71.4831C613.937 65.2111 615.237 58.9793 617.432 53.0289L618.611 49.8527C620.359 45.0683 622.635 40.4849 625.643 36.3839ZM621.212 74.8643C621.242 75.2267 621.266 75.5996 621.29 75.9792C621.334 76.6523 621.378 77.3464 621.456 78.0405V78.3219C621.578 79.4477 621.7 80.5332 621.903 81.6992C622.96 88.1722 624.83 92.5948 625.643 94.2834C626.456 92.5948 628.325 88.1722 629.382 81.6992C629.585 80.5734 629.707 79.4477 629.829 78.3219V78.0405C629.951 76.9549 630.032 75.9096 630.073 74.8643V69.5532C630.044 69.1913 630.02 68.8188 629.995 68.4398V68.4386C629.952 67.7654 629.907 67.0712 629.829 66.377V66.0956C629.707 64.9698 629.585 63.8843 629.382 62.7184C628.325 56.2453 626.456 51.8227 625.643 50.1341C624.83 51.8227 622.96 56.2453 621.903 62.7184C621.7 63.8434 621.578 64.9685 621.456 66.0936L621.456 66.0956V66.377C621.334 67.4626 621.253 68.5079 621.212 69.5532V74.8643Z" fill="url(#paint39_linear_35097_25595)"/>
<path fill-rule="evenodd" clip-rule="evenodd" d="M625.643 36.2231C628.65 32.1222 630.886 27.5388 632.674 22.7544L633.853 19.5781C636.048 13.6278 637.348 7.39599 637.43 1.12397V0.0786276H630.073V3.05381C630.032 4.09914 629.951 5.14448 629.829 6.23002V6.51146C629.707 7.6372 629.585 8.76297 629.382 9.88871C628.325 16.3618 626.456 20.7843 625.643 22.4729C624.83 20.7843 622.96 16.3618 621.903 9.88871C621.7 8.72276 621.578 7.6372 621.456 6.51146V6.23002C621.378 5.53591 621.334 4.84181 621.29 4.16872C621.266 3.78914 621.242 3.41624 621.212 3.05381V0.0786276H613.856V1.12397C613.937 7.43619 615.278 13.668 617.432 19.5781L618.611 22.7544C620.318 27.4986 622.594 32.1222 625.643 36.2231ZM625.643 36.2231C625.643 36.2231 625.643 36.2633 625.683 36.3035C625.683 36.3035 625.683 36.3437 625.643 36.3839C625.643 36.3839 625.643 36.3437 625.602 36.3035C625.602 36.3035 625.602 36.2633 625.643 36.2231Z" fill="url(#paint40_linear_35097_25595)"/>
<path d="M625.643 108.194C625.643 108.194 625.643 108.154 625.602 108.114C625.602 108.114 625.602 108.074 625.643 108.034C625.643 108.034 625.643 108.074 625.683 108.114C625.683 108.114 625.683 108.154 625.643 108.194Z" fill="url(#paint41_linear_35097_25595)"/>
<path fill-rule="evenodd" clip-rule="evenodd" d="M637.43 143.294C637.348 136.981 636.007 130.75 633.853 124.839L632.674 121.663C630.926 116.919 628.691 112.295 625.643 108.194C622.635 112.295 620.359 116.879 618.611 121.663L617.432 124.839C615.237 130.79 613.937 137.022 613.856 143.294V144.745C613.937 151.057 615.278 157.289 617.432 163.199L618.611 166.375C620.318 171.12 622.594 175.743 625.643 179.844C625.602 179.884 625.602 179.924 625.602 179.924C625.643 179.965 625.643 180.005 625.643 180.005C622.635 184.106 620.359 188.689 618.611 193.474L617.432 196.65C615.237 202.6 613.937 208.832 613.856 215.104V216.555C613.937 222.868 615.278 229.099 617.432 235.01L618.611 238.186C620.318 242.93 622.594 247.554 625.643 251.654C625.602 251.695 625.602 251.735 625.602 251.735C625.643 251.775 625.643 251.815 625.643 251.815C622.635 255.916 620.359 260.5 618.611 265.284L617.432 268.46C615.237 274.411 613.937 280.642 613.856 286.914V287.96H621.212V284.985C621.253 283.939 621.334 282.894 621.456 281.808V281.527L621.456 281.525C621.578 280.4 621.7 279.275 621.903 278.15C622.96 271.677 624.83 267.254 625.643 265.566C626.456 267.254 628.325 271.677 629.382 278.15C629.585 279.316 629.707 280.401 629.829 281.527V281.808C629.907 282.503 629.952 283.197 629.995 283.87C630.02 284.249 630.044 284.623 630.073 284.985V287.96H637.43V286.914C637.348 280.602 636.007 274.37 633.853 268.46L632.674 265.284C630.926 260.54 628.691 255.916 625.643 251.815C625.683 251.775 625.683 251.735 625.683 251.735C625.643 251.695 625.643 251.654 625.643 251.654C628.65 247.554 630.886 242.97 632.674 238.186L633.853 235.01C636.048 229.059 637.348 222.827 637.43 216.555V215.104C637.348 208.792 636.007 202.56 633.853 196.65L632.674 193.474C630.926 188.729 628.691 184.106 625.643 180.005C625.683 179.965 625.683 179.924 625.683 179.924C625.643 179.884 625.643 179.844 625.643 179.844C628.65 175.743 630.886 171.16 632.674 166.375L633.853 163.199C636.048 157.249 637.348 151.017 637.43 144.745V143.294ZM630.073 141.364C630.044 141.002 630.02 140.629 629.995 140.25V140.249C629.952 139.576 629.907 138.882 629.829 138.188V137.906C629.707 136.78 629.585 135.695 629.382 134.529C628.325 128.056 626.456 123.633 625.643 121.945C624.83 123.633 622.96 128.056 621.903 134.529C621.7 135.654 621.578 136.779 621.456 137.904L621.456 137.906V138.188C621.334 139.273 621.253 140.318 621.212 141.364V146.675C621.242 147.037 621.266 147.41 621.29 147.79C621.334 148.463 621.378 149.157 621.456 149.851V150.132C621.578 151.258 621.7 152.344 621.903 153.51C622.96 159.983 624.83 164.405 625.643 166.094C626.456 164.405 628.325 159.983 629.382 153.51C629.585 152.384 629.707 151.258 629.829 150.132V149.851C629.951 148.765 630.032 147.72 630.073 146.675V141.364ZM621.212 218.485C621.242 218.848 621.266 219.221 621.29 219.6C621.334 220.273 621.378 220.967 621.456 221.661V221.943C621.578 223.069 621.7 224.154 621.903 225.32C622.96 231.793 624.83 236.216 625.643 237.904C626.456 236.216 628.325 231.793 629.382 225.32C629.585 224.194 629.707 223.069 629.829 221.943V221.661C629.951 220.576 630.032 219.531 630.073 218.485V213.174C630.044 212.812 630.02 212.44 629.995 212.061V212.06C629.952 211.386 629.907 210.692 629.829 209.998V209.717C629.707 208.591 629.585 207.505 629.382 206.339C628.325 199.866 626.456 195.444 625.643 193.755C624.83 195.444 622.96 199.866 621.903 206.339C621.7 207.464 621.578 208.589 621.456 209.714L621.456 209.717V209.998C621.334 211.083 621.253 212.129 621.212 213.174V218.485Z" fill="url(#paint42_linear_35097_25595)"/>
<path fill-rule="evenodd" clip-rule="evenodd" d="M613.693 35.2582C613.612 28.946 612.27 22.7142 610.116 16.804L608.938 13.6278C607.19 8.88358 604.954 4.25996 601.906 0.159025C601.906 0.159025 601.906 0.118833 601.865 0.0786276H601.825C601.825 0.0786276 601.825 0.118819 601.784 0.159025C598.776 4.25996 596.5 8.84338 594.752 13.6278L593.574 16.804C591.379 22.7544 590.078 28.9862 589.997 35.2582V37.3891C590.078 43.7013 591.42 49.9331 593.574 55.8433L594.752 59.0195C596.464 63.6646 598.643 68.1941 601.594 72.2305C598.68 76.2645 596.463 80.7551 594.752 85.4383L593.574 88.6145C591.379 94.5648 590.078 100.797 589.997 107.069V109.2C590.078 115.512 591.42 121.744 593.574 127.654L594.752 130.83C596.464 135.475 598.643 140.005 601.594 144.041C598.68 148.075 596.463 152.566 594.752 157.249L593.574 160.425C591.379 166.375 590.078 172.607 589.997 178.879V181.01C590.078 187.322 591.42 193.554 593.574 199.464L594.752 202.64C596.464 207.286 598.643 211.815 601.594 215.851C598.68 219.885 596.463 224.376 594.752 229.059L593.574 232.235C591.379 238.186 590.078 244.418 589.997 250.69V252.82C590.078 259.133 591.42 265.365 593.574 271.275L594.752 274.451C596.5 279.195 598.736 283.819 601.784 287.92C601.784 287.92 601.784 287.96 601.825 288H601.865C601.865 288 601.865 287.96 601.906 287.92C604.914 283.819 607.19 279.235 608.938 274.451L610.116 271.275C612.311 265.324 613.612 259.092 613.693 252.82V250.69C613.612 244.377 612.27 238.146 610.116 232.235L608.938 229.059C607.226 224.414 605.048 219.885 602.096 215.848C605.01 211.814 607.227 207.324 608.938 202.64L610.116 199.464C612.311 193.514 613.612 187.282 613.693 181.01V178.879C613.612 172.567 612.27 166.335 610.116 160.425L608.938 157.249C607.226 152.604 605.048 148.074 602.096 144.038C605.01 140.004 607.227 135.513 608.938 130.83L610.116 127.654C612.311 121.703 613.612 115.472 613.693 109.2V107.069C613.612 100.756 612.27 94.5247 610.116 88.6145L608.938 85.4383C607.226 80.7932 605.048 76.2637 602.096 72.2272C605.01 68.1932 607.227 63.7027 608.938 59.0195L610.116 55.8433C612.311 49.8929 613.612 43.6611 613.693 37.3891V35.2582ZM606.336 39.2385C606.296 40.2838 606.214 41.3292 606.092 42.4147V42.6962C605.971 43.8219 605.849 44.9477 605.645 46.0734C604.589 52.5465 602.719 56.969 601.906 58.6576C601.093 56.969 599.223 52.5465 598.167 46.0734C597.963 44.9075 597.842 43.8219 597.72 42.6962V42.4147C597.642 41.7206 597.597 41.0264 597.554 40.3533C597.529 39.9738 597.505 39.6009 597.476 39.2385V33.2881C597.516 32.2428 597.598 31.1975 597.72 30.1119V29.8305L597.72 29.828C597.842 28.7031 597.964 27.5781 598.167 26.4532C599.223 19.9802 601.093 15.5576 601.906 13.869C602.719 15.5576 604.589 19.9802 605.645 26.4532C605.849 27.6192 605.971 28.7048 606.092 29.8305V30.1119C606.17 30.8059 606.215 31.4998 606.258 32.1727C606.283 32.5522 606.307 32.9258 606.336 33.2881V39.2385ZM606.336 111.049C606.296 112.094 606.214 113.14 606.092 114.225V114.507C605.971 115.632 605.849 116.758 605.645 117.884C604.589 124.357 602.719 128.779 601.906 130.468C601.093 128.779 599.223 124.357 598.167 117.884C597.963 116.718 597.842 115.632 597.72 114.507V114.225C597.642 113.531 597.597 112.837 597.554 112.164C597.529 111.784 597.505 111.411 597.476 111.049V105.099C597.516 104.053 597.598 103.008 597.72 101.922V101.641L597.72 101.638C597.842 100.514 597.964 99.3886 598.167 98.2637C599.223 91.7907 601.093 87.3681 601.906 85.6795C602.719 87.3681 604.589 91.7907 605.645 98.2637C605.849 99.4297 605.971 100.515 606.092 101.641V101.922C606.17 102.616 606.215 103.31 606.258 103.983C606.283 104.363 606.307 104.736 606.336 105.099V111.049ZM606.336 182.859C606.296 183.905 606.214 184.95 606.092 186.036V186.317C605.971 187.443 605.849 188.569 605.645 189.694C604.589 196.167 602.719 200.59 601.906 202.279C601.093 200.59 599.223 196.167 598.167 189.694C597.963 188.528 597.842 187.443 597.72 186.317V186.036C597.642 185.341 597.597 184.647 597.554 183.974C597.529 183.595 597.505 183.222 597.476 182.859V176.909C597.516 175.864 597.598 174.818 597.72 173.733V173.451L597.72 173.449C597.842 172.324 597.964 171.199 598.167 170.074C599.223 163.601 601.093 159.179 601.906 157.49C602.719 159.179 604.589 163.601 605.645 170.074C605.849 171.24 605.971 172.326 606.092 173.451V173.733C606.17 174.427 606.215 175.121 606.258 175.794C606.283 176.173 606.307 176.547 606.336 176.909V182.859ZM606.336 254.67C606.296 255.715 606.214 256.761 606.092 257.846V258.128C605.971 259.253 605.849 260.379 605.645 261.505C604.589 267.978 602.719 272.4 601.906 274.089C601.093 272.4 599.223 267.978 598.167 261.505C597.963 260.339 597.842 259.253 597.72 258.128V257.846C597.642 257.152 597.597 256.458 597.554 255.785C597.529 255.405 597.505 255.032 597.476 254.67V248.72C597.516 247.674 597.598 246.629 597.72 245.543V245.262L597.72 245.259C597.842 244.134 597.964 243.01 598.167 241.885C599.223 235.412 601.093 230.989 601.906 229.3C602.719 230.989 604.589 235.412 605.645 241.885C605.849 243.051 605.971 244.136 606.092 245.262V245.543C606.17 246.237 606.215 246.931 606.258 247.604C606.283 247.984 606.307 248.357 606.336 248.72V254.67Z" fill="url(#paint43_linear_35097_25595)"/>
<path fill-rule="evenodd" clip-rule="evenodd" d="M660.963 35.2582V37.3891C660.882 43.6611 659.581 49.8929 657.386 55.8433L656.208 59.0195C654.457 63.7026 652.278 68.1932 649.366 72.2272C652.318 76.2636 654.496 80.7932 656.208 85.4383L657.386 88.6145C659.541 94.5247 660.882 100.756 660.963 107.069V109.2C660.882 115.472 659.581 121.703 657.386 127.654L656.208 130.83C654.457 135.513 652.278 140.004 649.366 144.038C652.318 148.074 654.496 152.604 656.208 157.249L657.386 160.425C659.541 166.335 660.882 172.567 660.963 178.879V181.01C660.882 187.282 659.581 193.514 657.386 199.464L656.208 202.64C654.457 207.324 652.278 211.814 649.366 215.848C652.318 219.885 654.496 224.414 656.208 229.059L657.386 232.235C659.541 238.146 660.882 244.377 660.963 250.69V252.82C660.882 259.092 659.581 265.324 657.386 271.275L656.208 274.451C654.419 279.235 652.184 283.819 649.176 287.92C649.135 287.96 649.135 288 649.135 288H649.095C649.054 287.96 649.054 287.92 649.054 287.92C646.006 283.819 643.73 279.195 642.023 274.451L640.844 271.275C638.69 265.365 637.348 259.133 637.267 252.82V250.69C637.348 244.418 638.649 238.186 640.844 232.235L642.023 229.059C643.733 224.376 645.95 219.885 648.864 215.851C645.911 211.815 643.694 207.286 642.023 202.64L640.844 199.464C638.69 193.554 637.348 187.322 637.267 181.01V178.879C637.348 172.607 638.649 166.375 640.844 160.425L642.023 157.249C643.733 152.566 645.95 148.075 648.864 144.041C645.911 140.005 643.694 135.475 642.023 130.83L640.844 127.654C638.69 121.744 637.348 115.512 637.267 109.2V107.069C637.348 100.797 638.649 94.5648 640.844 88.6145L642.023 85.4383C643.733 80.7551 645.95 76.2646 648.864 72.2306C645.911 68.1941 643.694 63.6646 642.023 59.0195L640.844 55.8433C638.69 49.9331 637.348 43.7013 637.267 37.3891V35.2582C637.348 28.9862 638.649 22.7544 640.844 16.804L642.023 13.6278C643.77 8.84338 646.046 4.25996 649.054 0.159025C649.095 0.118819 649.095 0.0786276 649.095 0.0786276H649.135C649.176 0.118833 649.176 0.159025 649.176 0.159025C652.224 4.25996 654.46 8.88358 656.208 13.6278L657.386 16.804C659.541 22.7142 660.882 28.946 660.963 35.2582ZM653.606 39.2385V33.2881C653.577 32.9261 653.553 32.5537 653.529 32.1746C653.485 31.5014 653.441 30.8061 653.363 30.1119V29.8305C653.241 28.7048 653.119 27.6192 652.915 26.4532C651.859 19.9802 649.989 15.5576 649.176 13.869C648.363 15.5576 646.493 19.9802 645.437 26.4532C645.234 27.5783 645.112 28.7033 644.99 29.8283L644.99 29.8305V30.1119C644.868 31.1975 644.786 32.2428 644.746 33.2881V39.2385C644.775 39.6007 644.799 39.9734 644.823 40.3527C644.867 41.026 644.912 41.7204 644.99 42.4147V42.6962C645.112 43.8219 645.233 44.9075 645.437 46.0734C646.493 52.5465 648.363 56.969 649.176 58.6576C649.989 56.969 651.859 52.5465 652.915 46.0734C653.119 44.9477 653.241 43.8219 653.363 42.6962V42.4147C653.484 41.3292 653.566 40.2838 653.606 39.2385ZM653.606 111.049V105.099C653.577 104.736 653.553 104.363 653.529 103.984C653.485 103.311 653.441 102.617 653.363 101.922V101.641C653.241 100.515 653.119 99.4297 652.915 98.2637C651.859 91.7907 649.989 87.3681 649.176 85.6795C648.363 87.3681 646.493 91.7907 645.437 98.2637C645.234 99.3887 645.112 100.514 644.99 101.639L644.99 101.641V101.922C644.868 103.008 644.786 104.053 644.746 105.099V111.049C644.775 111.411 644.799 111.784 644.823 112.163C644.867 112.836 644.912 113.531 644.99 114.225V114.507C645.112 115.632 645.233 116.718 645.437 117.884C646.493 124.357 648.363 128.779 649.176 130.468C649.989 128.779 651.859 124.357 652.915 117.884C653.119 116.758 653.241 115.632 653.363 114.507V114.225C653.484 113.14 653.566 112.094 653.606 111.049ZM653.606 182.859V176.909C653.577 176.547 653.553 176.175 653.529 175.796C653.485 175.122 653.441 174.427 653.363 173.733V173.451C653.241 172.326 653.119 171.24 652.915 170.074C651.859 163.601 649.989 159.179 649.176 157.49C648.363 159.179 646.493 163.601 645.437 170.074C645.234 171.199 645.112 172.324 644.99 173.449L644.99 173.451V173.733C644.868 174.818 644.786 175.864 644.746 176.909V182.859C644.775 183.222 644.799 183.594 644.823 183.974C644.867 184.647 644.912 185.341 644.99 186.036V186.317C645.112 187.443 645.233 188.528 645.437 189.694C646.493 196.167 648.363 200.59 649.176 202.279C649.989 200.59 651.859 196.167 652.915 189.694C653.119 188.569 653.241 187.443 653.363 186.317V186.036C653.484 184.95 653.566 183.905 653.606 182.859ZM653.606 254.67V248.72C653.577 248.358 653.553 247.985 653.529 247.606C653.485 246.933 653.441 246.238 653.363 245.543V245.262C653.241 244.136 653.119 243.051 652.915 241.885C651.859 235.412 649.989 230.989 649.176 229.3C648.363 230.989 646.493 235.412 645.437 241.885C645.234 243.01 645.112 244.135 644.99 245.26L644.99 245.262V245.543C644.868 246.629 644.786 247.674 644.746 248.72V254.67C644.775 255.032 644.799 255.405 644.823 255.784C644.867 256.457 644.912 257.152 644.99 257.846V258.128C645.112 259.253 645.233 260.339 645.437 261.505C646.493 267.978 648.363 272.4 649.176 274.089C649.989 272.4 651.859 267.978 652.915 261.505C653.119 260.379 653.241 259.253 653.363 258.128V257.846C653.484 256.761 653.566 255.715 653.606 254.67Z" fill="url(#paint44_linear_35097_25595)"/>
<path fill-rule="evenodd" clip-rule="evenodd" d="M679.782 49.8527C678.034 45.1085 675.799 40.4849 672.75 36.3839C672.791 36.3437 672.791 36.3035 672.791 36.3035C672.75 36.2633 672.75 36.2231 672.75 36.2231C675.758 32.1222 678.034 27.5388 679.782 22.7544L680.96 19.5781C683.155 13.6278 684.456 7.39599 684.537 1.12397V0.0786276H677.18V3.05381C677.14 4.09914 677.059 5.14448 676.937 6.23002V6.51146L676.936 6.51362C676.815 7.63864 676.693 8.76369 676.49 9.88871C675.433 16.3618 673.563 20.7843 672.75 22.4729C671.937 20.7843 670.068 16.3618 669.011 9.88871C668.807 8.72276 668.686 7.6372 668.564 6.51146V6.23002C668.486 5.53591 668.441 4.84181 668.398 4.16872C668.373 3.78914 668.349 3.41624 668.32 3.05381V0.0786276H660.963V1.12397C661.044 7.43619 662.386 13.668 664.54 19.5781L665.719 22.7544C667.466 27.4986 669.702 32.1222 672.75 36.2231C672.709 36.2633 672.709 36.3035 672.709 36.3035C672.75 36.3437 672.75 36.3839 672.75 36.3839C669.742 40.4849 667.466 45.0683 665.719 49.8527L664.54 53.0289C662.345 58.9793 661.044 65.2111 660.963 71.4831V72.9344C661.044 79.2467 662.386 85.4784 664.54 91.3886L665.719 94.5648C667.466 99.3091 669.702 103.933 672.75 108.034C672.709 108.074 672.709 108.114 672.709 108.114C672.75 108.154 672.75 108.194 672.75 108.194C669.742 112.295 667.466 116.879 665.719 121.663L664.54 124.839C662.345 130.79 661.044 137.022 660.963 143.294V144.745C661.044 151.057 662.386 157.289 664.54 163.199L665.719 166.375C667.466 171.12 669.702 175.743 672.75 179.844C672.709 179.884 672.709 179.924 672.709 179.924C672.75 179.965 672.75 180.005 672.75 180.005C669.742 184.106 667.466 188.689 665.719 193.474L664.54 196.65C662.345 202.6 661.044 208.832 660.963 215.104V216.555C661.044 222.868 662.386 229.099 664.54 235.01L665.719 238.186C667.466 242.93 669.702 247.554 672.75 251.654C672.709 251.695 672.709 251.735 672.709 251.735C672.75 251.775 672.75 251.815 672.75 251.815C669.742 255.916 667.466 260.5 665.719 265.284L664.54 268.46C662.345 274.411 661.044 280.642 660.963 286.914V287.96H668.32V284.985C668.36 283.939 668.442 282.894 668.564 281.808V281.527L668.564 281.525C668.686 280.4 668.808 279.275 669.011 278.15C670.068 271.677 671.937 267.254 672.75 265.566C673.563 267.254 675.433 271.677 676.49 278.15C676.693 279.316 676.815 280.401 676.937 281.527V281.808C677.015 282.503 677.059 283.197 677.103 283.87C677.127 284.249 677.151 284.623 677.18 284.985V287.96H684.537V286.914C684.456 280.602 683.115 274.37 680.96 268.46L679.782 265.284C678.034 260.54 675.799 255.916 672.75 251.815C672.791 251.775 672.791 251.735 672.791 251.735C672.75 251.695 672.75 251.654 672.75 251.654C675.758 247.554 678.034 242.97 679.782 238.186L680.96 235.01C683.155 229.059 684.456 222.827 684.537 216.555V215.104C684.456 208.792 683.115 202.56 680.96 196.65L679.782 193.474C678.034 188.729 675.799 184.106 672.75 180.005C672.791 179.965 672.791 179.924 672.791 179.924C672.75 179.884 672.75 179.844 672.75 179.844C675.758 175.743 678.034 171.16 679.782 166.375L680.96 163.199C683.155 157.249 684.456 151.017 684.537 144.745V143.294C684.456 136.981 683.115 130.75 680.96 124.839L679.782 121.663C678.034 116.919 675.799 112.295 672.75 108.194C672.791 108.154 672.791 108.114 672.791 108.114C672.75 108.074 672.75 108.034 672.75 108.034C675.758 103.933 678.034 99.3493 679.782 94.5648L680.96 91.3886C683.155 85.4382 684.456 79.2065 684.537 72.9344V71.4831C684.456 65.1709 683.115 58.9391 680.96 53.0289L679.782 49.8527ZM677.18 141.364C677.151 141.001 677.127 140.629 677.103 140.249C677.059 139.576 677.015 138.882 676.937 138.188V137.906C676.815 136.78 676.693 135.695 676.49 134.529C675.433 128.056 673.563 123.633 672.75 121.945C671.937 123.633 670.068 128.056 669.011 134.529C668.808 135.654 668.686 136.779 668.564 137.904L668.564 137.906V138.188C668.442 139.273 668.36 140.318 668.32 141.364V146.675C668.349 147.037 668.373 147.41 668.398 147.79C668.441 148.463 668.486 149.157 668.564 149.851V150.132C668.686 151.258 668.807 152.344 669.011 153.51C670.068 159.983 671.937 164.405 672.75 166.094C673.563 164.405 675.433 159.983 676.49 153.51C676.693 152.385 676.815 151.26 676.936 150.135L676.937 150.132V149.851C677.059 148.765 677.14 147.72 677.18 146.675V141.364ZM668.32 69.5532C668.36 68.5079 668.442 67.4626 668.564 66.377V66.0956L668.564 66.0936C668.686 64.9685 668.808 63.8434 669.011 62.7184C670.068 56.2453 671.937 51.8227 672.75 50.1341C673.563 51.8227 675.433 56.2453 676.49 62.7184C676.693 63.8843 676.815 64.9698 676.937 66.0956V66.377C677.015 67.0712 677.059 67.7654 677.103 68.4386L677.103 68.4398C677.127 68.8188 677.151 69.1913 677.18 69.5532V74.8643C677.14 75.9096 677.059 76.9549 676.937 78.0405V78.3219L676.936 78.3241C676.815 79.4491 676.693 80.5742 676.49 81.6992C675.433 88.1722 673.563 92.5948 672.75 94.2834C671.937 92.5948 670.068 88.1722 669.011 81.6992C668.807 80.5332 668.686 79.4477 668.564 78.3219V78.0405C668.486 77.3464 668.441 76.6523 668.398 75.9792C668.373 75.5996 668.349 75.2267 668.32 74.8643V69.5532ZM668.32 213.174C668.36 212.129 668.442 211.083 668.564 209.998V209.717L668.564 209.714C668.686 208.589 668.808 207.464 669.011 206.339C670.068 199.866 671.937 195.444 672.75 193.755C673.563 195.444 675.433 199.866 676.49 206.339C676.693 207.505 676.815 208.591 676.937 209.717V209.998C677.015 210.692 677.059 211.386 677.103 212.06L677.103 212.061C677.127 212.44 677.151 212.812 677.18 213.174V218.485C677.14 219.531 677.059 220.576 676.937 221.661V221.943L676.936 221.945C676.815 223.07 676.693 224.195 676.49 225.32C675.433 231.793 673.563 236.216 672.75 237.904C671.937 236.216 670.068 231.793 669.011 225.32C668.807 224.154 668.686 223.069 668.564 221.943V221.661C668.486 220.967 668.441 220.273 668.398 219.6C668.373 219.221 668.349 218.848 668.32 218.485V213.174Z" fill="url(#paint45_linear_35097_25595)"/>
<path fill-rule="evenodd" clip-rule="evenodd" d="M708.071 35.2582V37.3891C707.989 43.6611 706.689 49.8929 704.494 55.8433L703.315 59.0195C701.604 63.7027 699.387 68.1932 696.474 72.2272C699.425 76.2637 701.604 80.7932 703.315 85.4383L704.494 88.6145C706.648 94.5247 707.989 100.756 708.071 107.069V109.2C707.989 115.472 706.689 121.703 704.494 127.654L703.315 130.83C701.604 135.513 699.387 140.004 696.474 144.038C699.425 148.074 701.604 152.604 703.315 157.249L704.494 160.425C706.648 166.335 707.989 172.567 708.071 178.879V181.01C707.989 187.282 706.689 193.514 704.494 199.464L703.315 202.64C701.604 207.324 699.387 211.814 696.474 215.848C699.425 219.885 701.604 224.414 703.315 229.059L704.494 232.235C706.648 238.146 707.989 244.377 708.071 250.69V252.82C707.989 259.092 706.689 265.324 704.494 271.275L703.315 274.451C701.567 279.235 699.291 283.819 696.284 287.92C696.243 287.96 696.243 288 696.243 288H696.202C696.162 287.96 696.162 287.92 696.162 287.92C693.113 283.819 690.878 279.195 689.13 274.451L687.951 271.275C685.797 265.365 684.456 259.133 684.375 252.82V250.69C684.456 244.418 685.756 238.186 687.951 232.235L689.13 229.059C690.841 224.376 693.058 219.885 695.972 215.851C693.02 211.815 690.841 207.286 689.13 202.64L687.951 199.464C685.797 193.554 684.456 187.322 684.375 181.01V178.879C684.456 172.607 685.756 166.375 687.951 160.425L689.13 157.249C690.841 152.566 693.058 148.075 695.972 144.041C693.02 140.005 690.841 135.475 689.13 130.83L687.951 127.654C685.797 121.744 684.456 115.512 684.375 109.2V107.069C684.456 100.797 685.756 94.5648 687.951 88.6145L689.13 85.4383C690.841 80.7551 693.058 76.2645 695.972 72.2305C693.02 68.1941 690.841 63.6646 689.13 59.0195L687.951 55.8433C685.797 49.9331 684.456 43.7013 684.375 37.3891V35.2582C684.456 28.9862 685.756 22.7544 687.951 16.804L689.13 13.6278C690.878 8.84338 693.154 4.25996 696.162 0.159025C696.202 0.118819 696.202 0.0786276 696.202 0.0786276H696.243C696.284 0.118833 696.284 0.159025 696.284 0.159025C699.332 4.25996 701.567 8.88358 703.315 13.6278L704.494 16.804C706.648 22.7142 707.989 28.946 708.071 35.2582ZM700.673 39.2385V33.2881C700.644 32.9258 700.62 32.553 700.595 32.1735C700.552 31.5003 700.507 30.8061 700.429 30.1119V29.8305C700.307 28.7048 700.186 27.6192 699.982 26.4532C698.926 19.9802 697.056 15.5576 696.243 13.869C695.43 15.5576 693.56 19.9802 692.504 26.4532C692.3 27.5783 692.179 28.7033 692.057 29.8283L692.056 29.8305V30.1119C691.935 31.1975 691.853 32.2428 691.813 33.2881V39.2385C691.842 39.6009 691.866 39.9738 691.89 40.3534C691.934 41.0265 691.979 41.7206 692.056 42.4147V42.6962C692.178 43.8219 692.3 44.9075 692.504 46.0734C693.56 52.5465 695.43 56.969 696.243 58.6576C697.056 56.969 698.926 52.5465 699.982 46.0734C700.185 44.9484 700.307 43.8233 700.429 42.6983L700.429 42.6962V42.4147C700.551 41.3292 700.633 40.2838 700.673 39.2385ZM700.673 111.049V105.099C700.644 104.736 700.62 104.363 700.595 103.984C700.552 103.311 700.507 102.617 700.429 101.922V101.641C700.307 100.515 700.186 99.4297 699.982 98.2637C698.926 91.7907 697.056 87.3681 696.243 85.6795C695.43 87.3681 693.56 91.7907 692.504 98.2637C692.3 99.3887 692.179 100.514 692.057 101.639L692.056 101.641V101.922C691.935 103.008 691.853 104.053 691.813 105.099V111.049C691.842 111.411 691.866 111.784 691.89 112.164C691.934 112.837 691.979 113.531 692.056 114.225V114.507C692.178 115.632 692.3 116.718 692.504 117.884C693.56 124.357 695.43 128.779 696.243 130.468C697.056 128.779 698.926 124.357 699.982 117.884C700.185 116.759 700.307 115.634 700.429 114.509L700.429 114.507V114.225C700.551 113.14 700.633 112.094 700.673 111.049ZM700.673 182.859V176.909C700.644 176.547 700.62 176.174 700.595 175.794C700.552 175.121 700.507 174.427 700.429 173.733V173.451C700.307 172.326 700.186 171.24 699.982 170.074C698.926 163.601 697.056 159.179 696.243 157.49C695.43 159.179 693.56 163.601 692.504 170.074C692.3 171.199 692.179 172.324 692.057 173.449L692.056 173.451V173.733C691.935 174.818 691.853 175.864 691.813 176.909V182.859C691.842 183.222 691.866 183.595 691.89 183.974C691.934 184.647 691.979 185.342 692.056 186.036V186.317C692.178 187.443 692.3 188.528 692.504 189.694C693.56 196.167 695.43 200.59 696.243 202.279C697.056 200.59 698.926 196.167 699.982 189.694C700.185 188.569 700.307 187.444 700.429 186.319L700.429 186.317V186.036C700.551 184.95 700.633 183.905 700.673 182.859ZM700.673 254.67V248.72C700.644 248.358 700.62 247.985 700.596 247.606C700.552 246.933 700.507 246.238 700.429 245.543V245.262C700.307 244.136 700.186 243.051 699.982 241.885C698.926 235.412 697.056 230.989 696.243 229.3C695.43 230.989 693.56 235.412 692.504 241.885C692.3 243.01 692.179 244.135 692.057 245.26L692.056 245.262V245.543C691.935 246.629 691.853 247.674 691.813 248.72V254.67C691.842 255.032 691.866 255.405 691.89 255.785C691.934 256.458 691.979 257.152 692.056 257.846V258.128C692.178 259.253 692.3 260.339 692.504 261.505C693.56 267.978 695.43 272.4 696.243 274.089C697.056 272.4 698.926 267.978 699.982 261.505C700.185 260.38 700.307 259.255 700.429 258.13L700.429 258.128V257.846C700.551 256.761 700.633 255.715 700.673 254.67Z" fill="url(#paint46_linear_35097_25595)"/>
<path fill-rule="evenodd" clip-rule="evenodd" d="M755.422 35.2582V37.2685C755.341 43.5405 754.04 49.7723 751.845 55.7226L750.667 58.8988C748.907 63.6055 746.715 68.1176 743.781 72.1672C746.755 76.2188 748.947 80.7702 750.667 85.4383L751.845 88.6145C754 94.5247 755.341 100.756 755.422 107.069V109.079C755.341 115.351 754.04 121.583 751.845 127.533L750.667 130.709C748.907 135.416 746.715 139.928 743.781 143.978C746.755 148.029 748.947 152.581 750.667 157.249L751.845 160.425C754 166.335 755.341 172.567 755.422 178.879V180.889C755.341 187.161 754.04 193.393 751.845 199.344L750.667 202.52C748.907 207.226 746.715 211.739 743.781 215.788C746.755 219.84 748.947 224.391 750.667 229.059L751.845 232.235C754 238.146 755.341 244.377 755.422 250.69V252.7C755.341 258.972 754.04 265.204 751.845 271.154L750.667 274.33C748.878 279.115 746.643 283.698 743.635 287.799C743.626 287.808 743.619 287.817 743.614 287.825C743.607 287.835 743.603 287.845 743.6 287.853C743.594 287.869 743.594 287.879 743.594 287.879H743.554C743.513 287.839 743.513 287.799 743.513 287.799C740.465 283.698 738.189 279.074 736.482 274.33L735.303 271.154C733.149 265.244 731.807 259.012 731.726 252.7V250.69C731.807 244.418 733.108 238.186 735.303 232.235L736.482 229.059C738.201 224.353 740.432 219.84 743.367 215.791C740.392 211.739 738.161 207.188 736.482 202.52L735.303 199.344C733.149 193.433 731.807 187.202 731.726 180.889V178.879C731.807 172.607 733.108 166.375 735.303 160.425L736.482 157.249C738.201 152.542 740.432 148.03 743.367 143.98C740.392 139.929 738.161 135.377 736.482 130.709L735.303 127.533C733.149 121.623 731.807 115.391 731.726 109.079V107.069C731.807 100.797 733.108 94.5648 735.303 88.6145L736.482 85.4383C738.201 80.7316 740.432 76.2195 743.367 72.1699C740.392 68.1183 738.161 63.567 736.482 58.8988L735.303 55.7226C733.149 49.8125 731.807 43.5807 731.726 37.2685V35.2582C731.807 28.9862 733.108 22.7544 735.303 16.804L736.482 13.6278C738.229 8.84338 740.505 4.25996 743.513 0.159025C743.554 0.118819 743.554 0.0786276 743.554 0.0786276H743.594C743.635 0.118833 743.635 0.159025 743.635 0.159025C746.683 4.25996 748.919 8.88358 750.667 13.6278L751.845 16.804C754 22.7142 755.341 28.946 755.422 35.2582ZM747.74 42.3343C747.862 41.2488 747.943 40.2034 747.984 39.1581V33.3283C747.955 32.9663 747.931 32.5939 747.906 32.2148L747.906 32.2137C747.863 31.5405 747.818 30.8463 747.74 30.1521V29.8707C747.618 28.745 747.496 27.6594 747.293 26.4935C746.236 20.0204 744.367 15.5978 743.554 13.9092C742.741 15.5978 740.871 20.0204 739.814 26.4935C739.611 27.6192 739.489 28.745 739.367 29.8707V30.1521C739.245 31.2377 739.164 32.283 739.123 33.3283V39.1581C739.153 39.5201 739.177 39.8924 739.201 40.2715C739.245 40.9447 739.289 41.6401 739.367 42.3343V42.6158C739.489 43.7415 739.611 44.827 739.814 45.993C740.871 52.466 742.741 56.8886 743.554 58.5772C744.367 56.8886 746.236 52.466 747.293 45.993C747.496 44.8672 747.618 43.7415 747.74 42.6158V42.3343ZM747.74 114.145C747.862 113.059 747.943 112.014 747.984 110.969V105.139C747.955 104.777 747.931 104.404 747.906 104.025L747.906 104.024C747.863 103.351 747.818 102.657 747.74 101.963V101.681C747.618 100.555 747.496 99.4699 747.293 98.3039C746.236 91.8309 744.367 87.4083 743.554 85.7197C742.741 87.4083 740.871 91.8309 739.814 98.3039C739.611 99.4297 739.489 100.555 739.367 101.681V101.963C739.245 103.048 739.164 104.093 739.123 105.139V110.969C739.153 111.331 739.177 111.703 739.201 112.082L739.201 112.083C739.245 112.756 739.289 113.451 739.367 114.145V114.426C739.489 115.552 739.611 116.637 739.814 117.803C740.871 124.276 742.741 128.699 743.554 130.388C744.367 128.699 746.236 124.276 747.293 117.803C747.496 116.678 747.618 115.552 747.74 114.426V114.145ZM747.74 185.955C747.862 184.87 747.943 183.824 747.984 182.779V176.949C747.955 176.587 747.931 176.215 747.906 175.836L747.906 175.835C747.863 175.161 747.818 174.467 747.74 173.773V173.492C747.618 172.366 747.496 171.28 747.293 170.114C746.236 163.641 744.367 159.219 743.554 157.53C742.741 159.219 740.871 163.641 739.814 170.114C739.611 171.24 739.489 172.366 739.367 173.492V173.773C739.245 174.859 739.164 175.904 739.123 176.949V182.779C739.153 183.141 739.177 183.513 739.201 183.892C739.245 184.566 739.289 185.261 739.367 185.955V186.237C739.489 187.362 739.611 188.448 739.814 189.614C740.871 196.087 742.741 200.51 743.554 202.198C744.367 200.51 746.236 196.087 747.293 189.614C747.496 188.488 747.618 187.362 747.74 186.237V185.955ZM747.74 257.766C747.862 256.68 747.943 255.635 747.984 254.589V248.76C747.955 248.398 747.931 248.025 747.906 247.646L747.906 247.645C747.863 246.972 747.818 246.278 747.74 245.584V245.302C747.618 244.176 747.496 243.091 747.293 241.925C746.236 235.452 744.367 231.029 743.554 229.341C742.741 231.029 740.871 235.452 739.814 241.925C739.611 243.051 739.489 244.176 739.367 245.302V245.584C739.245 246.669 739.164 247.714 739.123 248.76V254.589C739.153 254.951 739.177 255.324 739.201 255.703L739.201 255.704C739.245 256.377 739.289 257.071 739.367 257.766V258.047C739.489 259.173 739.611 260.258 739.814 261.424C740.871 267.897 742.741 272.32 743.554 274.009C744.367 272.32 746.236 267.897 747.293 261.424C747.496 260.299 747.618 259.173 747.74 258.047V257.766Z" fill="url(#paint47_linear_35097_25595)"/>
<path fill-rule="evenodd" clip-rule="evenodd" d="M774.2 49.8527C772.452 45.1085 770.217 40.4849 767.169 36.3839C767.209 36.3437 767.209 36.3035 767.209 36.3035C767.169 36.2633 767.169 36.2231 767.169 36.2231C770.176 32.1222 772.452 27.5388 774.2 22.7544L775.379 19.5781C777.574 13.6278 778.874 7.39599 778.956 1.12397V0.0786276H771.599V3.05381C771.558 4.09914 771.477 5.14448 771.355 6.23002V6.51146C771.233 7.6372 771.111 8.76297 770.908 9.88871C769.851 16.3618 767.982 20.7843 767.169 22.4729C766.356 20.7843 764.486 16.3618 763.429 9.88871C763.226 8.72276 763.104 7.6372 762.982 6.51146V6.23002C762.904 5.53629 762.86 4.84255 762.816 4.16981L762.816 4.16831C762.792 3.7892 762.768 3.41581 762.738 3.05381V0.0786276H755.382V1.12397C755.463 7.43619 756.804 13.668 758.958 19.5781L760.137 22.7544C761.885 27.4986 764.12 32.1222 767.169 36.2231C767.128 36.2633 767.128 36.3035 767.128 36.3035C767.169 36.3437 767.169 36.3839 767.169 36.3839C764.161 40.4849 761.885 45.0683 760.137 49.8527L758.958 53.0289C756.763 58.9793 755.463 65.2111 755.382 71.4831V72.9344C755.463 79.2467 756.804 85.4784 758.958 91.3886L760.137 94.5648C761.885 99.3091 764.12 103.933 767.169 108.034C767.128 108.074 767.128 108.114 767.128 108.114C767.169 108.154 767.169 108.194 767.169 108.194C764.161 112.295 761.885 116.879 760.137 121.663L758.958 124.839C756.763 130.79 755.463 137.022 755.382 143.294V144.745C755.463 151.057 756.804 157.289 758.958 163.199L760.137 166.375C761.885 171.12 764.12 175.743 767.169 179.844C767.128 179.884 767.128 179.924 767.128 179.924C767.169 179.965 767.169 180.005 767.169 180.005C764.161 184.106 761.885 188.689 760.137 193.474L758.958 196.65C756.763 202.6 755.463 208.832 755.382 215.104V216.555C755.463 222.868 756.804 229.099 758.958 235.01L760.137 238.186C761.885 242.93 764.12 247.554 767.169 251.654C767.128 251.695 767.128 251.735 767.128 251.735C767.169 251.775 767.169 251.815 767.169 251.815C764.161 255.916 761.885 260.5 760.137 265.284L758.958 268.46C756.763 274.411 755.463 280.642 755.382 286.914V287.96H762.738V284.985C762.779 283.939 762.86 282.894 762.982 281.808V281.527L762.983 281.523C763.104 280.398 763.226 279.274 763.429 278.15C764.486 271.677 766.356 267.254 767.169 265.566C767.982 267.254 769.851 271.677 770.908 278.15C771.111 279.316 771.233 280.401 771.355 281.527V281.808C771.433 282.503 771.478 283.197 771.521 283.87L771.53 284.003L771.545 284.234C771.562 284.488 771.579 284.739 771.599 284.985V287.96H778.956V286.914C778.874 280.602 777.533 274.37 775.379 268.46L774.2 265.284C772.452 260.54 770.217 255.916 767.169 251.815C767.209 251.775 767.209 251.735 767.209 251.735C767.197 251.723 767.188 251.711 767.182 251.7C767.18 251.696 767.179 251.692 767.177 251.689L767.174 251.681C767.169 251.665 767.169 251.654 767.169 251.654C770.176 247.554 772.452 242.97 774.2 238.186L775.379 235.01C777.574 229.059 778.874 222.827 778.956 216.555V215.104C778.874 208.792 777.533 202.56 775.379 196.65L774.2 193.474C772.452 188.729 770.217 184.106 767.169 180.005C767.209 179.965 767.209 179.924 767.209 179.924C767.169 179.884 767.169 179.844 767.169 179.844C770.176 175.743 772.452 171.16 774.2 166.375L775.379 163.199C777.574 157.249 778.874 151.017 778.956 144.745V143.294C778.874 136.981 777.533 130.75 775.379 124.839L774.2 121.663C772.452 116.919 770.217 112.295 767.169 108.194C767.209 108.154 767.209 108.114 767.209 108.114C767.189 108.094 767.179 108.075 767.174 108.06C767.169 108.044 767.169 108.034 767.169 108.034C770.176 103.933 772.452 99.3493 774.2 94.5648L775.379 91.3886C777.574 85.4382 778.874 79.2065 778.956 72.9344V71.4831C778.874 65.1709 777.533 58.9391 775.379 53.0289L774.2 49.8527ZM771.599 141.364C771.57 141.005 771.546 140.637 771.522 140.261L771.522 140.258L771.522 140.256L771.522 140.254L771.522 140.253L771.521 140.252L771.521 140.25L771.521 140.249C771.478 139.576 771.433 138.882 771.355 138.188V137.906C771.233 136.78 771.111 135.695 770.908 134.529C769.851 128.056 767.982 123.633 767.169 121.945C766.356 123.633 764.486 128.056 763.429 134.529C763.226 135.653 763.104 136.778 762.983 137.902L762.982 137.906V138.188C762.86 139.273 762.779 140.318 762.738 141.364V146.675C762.768 147.037 762.792 147.409 762.816 147.788L762.816 147.79C762.86 148.463 762.904 149.157 762.982 149.851V150.132C763.104 151.258 763.226 152.344 763.429 153.51C764.486 159.983 766.356 164.405 767.169 166.094C767.982 164.405 769.851 159.983 770.908 153.51C771.111 152.384 771.233 151.258 771.355 150.132V149.851C771.477 148.765 771.558 147.72 771.599 146.675V141.364ZM762.738 69.5532C762.779 68.5079 762.86 67.4626 762.982 66.377V66.0956L762.983 66.0915C763.104 64.9671 763.226 63.8427 763.429 62.7184C764.486 56.2453 766.356 51.8227 767.169 50.1341C767.982 51.8227 769.851 56.2453 770.908 62.7184C771.111 63.8843 771.233 64.9698 771.355 66.0956V66.377C771.433 67.0711 771.478 67.7652 771.521 68.4383L771.521 68.4406L771.521 68.442C771.546 68.8203 771.57 69.192 771.599 69.5532V74.8643C771.558 75.9096 771.477 76.9549 771.355 78.0405V78.3219C771.233 79.4477 771.111 80.5734 770.908 81.6992C769.851 88.1722 767.982 92.5948 767.169 94.2834C766.356 92.5948 764.486 88.1722 763.429 81.6992C763.226 80.5332 763.104 79.4477 762.982 78.3219V78.0405C762.904 77.3467 762.86 76.653 762.816 75.9802L762.816 75.9787C762.792 75.5996 762.768 75.2263 762.738 74.8643V69.5532ZM762.738 213.174C762.779 212.129 762.86 211.083 762.982 209.998V209.717L762.983 209.712C763.104 208.588 763.226 207.464 763.429 206.339C764.486 199.866 766.356 195.444 767.169 193.755C767.982 195.444 769.851 199.866 770.908 206.339C771.111 207.505 771.233 208.591 771.355 209.717V209.998C771.433 210.692 771.478 211.386 771.521 212.059L771.521 212.061L771.521 212.063L771.522 212.065C771.546 212.442 771.57 212.813 771.599 213.174V218.485C771.558 219.531 771.477 220.576 771.355 221.661V221.943C771.233 223.069 771.111 224.194 770.908 225.32C769.851 231.793 767.982 236.216 767.169 237.904C766.356 236.216 764.486 231.793 763.429 225.32C763.226 224.154 763.104 223.069 762.982 221.943V221.661C762.904 220.968 762.86 220.274 762.816 219.601L762.816 219.6C762.792 219.221 762.768 218.847 762.738 218.485V213.174Z" fill="url(#paint48_linear_35097_25595)"/>
<path fill-rule="evenodd" clip-rule="evenodd" d="M821.552 49.8527C819.804 45.1085 817.568 40.4849 814.52 36.3839C814.561 36.3437 814.561 36.3035 814.561 36.3035C814.52 36.2633 814.52 36.2231 814.52 36.2231C817.528 32.1222 819.763 27.5388 821.552 22.7544L822.73 19.5781C824.925 13.6278 826.226 7.39599 826.307 1.12397V0.0786276H818.95V3.05381C818.91 4.09914 818.828 5.14448 818.706 6.23002V6.51146C818.585 7.6372 818.463 8.76297 818.259 9.88871C817.203 16.3618 815.333 20.7843 814.52 22.4729C813.707 20.7843 811.837 16.3618 810.781 9.88871C810.577 8.72276 810.456 7.6372 810.334 6.51146V6.23002C810.256 5.53574 810.211 4.84146 810.167 4.16821L810.167 4.16706L810.167 4.16576L810.167 4.16432L810.167 4.16272L810.167 4.16097L810.167 4.15906L810.167 4.15699C810.143 3.78146 810.119 3.41251 810.09 3.05381V0.0786276H802.733V1.12397C802.814 7.43619 804.155 13.668 806.31 19.5781L807.488 22.7544C809.195 27.4986 811.472 32.1222 814.52 36.2231C814.479 36.2633 814.479 36.3035 814.479 36.3035C814.52 36.3437 814.52 36.3839 814.52 36.3839C811.512 40.4849 809.236 45.0683 807.488 49.8527L806.31 53.0289C804.115 58.9793 802.814 65.2111 802.733 71.4831V72.9344C802.814 79.2467 804.155 85.4784 806.31 91.3886L807.488 94.5648C809.195 99.3091 811.472 103.933 814.52 108.034C814.479 108.074 814.479 108.114 814.479 108.114C814.52 108.154 814.52 108.194 814.52 108.194C811.512 112.295 809.236 116.879 807.488 121.663L806.31 124.839C804.115 130.79 802.814 137.022 802.733 143.294V144.745C802.814 151.057 804.155 157.289 806.31 163.199L807.488 166.375C809.195 171.12 811.472 175.743 814.52 179.844C814.479 179.884 814.479 179.924 814.479 179.924C814.52 179.965 814.52 180.005 814.52 180.005C811.512 184.106 809.236 188.689 807.488 193.474L806.31 196.65C804.115 202.6 802.814 208.832 802.733 215.104V216.555C802.814 222.868 804.155 229.099 806.31 235.01L807.488 238.186C809.195 242.93 811.472 247.554 814.52 251.654C814.479 251.695 814.479 251.735 814.479 251.735C814.52 251.775 814.52 251.815 814.52 251.815C811.512 255.916 809.236 260.5 807.488 265.284L806.31 268.46C804.115 274.411 802.814 280.642 802.733 286.914V287.96H810.09V284.985C810.13 283.939 810.212 282.894 810.334 281.808V281.527L810.334 281.524C810.456 280.399 810.578 279.275 810.781 278.15C811.837 271.677 813.707 267.254 814.52 265.566C815.333 267.254 817.203 271.677 818.259 278.15C818.463 279.316 818.585 280.401 818.706 281.527V281.808C818.784 282.503 818.829 283.197 818.872 283.87C818.897 284.249 818.921 284.622 818.95 284.985V287.96H826.307V286.914C826.226 280.602 824.884 274.37 822.73 268.46L821.552 265.284C819.804 260.54 817.568 255.916 814.52 251.815C814.561 251.775 814.561 251.735 814.561 251.735C814.52 251.695 814.52 251.654 814.52 251.654C817.528 247.554 819.763 242.97 821.552 238.186L822.73 235.01C824.925 229.059 826.226 222.827 826.307 216.555V215.104C826.226 208.792 824.884 202.56 822.73 196.65L821.552 193.474C819.804 188.729 817.568 184.106 814.52 180.005C814.561 179.965 814.561 179.924 814.561 179.924C814.52 179.884 814.52 179.844 814.52 179.844C817.528 175.743 819.763 171.16 821.552 166.375L822.73 163.199C824.925 157.249 826.226 151.017 826.307 144.745V143.294C826.226 136.981 824.884 130.75 822.73 124.839L821.552 121.663C819.804 116.919 817.568 112.295 814.52 108.194C814.561 108.154 814.561 108.114 814.561 108.114C814.52 108.074 814.52 108.034 814.52 108.034C817.528 103.933 819.763 99.3493 821.552 94.5648L822.73 91.3886C824.925 85.4382 826.226 79.2065 826.307 72.9344V71.4831C826.226 65.1709 824.884 58.9391 822.73 53.0289L821.552 49.8527ZM818.95 141.364C818.921 141.001 818.897 140.628 818.872 140.249C818.829 139.576 818.784 138.882 818.706 138.188V137.906C818.585 136.78 818.463 135.695 818.259 134.529C817.203 128.056 815.333 123.633 814.52 121.945C813.707 123.633 811.837 128.056 810.781 134.529C810.578 135.654 810.456 136.778 810.334 137.903L810.334 137.906V138.188C810.212 139.273 810.13 140.318 810.09 141.364V146.675C810.119 147.033 810.143 147.402 810.167 147.778L810.167 147.78L810.167 147.782L810.167 147.784L810.167 147.785L810.167 147.787L810.167 147.788L810.167 147.789C810.211 148.462 810.256 149.157 810.334 149.851V150.132C810.456 151.258 810.577 152.344 810.781 153.51C811.837 159.983 813.707 164.405 814.52 166.094C815.333 164.405 817.203 159.983 818.259 153.51C818.463 152.384 818.585 151.258 818.706 150.132V149.851C818.828 148.765 818.91 147.72 818.95 146.675V141.364ZM810.09 69.5532C810.13 68.5079 810.212 67.4626 810.334 66.377V66.0956L810.334 66.0929C810.456 64.968 810.578 63.8432 810.781 62.7184C811.837 56.2453 813.707 51.8227 814.52 50.1341C815.333 51.8227 817.203 56.2453 818.259 62.7184C818.463 63.8843 818.585 64.9698 818.706 66.0956V66.377C818.784 67.0711 818.829 67.7653 818.872 68.4384C818.897 68.8179 818.921 69.1908 818.95 69.5532V74.8643C818.91 75.9096 818.828 76.9549 818.706 78.0405V78.3219C818.585 79.4477 818.463 80.5734 818.259 81.6992C817.203 88.1722 815.333 92.5948 814.52 94.2834C813.707 92.5948 811.837 88.1722 810.781 81.6992C810.577 80.5332 810.456 79.4477 810.334 78.3219V78.0405C810.256 77.3462 810.211 76.6519 810.167 75.9787L810.167 75.9775L810.167 75.9761L810.167 75.9746L810.167 75.9729L810.167 75.971C810.143 75.5943 810.119 75.2241 810.09 74.8643V69.5532ZM810.09 213.174C810.13 212.129 810.212 211.083 810.334 209.998V209.717L810.334 209.714C810.456 208.589 810.578 207.464 810.781 206.339C811.837 199.866 813.707 195.444 814.52 193.755C815.333 195.444 817.203 199.866 818.259 206.339C818.463 207.505 818.585 208.591 818.706 209.717V209.998C818.784 210.692 818.829 211.386 818.872 212.059C818.897 212.439 818.921 212.812 818.95 213.174V218.485C818.91 219.531 818.828 220.576 818.706 221.661V221.943C818.585 223.069 818.463 224.194 818.259 225.32C817.203 231.793 815.333 236.216 814.52 237.904C813.707 236.216 811.837 231.793 810.781 225.32C810.577 224.154 810.456 223.069 810.334 221.943V221.661C810.256 220.967 810.211 220.273 810.167 219.6L810.167 219.598L810.167 219.597L810.167 219.595L810.167 219.594L810.167 219.592L810.167 219.59C810.143 219.214 810.119 218.844 810.09 218.485V213.174Z" fill="url(#paint49_linear_35097_25595)"/>
<path fill-rule="evenodd" clip-rule="evenodd" d="M849.841 35.2582V37.3891C849.759 43.6611 848.459 49.8929 846.264 55.8433L845.085 59.0195C843.334 63.7026 841.156 68.1932 838.243 72.2272C841.195 76.2636 843.374 80.7932 845.085 85.4383L846.264 88.6145C848.418 94.5247 849.759 100.756 849.841 107.069V109.2C849.759 115.472 848.459 121.703 846.264 127.654L845.085 130.83C843.334 135.513 841.156 140.004 838.243 144.038C841.195 148.074 843.374 152.604 845.085 157.249L846.264 160.425C848.418 166.335 849.759 172.567 849.841 178.879V181.01C849.759 187.282 848.459 193.514 846.264 199.464L845.085 202.64C843.334 207.324 841.156 211.814 838.243 215.848C841.195 219.885 843.374 224.414 845.085 229.059L846.264 232.235C848.418 238.146 849.759 244.377 849.841 250.69V252.82C849.759 259.092 848.459 265.324 846.264 271.275L845.085 274.451C843.297 279.235 841.061 283.819 838.054 287.92C838.034 287.939 838.024 287.958 838.019 287.972C838.016 287.98 838.015 287.987 838.014 287.992C838.013 287.997 838.013 288 838.013 288H837.972C837.932 287.96 837.931 287.92 837.931 287.92C834.883 283.819 832.607 279.195 830.9 274.451L829.721 271.275C827.567 265.365 826.226 259.133 826.144 252.82V250.69C826.226 244.418 827.526 238.186 829.721 232.235L830.9 229.059C832.611 224.376 834.828 219.885 837.741 215.851C834.788 211.815 832.571 207.286 830.9 202.64L829.721 199.464C827.567 193.554 826.226 187.322 826.144 181.01V178.879C826.226 172.607 827.526 166.375 829.721 160.425L830.9 157.249C832.611 152.566 834.828 148.075 837.741 144.041C834.788 140.005 832.571 135.475 830.9 130.83L829.721 127.654C827.567 121.744 826.226 115.512 826.144 109.2V107.069C826.226 100.797 827.526 94.5648 829.721 88.6145L830.9 85.4383C832.611 80.7551 834.828 76.2646 837.741 72.2306C834.788 68.1941 832.571 63.6646 830.9 59.0195L829.721 55.8433C827.567 49.9331 826.226 43.7013 826.144 37.3891V35.2582C826.226 28.9862 827.526 22.7544 829.721 16.804L830.9 13.6278C832.648 8.84338 834.924 4.25996 837.931 0.159025C837.972 0.118819 837.972 0.0786276 837.972 0.0786276H838.013C838.053 0.118833 838.054 0.159025 838.054 0.159025C841.102 4.25996 843.337 8.88358 845.085 13.6278L846.264 16.804C848.418 22.7142 849.759 28.946 849.841 35.2582ZM842.443 39.2385V33.2881C842.414 32.9257 842.39 32.5528 842.365 32.1733C842.322 31.5002 842.277 30.8061 842.199 30.1119V29.8305C842.077 28.7048 841.955 27.6192 841.752 26.4532C840.695 19.9802 838.826 15.5576 838.013 13.869C837.2 15.5576 835.33 19.9802 834.273 26.4532C834.07 27.5785 833.948 28.7038 833.827 29.829L833.826 29.8305V30.1119C833.704 31.1975 833.623 32.2428 833.583 33.2881V39.2385C833.612 39.5994 833.636 39.9706 833.66 40.3485L833.66 40.35L833.66 40.3514L833.66 40.3542C833.704 41.027 833.748 41.7209 833.826 42.4147V42.6962C833.948 43.8219 834.07 44.9075 834.273 46.0734C835.33 52.5465 837.2 56.969 838.013 58.6576C838.826 56.969 840.695 52.5465 841.752 46.0734C841.955 44.9477 842.077 43.8219 842.199 42.6962V42.4147C842.321 41.3292 842.402 40.2838 842.443 39.2385ZM842.443 111.049V105.099C842.414 104.736 842.39 104.363 842.365 103.984C842.322 103.311 842.277 102.617 842.199 101.922V101.641C842.077 100.515 841.955 99.4297 841.752 98.2637C840.695 91.7907 838.826 87.3681 838.013 85.6795C837.2 87.3681 835.33 91.7907 834.273 98.2637C834.07 99.389 833.948 100.514 833.827 101.64L833.826 101.641V101.922C833.704 103.008 833.623 104.053 833.583 105.099V111.049C833.612 111.41 833.636 111.782 833.66 112.16L833.66 112.162L833.66 112.165C833.704 112.837 833.748 113.531 833.826 114.225V114.507C833.948 115.632 834.07 116.718 834.273 117.884C835.33 124.357 837.2 128.779 838.013 130.468C838.826 128.779 840.695 124.357 841.752 117.884C841.955 116.758 842.077 115.632 842.199 114.507V114.225C842.321 113.14 842.402 112.094 842.443 111.049ZM842.443 182.859V176.909C842.414 176.547 842.39 176.174 842.365 175.794C842.322 175.121 842.277 174.427 842.199 173.733V173.451C842.077 172.326 841.955 171.24 841.752 170.074C840.695 163.601 838.826 159.179 838.013 157.49C837.2 159.179 835.33 163.601 834.273 170.074C834.07 171.199 833.948 172.325 833.827 173.45L833.826 173.451V173.733C833.704 174.818 833.623 175.864 833.583 176.909V182.859C833.612 183.22 833.636 183.59 833.66 183.968L833.66 183.969L833.66 183.971L833.66 183.972L833.66 183.975C833.704 184.648 833.748 185.342 833.826 186.036V186.317C833.948 187.443 834.07 188.528 834.273 189.694C835.33 196.167 837.2 200.59 838.013 202.279C838.826 200.59 840.695 196.167 841.752 189.694C841.955 188.569 842.077 187.443 842.199 186.317V186.036C842.321 184.95 842.402 183.905 842.443 182.859ZM842.443 254.67V248.72C842.414 248.357 842.39 247.984 842.365 247.605C842.322 246.932 842.277 246.237 842.199 245.543V245.262C842.077 244.136 841.955 243.051 841.752 241.885C840.695 235.412 838.826 230.989 838.013 229.3C837.2 230.989 835.33 235.412 834.273 241.885C834.07 243.01 833.948 244.135 833.827 245.26L833.826 245.262V245.543C833.704 246.629 833.623 247.674 833.583 248.72V254.67C833.612 255.032 833.636 255.404 833.66 255.783L833.66 255.786C833.704 256.458 833.748 257.152 833.826 257.846V258.128C833.948 259.253 834.07 260.339 834.273 261.505C835.33 267.978 837.2 272.4 838.013 274.089C838.826 272.4 840.695 267.978 841.752 261.505C841.955 260.379 842.077 259.253 842.199 258.128V257.846C842.321 256.761 842.402 255.715 842.443 254.67Z" fill="url(#paint50_linear_35097_25595)"/>
<path fill-rule="evenodd" clip-rule="evenodd" d="M868.618 49.8527C866.871 45.1085 864.635 40.4849 861.587 36.3839C861.627 36.3437 861.628 36.3035 861.628 36.3035C861.587 36.2633 861.587 36.2231 861.587 36.2231C864.595 32.1222 866.871 27.5388 868.618 22.7544L869.797 19.5781C871.992 13.6278 873.293 7.39599 873.374 1.12397V0.0786276H866.017V3.05381C865.977 4.09914 865.895 5.14448 865.773 6.23002V6.51146L865.773 6.51292C865.651 7.63818 865.529 8.76345 865.326 9.88871C864.269 16.3618 862.4 20.7843 861.587 22.4729C860.774 20.7843 858.904 16.3618 857.848 9.88871C857.644 8.72276 857.522 7.6372 857.4 6.51146V6.23002C857.322 5.53574 857.278 4.84146 857.234 4.16821L857.234 4.16706L857.234 4.16576L857.234 4.16432L857.234 4.16272L857.234 4.16097L857.234 4.15906L857.234 4.15699C857.209 3.78146 857.186 3.41251 857.157 3.05381V0.0786276H849.8V1.12397C849.881 7.43619 851.222 13.668 853.377 19.5781L854.555 22.7544C856.303 27.4986 858.538 32.1222 861.587 36.2231C861.546 36.2633 861.546 36.3035 861.546 36.3035C861.587 36.3437 861.587 36.3839 861.587 36.3839C858.579 40.4849 856.303 45.0683 854.555 49.8527L853.377 53.0289C851.182 58.9793 849.881 65.2111 849.8 71.4831V72.9344C849.881 79.2467 851.222 85.4784 853.377 91.3886L854.555 94.5648C856.303 99.3091 858.538 103.933 861.587 108.034C861.57 108.05 861.56 108.067 861.554 108.081C861.546 108.1 861.546 108.114 861.546 108.114C861.566 108.134 861.576 108.153 861.581 108.168C861.583 108.174 861.585 108.178 861.585 108.183C861.587 108.19 861.587 108.194 861.587 108.194C858.579 112.295 856.303 116.879 854.555 121.663L853.377 124.839C851.182 130.79 849.881 137.022 849.8 143.294V144.745C849.881 151.057 851.222 157.289 853.377 163.199L854.555 166.375C856.303 171.12 858.538 175.743 861.587 179.844C861.546 179.884 861.546 179.924 861.546 179.924C861.587 179.965 861.587 180.005 861.587 180.005C858.579 184.106 856.303 188.689 854.555 193.474L853.377 196.65C851.182 202.6 849.881 208.832 849.8 215.104V216.555C849.881 222.868 851.222 229.099 853.377 235.01L854.555 238.186C856.303 242.93 858.538 247.554 861.587 251.654C861.546 251.695 861.546 251.735 861.546 251.735C861.587 251.775 861.587 251.815 861.587 251.815C858.579 255.916 856.303 260.5 854.555 265.284L853.377 268.46C851.182 274.411 849.881 280.642 849.8 286.914V287.96H857.157V284.985C857.197 283.939 857.278 282.894 857.4 281.808V281.527C857.522 280.401 857.644 279.275 857.848 278.15C858.904 271.677 860.774 267.254 861.587 265.566C862.4 267.254 864.269 271.677 865.326 278.15C865.529 279.316 865.651 280.401 865.773 281.527V281.808C865.851 282.503 865.896 283.197 865.939 283.87C865.964 284.249 865.988 284.622 866.017 284.985V287.96H873.374V286.914C873.293 280.602 871.951 274.37 869.797 268.46L868.618 265.284C866.871 260.54 864.635 255.916 861.587 251.815C861.627 251.775 861.628 251.735 861.628 251.735C861.614 251.721 861.605 251.708 861.599 251.696C861.587 251.672 861.587 251.654 861.587 251.654C864.595 247.554 866.871 242.97 868.618 238.186L869.797 235.01C871.992 229.059 873.293 222.827 873.374 216.555V215.104C873.293 208.792 871.951 202.56 869.797 196.65L868.618 193.474C866.871 188.729 864.635 184.106 861.587 180.005C861.627 179.965 861.628 179.924 861.628 179.924C861.587 179.884 861.587 179.844 861.587 179.844C864.595 175.743 866.871 171.16 868.618 166.375L869.797 163.199C871.992 157.249 873.293 151.017 873.374 144.745V143.294C873.293 136.981 871.951 130.75 869.797 124.839L868.618 121.663C866.871 116.919 864.635 112.295 861.587 108.194C861.607 108.174 861.617 108.154 861.622 108.139C861.624 108.135 861.625 108.131 861.626 108.128L861.627 108.121L861.627 108.116L861.628 108.114C861.587 108.074 861.587 108.034 861.587 108.034C864.595 103.933 866.871 99.3493 868.618 94.5648L869.797 91.3886C871.992 85.4382 873.293 79.2065 873.374 72.9344V71.4831C873.293 65.1709 871.951 58.9391 869.797 53.0289L868.618 49.8527ZM866.017 141.364C865.988 141.001 865.964 140.628 865.939 140.249C865.896 139.576 865.851 138.882 865.773 138.188V137.906C865.651 136.78 865.529 135.695 865.326 134.529C864.269 128.056 862.4 123.633 861.587 121.945C860.774 123.633 858.904 128.056 857.848 134.529C857.644 135.655 857.522 136.78 857.4 137.906V138.188C857.278 139.273 857.197 140.318 857.157 141.364V146.675C857.186 147.033 857.209 147.402 857.234 147.778L857.234 147.78L857.234 147.782L857.234 147.784L857.234 147.785L857.234 147.787L857.234 147.788L857.234 147.789C857.278 148.462 857.322 149.157 857.4 149.851V150.132C857.522 151.258 857.644 152.344 857.848 153.51C858.904 159.983 860.774 164.405 861.587 166.094C862.4 164.405 864.269 159.983 865.326 153.51C865.529 152.384 865.651 151.259 865.773 150.134L865.773 150.132V149.851C865.895 148.765 865.977 147.72 866.017 146.675V141.364ZM857.157 69.5532C857.197 68.5079 857.278 67.4626 857.4 66.377V66.0956C857.522 64.9698 857.644 63.8441 857.848 62.7184C858.904 56.2453 860.774 51.8227 861.587 50.1341C862.4 51.8227 864.269 56.2453 865.326 62.7184C865.529 63.8843 865.651 64.9698 865.773 66.0956V66.377C865.851 67.0711 865.896 67.7653 865.939 68.4384C865.964 68.8179 865.988 69.1908 866.017 69.5532V74.8643C865.977 75.9096 865.895 76.9549 865.773 78.0405V78.3219L865.773 78.3234C865.651 79.4486 865.529 80.5739 865.326 81.6992C864.269 88.1722 862.4 92.5948 861.587 94.2834C860.774 92.5948 858.904 88.1722 857.848 81.6992C857.644 80.5332 857.522 79.4477 857.4 78.3219V78.0405C857.322 77.3462 857.278 76.6519 857.234 75.9787C857.21 75.5993 857.186 75.2265 857.157 74.8643V69.5532ZM857.157 213.174C857.197 212.129 857.278 211.083 857.4 209.998V209.717C857.522 208.591 857.644 207.465 857.848 206.339C858.904 199.866 860.774 195.444 861.587 193.755C862.4 195.444 864.269 199.866 865.326 206.339C865.529 207.505 865.651 208.591 865.773 209.717V209.998C865.851 210.692 865.896 211.386 865.939 212.059C865.964 212.439 865.988 212.812 866.017 213.174V218.485C865.977 219.531 865.895 220.576 865.773 221.661V221.943L865.773 221.944C865.651 223.07 865.529 224.195 865.326 225.32C864.269 231.793 862.4 236.216 861.587 237.904C860.774 236.216 858.904 231.793 857.848 225.32C857.644 224.154 857.522 223.069 857.4 221.943V221.661C857.322 220.967 857.278 220.273 857.234 219.6L857.234 219.598C857.21 219.219 857.186 218.847 857.157 218.485V213.174Z" fill="url(#paint51_linear_35097_25595)"/>
<path fill-rule="evenodd" clip-rule="evenodd" d="M908.857 36.3839C911.905 40.4849 914.141 45.1085 915.889 49.8527L917.067 53.0289C919.221 58.9391 920.563 65.1709 920.644 71.4831V72.9344C920.563 79.2065 919.262 85.4382 917.067 91.3886L915.889 94.5648C914.1 99.3493 911.865 103.933 908.857 108.034C905.809 103.933 903.532 99.3091 901.825 94.5648L900.647 91.3886C898.492 85.4784 897.151 79.2467 897.07 72.9344V71.4831C897.151 65.2111 898.452 58.9793 900.647 53.0289L901.825 49.8527C903.573 45.0683 905.849 40.4849 908.857 36.3839ZM904.427 74.8643C904.456 75.2265 904.48 75.5993 904.504 75.9787C904.548 76.6519 904.592 77.3462 904.67 78.0405V78.3219C904.792 79.4477 904.914 80.5332 905.118 81.6992C906.174 88.1722 908.044 92.5948 908.857 94.2834C909.67 92.5948 911.54 88.1722 912.596 81.6992C912.799 80.5739 912.921 79.4486 913.043 78.3234L913.043 78.3219V78.0405C913.165 76.9549 913.247 75.9096 913.287 74.8643V69.5532C913.258 69.1908 913.234 68.8179 913.209 68.4384C913.166 67.7653 913.121 67.0711 913.043 66.377V66.0956C912.921 64.9698 912.8 63.8843 912.596 62.7184C911.54 56.2453 909.67 51.8227 908.857 50.1341C908.044 51.8227 906.174 56.2453 905.118 62.7184C904.914 63.8441 904.792 64.9698 904.67 66.0956V66.377C904.549 67.4626 904.467 68.5079 904.427 69.5532V74.8643Z" fill="url(#paint52_linear_35097_25595)"/>
<path fill-rule="evenodd" clip-rule="evenodd" d="M908.857 36.2231C905.809 32.1222 903.532 27.4986 901.825 22.7544L900.647 19.5781C898.492 13.668 897.151 7.43619 897.07 1.12397V0.0786276H904.427V3.05381C904.456 3.41251 904.479 3.78146 904.504 4.15699L904.504 4.15906L904.504 4.16097L904.504 4.16272L904.504 4.16432L904.504 4.16576L904.504 4.16706L904.504 4.16821C904.548 4.84146 904.592 5.53574 904.67 6.23002V6.51146C904.792 7.6372 904.914 8.72276 905.118 9.88871C906.174 16.3618 908.044 20.7843 908.857 22.4729C909.67 20.7843 911.54 16.3618 912.596 9.88871C912.799 8.76345 912.921 7.63818 913.043 6.51292L913.043 6.51146V6.23002C913.165 5.14448 913.247 4.09914 913.287 3.05381V0.0786276H920.644V1.12397C920.563 7.39599 919.262 13.6278 917.067 19.5781L915.889 22.7544C914.1 27.5388 911.865 32.1222 908.857 36.2231ZM908.857 36.2231C908.857 36.2231 908.857 36.2633 908.898 36.3035C908.898 36.3035 908.898 36.3437 908.857 36.3839C908.857 36.3839 908.857 36.3437 908.816 36.3035C908.816 36.3035 908.816 36.2633 908.857 36.2231Z" fill="url(#paint53_linear_35097_25595)"/>
<path d="M908.857 108.194C908.857 108.194 908.857 108.154 908.816 108.114C908.816 108.114 908.816 108.074 908.857 108.034C908.857 108.034 908.857 108.074 908.898 108.114C908.898 108.114 908.898 108.154 908.857 108.194Z" fill="url(#paint54_linear_35097_25595)"/>
<path fill-rule="evenodd" clip-rule="evenodd" d="M920.644 143.294C920.563 136.981 919.221 130.75 917.067 124.839L915.889 121.663C914.141 116.919 911.905 112.295 908.857 108.194C905.849 112.295 903.573 116.879 901.825 121.663L900.647 124.839C898.452 130.79 897.151 137.022 897.07 143.294V144.745C897.151 151.057 898.492 157.289 900.647 163.199L901.825 166.375C903.532 171.12 905.809 175.743 908.857 179.844C908.816 179.884 908.816 179.924 908.816 179.924C908.857 179.965 908.857 180.005 908.857 180.005C905.849 184.106 903.573 188.689 901.825 193.474L900.647 196.65C898.452 202.6 897.151 208.832 897.07 215.104V216.555C897.151 222.868 898.492 229.099 900.647 235.01L901.825 238.186C903.532 242.93 905.809 247.554 908.857 251.654C908.816 251.695 908.816 251.735 908.816 251.735C908.834 251.752 908.844 251.77 908.85 251.784C908.857 251.803 908.857 251.815 908.857 251.815C905.849 255.916 903.573 260.5 901.825 265.284L900.647 268.46C898.452 274.411 897.151 280.642 897.07 286.914V287.96H904.427V284.985C904.467 283.939 904.549 282.894 904.67 281.808V281.527C904.792 280.401 904.914 279.275 905.118 278.15C906.174 271.677 908.044 267.254 908.857 265.566C909.67 267.254 911.54 271.677 912.596 278.15C912.8 279.316 912.921 280.401 913.043 281.527V281.808C913.121 282.503 913.166 283.197 913.209 283.87C913.234 284.249 913.258 284.622 913.287 284.985V287.96H920.644V286.914C920.563 280.602 919.221 274.37 917.067 268.46L915.889 265.284C914.141 260.54 911.905 255.916 908.857 251.815C908.898 251.775 908.898 251.735 908.898 251.735C908.857 251.695 908.857 251.654 908.857 251.654C911.865 247.554 914.1 242.97 915.889 238.186L917.067 235.01C919.262 229.059 920.563 222.827 920.644 216.555V215.104C920.563 208.792 919.221 202.56 917.067 196.65L915.889 193.474C914.141 188.729 911.905 184.106 908.857 180.005C908.898 179.965 908.898 179.924 908.898 179.924C908.857 179.884 908.857 179.844 908.857 179.844C911.865 175.743 914.1 171.16 915.889 166.375L917.067 163.199C919.262 157.249 920.563 151.017 920.644 144.745V143.294ZM913.287 141.364C913.258 141.001 913.234 140.628 913.209 140.249C913.166 139.576 913.121 138.882 913.043 138.188V137.906C912.921 136.78 912.8 135.695 912.596 134.529C911.54 128.056 909.67 123.633 908.857 121.945C908.044 123.633 906.174 128.056 905.118 134.529C904.914 135.655 904.792 136.78 904.67 137.906V138.188C904.549 139.273 904.467 140.318 904.427 141.364V146.675C904.456 147.033 904.479 147.402 904.504 147.778L904.504 147.78L904.504 147.782L904.504 147.784L904.504 147.785L904.504 147.787L904.504 147.788L904.504 147.789C904.548 148.462 904.592 149.157 904.67 149.851V150.132C904.792 151.258 904.914 152.344 905.118 153.51C906.174 159.983 908.044 164.405 908.857 166.094C909.67 164.405 911.54 159.983 912.596 153.51C912.799 152.384 912.921 151.259 913.043 150.134L913.043 150.132V149.851C913.165 148.765 913.247 147.72 913.287 146.675V141.364ZM904.427 218.485C904.456 218.846 904.48 219.218 904.504 219.596L904.504 219.598L904.504 219.6C904.548 220.273 904.592 220.967 904.67 221.661V221.943C904.792 223.069 904.914 224.154 905.118 225.32C906.174 231.793 908.044 236.216 908.857 237.904C909.67 236.216 911.54 231.793 912.596 225.32C912.799 224.195 912.921 223.07 913.043 221.944L913.043 221.943V221.661C913.165 220.576 913.247 219.531 913.287 218.485V213.174C913.271 212.977 913.257 212.778 913.243 212.575C913.232 212.405 913.221 212.233 913.209 212.059C913.166 211.386 913.121 210.692 913.043 209.998V209.717C912.921 208.591 912.8 207.505 912.596 206.339C911.54 199.866 909.67 195.444 908.857 193.755C908.044 195.444 906.174 199.866 905.118 206.339C904.914 207.465 904.792 208.591 904.67 209.717V209.998C904.549 211.083 904.467 212.129 904.427 213.174V218.485Z" fill="url(#paint55_linear_35097_25595)"/>
<path fill-rule="evenodd" clip-rule="evenodd" d="M896.948 35.2582C896.867 28.946 895.525 22.7142 893.371 16.804L892.193 13.6278C890.445 8.88358 888.209 4.25996 885.161 0.159025C885.161 0.159025 885.161 0.118833 885.12 0.0786276H885.08C885.08 0.0786276 885.08 0.118819 885.039 0.159025C882.031 4.25996 879.755 8.84338 878.007 13.6278L876.829 16.804C874.634 22.7544 873.333 28.9862 873.252 35.2582V37.3891C873.333 43.7013 874.674 49.9331 876.829 55.8433L878.007 59.0195C879.719 63.6646 881.898 68.1941 884.849 72.2305C881.935 76.2645 879.718 80.7551 878.007 85.4383L876.829 88.6145C874.634 94.5648 873.333 100.797 873.252 107.069V109.2C873.333 115.512 874.674 121.744 876.829 127.654L878.007 130.83C879.719 135.475 881.898 140.005 884.849 144.041C881.935 148.075 879.718 152.566 878.007 157.249L876.829 160.425C874.634 166.375 873.333 172.607 873.252 178.879V181.01C873.333 187.322 874.674 193.554 876.829 199.464L878.007 202.64C879.719 207.286 881.898 211.815 884.849 215.851C881.935 219.885 879.718 224.376 878.007 229.059L876.829 232.235C874.634 238.186 873.333 244.418 873.252 250.69V252.82C873.333 259.133 874.674 265.365 876.829 271.275L878.007 274.451C879.755 279.195 881.991 283.819 885.039 287.92C885.039 287.92 885.039 287.96 885.08 288H885.12C885.12 288 885.12 287.96 885.161 287.92C888.169 283.819 890.445 279.235 892.193 274.451L893.371 271.275C895.566 265.324 896.867 259.092 896.948 252.82V250.69C896.867 244.377 895.525 238.146 893.371 232.235L892.193 229.059C890.481 224.414 888.303 219.885 885.351 215.848C888.265 211.814 890.482 207.324 892.193 202.64L893.371 199.464C895.566 193.514 896.867 187.282 896.948 181.01V178.879C896.867 172.567 895.525 166.335 893.371 160.425L892.193 157.249C890.481 152.604 888.303 148.074 885.351 144.038C888.265 140.004 890.482 135.513 892.193 130.83L893.371 127.654C895.566 121.703 896.867 115.472 896.948 109.2V107.069C896.867 100.756 895.525 94.5247 893.371 88.6145L892.193 85.4383C890.481 80.7932 888.303 76.2637 885.351 72.2272C888.265 68.1932 890.482 63.7027 892.193 59.0195L893.371 55.8433C895.566 49.8929 896.867 43.6611 896.948 37.3891V35.2582ZM889.551 39.2385C889.51 40.2838 889.429 41.3292 889.307 42.4147V42.6962L889.307 42.6976C889.185 43.8229 889.063 44.9482 888.86 46.0734C887.803 52.5465 885.933 56.969 885.12 58.6576C884.307 56.969 882.438 52.5465 881.381 46.0734C881.178 44.9075 881.056 43.8219 880.934 42.6962V42.4147C880.856 41.7209 880.811 41.027 880.768 40.3542L880.768 40.3514L880.768 40.35L880.767 40.3485L880.767 40.3468L880.767 40.3449L880.767 40.3427C880.743 39.9668 880.719 39.5975 880.69 39.2385V33.2881C880.731 32.2428 880.812 31.1975 880.934 30.1119V29.8305L880.934 29.829C881.056 28.7038 881.178 27.5785 881.381 26.4532C882.438 19.9802 884.307 15.5576 885.12 13.869C885.933 15.5576 887.803 19.9802 888.86 26.4532C889.063 27.6192 889.185 28.7048 889.307 29.8305V30.1119C889.385 30.8061 889.429 31.5002 889.473 32.1733C889.497 32.5528 889.521 32.9257 889.551 33.2881V39.2385ZM889.551 111.049C889.51 112.094 889.429 113.14 889.307 114.225V114.507L889.307 114.508C889.185 115.633 889.063 116.759 888.86 117.884C887.803 124.357 885.933 128.779 885.12 130.468C884.307 128.779 882.438 124.357 881.381 117.884C881.178 116.718 881.056 115.632 880.934 114.507V114.225C880.856 113.531 880.811 112.837 880.768 112.165L880.768 112.163C880.743 111.784 880.719 111.411 880.69 111.049V105.099C880.731 104.053 880.812 103.008 880.934 101.922V101.641L880.934 101.64C881.056 100.514 881.178 99.389 881.381 98.2637C882.438 91.7907 884.307 87.3681 885.12 85.6795C885.933 87.3681 887.803 91.7907 888.86 98.2637C889.063 99.4297 889.185 100.515 889.307 101.641V101.922C889.385 102.617 889.429 103.311 889.473 103.984C889.497 104.363 889.521 104.736 889.551 105.099V111.049ZM889.551 182.859C889.51 183.905 889.429 184.95 889.307 186.036V186.317L889.307 186.319C889.185 187.444 889.063 188.569 888.86 189.694C887.803 196.167 885.933 200.59 885.12 202.279C884.307 200.59 882.438 196.167 881.381 189.694C881.178 188.528 881.056 187.443 880.934 186.317V186.036C880.856 185.342 880.811 184.648 880.768 183.975L880.768 183.972L880.768 183.971L880.767 183.969L880.767 183.968L880.767 183.966L880.767 183.964C880.743 183.588 880.719 183.218 880.69 182.859V176.909C880.731 175.864 880.812 174.818 880.934 173.733V173.451L880.934 173.45C881.056 172.325 881.178 171.199 881.381 170.074C882.438 163.601 884.307 159.179 885.12 157.49C885.933 159.179 887.803 163.601 888.86 170.074C889.063 171.24 889.185 172.326 889.307 173.451V173.733C889.385 174.427 889.429 175.121 889.473 175.794C889.497 176.174 889.521 176.547 889.551 176.909V182.859ZM889.551 254.67C889.51 255.715 889.429 256.761 889.307 257.846V258.128L889.307 258.129C889.185 259.254 889.063 260.38 888.86 261.505C887.803 267.978 885.933 272.4 885.12 274.089C884.307 272.4 882.438 267.978 881.381 261.505C881.178 260.339 881.056 259.253 880.934 258.128V257.846C880.856 257.152 880.811 256.458 880.768 255.786L880.768 255.784L880.768 255.783C880.743 255.404 880.719 255.032 880.69 254.67V248.72C880.731 247.674 880.812 246.629 880.934 245.543V245.262L880.934 245.26C881.056 244.135 881.178 243.01 881.381 241.885C882.438 235.412 884.307 230.989 885.12 229.3C885.933 230.989 887.803 235.412 888.86 241.885C889.063 243.051 889.185 244.136 889.307 245.262V245.543C889.385 246.237 889.429 246.932 889.473 247.605C889.497 247.984 889.521 248.357 889.551 248.72V254.67Z" fill="url(#paint56_linear_35097_25595)"/>
<path fill-rule="evenodd" clip-rule="evenodd" d="M944.178 35.2582V37.3891C944.096 43.6611 942.796 49.8929 940.601 55.8433L939.422 59.0195C937.672 63.7026 935.493 68.1932 932.58 72.2272C935.532 76.2636 937.711 80.7932 939.422 85.4383L940.601 88.6145C942.755 94.5247 944.096 100.756 944.178 107.069V109.2C944.096 115.472 942.796 121.703 940.601 127.654L939.422 130.83C937.672 135.513 935.493 140.004 932.58 144.038C935.532 148.074 937.711 152.604 939.422 157.249L940.601 160.425C942.755 166.335 944.096 172.567 944.178 178.879V181.01C944.096 187.282 942.796 193.514 940.601 199.464L939.422 202.64C937.672 207.324 935.493 211.814 932.58 215.848C935.532 219.885 937.711 224.414 939.422 229.059L940.601 232.235C942.755 238.146 944.096 244.377 944.178 250.69V252.82C944.096 259.092 942.796 265.324 940.601 271.275L939.422 274.451C937.634 279.235 935.398 283.819 932.391 287.92C932.371 287.939 932.361 287.958 932.356 287.973C932.35 287.989 932.35 288 932.35 288H932.309C932.269 287.96 932.269 287.92 932.269 287.92C929.22 283.819 926.944 279.195 925.237 274.451L924.058 271.275C921.904 265.365 920.563 259.133 920.482 252.82V250.69C920.563 244.418 921.863 238.186 924.058 232.235L925.237 229.059C926.948 224.376 929.165 219.885 932.079 215.851C929.125 211.815 926.908 207.286 925.237 202.64L924.058 199.464C921.904 193.554 920.563 187.322 920.482 181.01V178.879C920.563 172.607 921.863 166.375 924.058 160.425L925.237 157.249C926.948 152.566 929.165 148.075 932.079 144.041C929.125 140.005 926.908 135.475 925.237 130.83L924.058 127.654C921.904 121.744 920.563 115.512 920.482 109.2V107.069C920.563 100.797 921.863 94.5648 924.058 88.6145L925.237 85.4383C926.948 80.7551 929.165 76.2646 932.079 72.2306C929.125 68.1941 926.908 63.6646 925.237 59.0195L924.058 55.8433C921.904 49.9331 920.563 43.7013 920.482 37.3891V35.2582C920.563 28.9862 921.863 22.7544 924.058 16.804L925.237 13.6278C926.985 8.84338 929.261 4.25996 932.269 0.159025C932.309 0.118819 932.309 0.0786276 932.309 0.0786276H932.35C932.391 0.118833 932.391 0.159025 932.391 0.159025C935.439 4.25996 937.674 8.88358 939.422 13.6278L940.601 16.804C942.755 22.7142 944.096 28.946 944.178 35.2582ZM936.821 39.2385V33.2881C936.792 32.9259 936.768 32.5531 936.743 32.1737C936.7 31.5005 936.655 30.8062 936.577 30.1119V29.8305C936.455 28.7048 936.333 27.6192 936.13 26.4532C935.073 19.9802 933.203 15.5576 932.391 13.869C931.578 15.5576 929.708 19.9802 928.651 26.4532C928.448 27.5785 928.326 28.7038 928.204 29.829L928.204 29.8305V30.1119C928.082 31.1975 928.001 32.2428 927.96 33.2881V39.2385C927.99 39.6009 928.014 39.9738 928.038 40.3534C928.081 41.0265 928.126 41.7206 928.204 42.4147V42.6962C928.326 43.8219 928.448 44.9075 928.651 46.0734C929.708 52.5465 931.578 56.969 932.391 58.6576C933.203 56.969 935.073 52.5465 936.13 46.0734C936.333 44.9477 936.455 43.8219 936.577 42.6962V42.4147C936.699 41.3292 936.78 40.2838 936.821 39.2385ZM936.821 111.049V105.099C936.804 104.893 936.789 104.683 936.775 104.471C936.764 104.31 936.754 104.149 936.743 103.985V103.984C936.7 103.311 936.655 102.617 936.577 101.922V101.641C936.455 100.515 936.333 99.4297 936.13 98.2637C935.073 91.7907 933.203 87.3681 932.391 85.6795C931.578 87.3681 929.708 91.7907 928.651 98.2637C928.448 99.389 928.326 100.514 928.204 101.64L928.204 101.641V101.922C928.082 103.008 928.001 104.053 927.96 105.099V111.049C927.99 111.411 928.014 111.784 928.038 112.164C928.081 112.837 928.126 113.531 928.204 114.225V114.507C928.326 115.632 928.448 116.718 928.651 117.884C929.708 124.357 931.578 128.779 932.391 130.468C933.203 128.779 935.073 124.357 936.13 117.884C936.333 116.758 936.455 115.632 936.577 114.507V114.225C936.699 113.14 936.78 112.094 936.821 111.049ZM936.821 182.859V176.909C936.792 176.547 936.768 176.175 936.743 175.796V175.795C936.7 175.121 936.655 174.427 936.577 173.733V173.451C936.455 172.326 936.333 171.24 936.13 170.074C935.073 163.601 933.203 159.179 932.391 157.49C931.578 159.179 929.708 163.601 928.651 170.074C928.448 171.199 928.326 172.325 928.204 173.45L928.204 173.451V173.733C928.082 174.818 928.001 175.864 927.96 176.909V182.859C927.99 183.222 928.014 183.595 928.038 183.974C928.081 184.647 928.126 185.342 928.204 186.036V186.317C928.326 187.443 928.448 188.528 928.651 189.694C929.708 196.167 931.578 200.59 932.391 202.279C933.203 200.59 935.073 196.167 936.13 189.694C936.333 188.569 936.455 187.443 936.577 186.317V186.036C936.699 184.95 936.78 183.905 936.821 182.859ZM936.821 254.67V248.72C936.792 248.358 936.768 247.985 936.743 247.606V247.605C936.7 246.932 936.655 246.238 936.577 245.543V245.262C936.455 244.136 936.333 243.051 936.13 241.885C935.073 235.412 933.203 230.989 932.391 229.3C931.578 230.989 929.708 235.412 928.651 241.885C928.448 243.01 928.326 244.135 928.204 245.26L928.204 245.262V245.543C928.082 246.629 928.001 247.674 927.96 248.72V254.67C927.99 255.032 928.014 255.405 928.038 255.785C928.081 256.458 928.126 257.152 928.204 257.846V258.128C928.326 259.253 928.448 260.339 928.651 261.505C929.708 267.978 931.578 272.4 932.391 274.089C933.203 272.4 935.073 267.978 936.13 261.505C936.333 260.379 936.455 259.253 936.577 258.128V257.846C936.699 256.761 936.78 255.715 936.821 254.67Z" fill="url(#paint57_linear_35097_25595)"/>
<path fill-rule="evenodd" clip-rule="evenodd" d="M1196.25 6.15139C1196.37 5.06585 1196.46 4.02051 1196.5 2.97518V0H1203.85V1.12397C1203.77 7.39599 1202.47 13.6278 1200.28 19.5781L1199.1 22.7544C1197.31 27.5289 1195.08 32.1032 1192.08 36.1977C1192.09 36.2064 1192.1 36.2157 1192.11 36.2249C1192.11 36.2249 1192.11 36.2497 1192.09 36.2798C1192.09 36.2839 1192.09 36.288 1192.1 36.2921C1192.1 36.2959 1192.1 36.2997 1192.11 36.3035C1192.11 36.3035 1192.11 36.321 1192.09 36.3444C1195.13 40.4356 1197.35 45.0449 1199.1 49.774L1200.28 52.9503C1202.43 58.8604 1203.77 65.0922 1203.85 71.4044V72.9344C1203.77 79.2065 1202.47 85.4382 1200.28 91.3886L1199.1 94.5648C1197.31 99.3394 1195.08 103.914 1192.08 108.008C1192.09 108.014 1192.09 108.02 1192.1 108.026C1192.1 108.029 1192.1 108.032 1192.11 108.035C1192.11 108.035 1192.11 108.037 1192.11 108.041C1192.11 108.044 1192.1 108.047 1192.1 108.052C1192.1 108.062 1192.1 108.075 1192.09 108.09C1192.09 108.098 1192.1 108.106 1192.11 108.114C1192.11 108.114 1192.11 108.131 1192.09 108.155C1195.13 112.246 1197.35 116.855 1199.1 121.585L1200.28 124.761C1202.43 130.671 1203.77 136.903 1203.85 143.215V144.745C1203.77 151.017 1202.47 157.249 1200.28 163.199L1199.1 166.375C1197.31 171.15 1195.08 175.724 1192.08 179.819C1192.09 179.827 1192.1 179.837 1192.11 179.846C1192.11 179.846 1192.11 179.856 1192.1 179.871C1192.1 179.88 1192.09 179.89 1192.09 179.901C1192.09 179.905 1192.09 179.909 1192.1 179.913C1192.1 179.917 1192.1 179.921 1192.11 179.924C1192.11 179.924 1192.11 179.932 1192.1 179.943C1192.1 179.949 1192.1 179.957 1192.09 179.965C1195.13 184.057 1197.35 188.666 1199.1 193.395L1200.28 196.571C1202.43 202.481 1203.77 208.713 1203.85 215.025V216.555C1203.77 222.827 1202.47 229.059 1200.28 235.01L1199.1 238.186C1197.31 242.96 1195.08 247.535 1192.08 251.629C1192.09 251.635 1192.09 251.64 1192.1 251.646C1192.1 251.649 1192.1 251.653 1192.11 251.656C1192.11 251.656 1192.11 251.658 1192.11 251.662L1192.1 251.668L1192.1 251.675L1192.1 251.681L1192.1 251.685L1192.1 251.693L1192.09 251.701C1192.09 251.704 1192.09 251.708 1192.09 251.711C1192.09 251.719 1192.1 251.727 1192.11 251.735C1192.11 251.735 1192.11 251.742 1192.1 251.754C1192.1 251.76 1192.1 251.768 1192.09 251.776C1195.13 255.867 1197.35 260.476 1199.1 265.205L1200.28 268.382C1202.43 274.292 1203.77 280.524 1203.85 286.836V287.96H1196.5V284.985C1196.47 284.623 1196.44 284.251 1196.42 283.872V283.871C1196.37 283.197 1196.33 282.503 1196.25 281.808V281.527C1196.13 280.401 1196.01 279.316 1195.8 278.15C1194.75 271.677 1192.88 267.254 1192.07 265.566C1191.25 267.254 1189.38 271.677 1188.33 278.15C1188.12 279.275 1188 280.401 1187.88 281.527V281.808C1187.76 282.894 1187.68 283.939 1187.64 284.985V287.96H1180.28V286.836C1180.36 280.564 1181.66 274.332 1183.86 268.382L1185.03 265.205C1186.78 260.431 1189.05 255.856 1192.05 251.762C1192.04 251.758 1192.04 251.754 1192.04 251.749C1192.03 251.745 1192.03 251.74 1192.03 251.735C1192.03 251.735 1192.02 251.725 1192.03 251.709C1192.03 251.701 1192.04 251.691 1192.04 251.68C1192.04 251.672 1192.03 251.664 1192.03 251.656C1192.03 251.656 1192.02 251.639 1192.04 251.615C1189 247.524 1186.74 242.915 1185.03 238.186L1183.86 235.01C1181.7 229.099 1180.36 222.868 1180.28 216.555V215.025C1180.36 208.753 1181.66 202.522 1183.86 196.571L1185.03 193.395C1186.78 188.62 1189.05 184.046 1192.05 179.952C1192.04 179.943 1192.03 179.934 1192.03 179.924C1192.03 179.924 1192.02 179.9 1192.04 179.869C1192.04 179.864 1192.04 179.859 1192.03 179.854C1192.03 179.851 1192.03 179.849 1192.03 179.846C1192.03 179.846 1192.02 179.828 1192.04 179.805C1189 175.714 1186.74 171.104 1185.03 166.375L1183.86 163.199C1181.7 157.289 1180.36 151.057 1180.28 144.745V143.215C1180.36 136.943 1181.66 130.711 1183.86 124.761L1185.03 121.585C1186.78 116.81 1189.05 112.236 1192.05 108.141C1192.04 108.132 1192.03 108.123 1192.03 108.114C1192.03 108.114 1192.02 108.089 1192.04 108.059C1192.04 108.051 1192.03 108.043 1192.03 108.035C1192.03 108.035 1192.02 108.018 1192.04 107.995C1189 103.903 1186.74 99.294 1185.03 94.5648L1183.86 91.3886C1181.7 85.4784 1180.36 79.2467 1180.28 72.9344V71.4044C1180.36 65.1324 1181.66 58.9006 1183.86 52.9503L1185.03 49.774C1186.78 44.9995 1189.05 40.4251 1192.05 36.3307C1192.04 36.3219 1192.03 36.3127 1192.03 36.3035C1192.03 36.3035 1192.02 36.2787 1192.04 36.2485C1192.04 36.2408 1192.03 36.2329 1192.03 36.2249C1192.03 36.2249 1192.02 36.2074 1192.04 36.184C1189 32.0928 1186.74 27.4835 1185.03 22.7544L1183.86 19.5781C1181.7 13.668 1180.36 7.43619 1180.28 1.12397V0H1187.64V2.97518C1187.66 3.33762 1187.69 3.71051 1187.71 4.09009C1187.76 4.76318 1187.8 5.45729 1187.88 6.15139V6.43283C1188 7.55857 1188.12 8.6441 1188.33 9.81005C1189.38 16.2831 1191.25 20.7057 1192.07 22.3943C1192.88 20.7057 1194.75 16.2831 1195.8 9.81005C1196.01 8.68521 1196.13 7.56039 1196.25 6.43555L1196.25 6.43283V6.15139ZM1187.64 146.596C1187.66 146.959 1187.69 147.331 1187.71 147.711C1187.76 148.384 1187.8 149.078 1187.88 149.772V150.054C1188 151.179 1188.12 152.265 1188.33 153.431C1189.38 159.904 1191.25 164.327 1192.07 166.015C1192.88 164.327 1194.75 159.904 1195.8 153.431C1196.01 152.306 1196.13 151.181 1196.25 150.056L1196.25 150.054V149.772C1196.37 148.687 1196.46 147.641 1196.5 146.596V141.364C1196.47 141.002 1196.44 140.63 1196.42 140.251C1196.37 139.578 1196.33 138.882 1196.25 138.188V137.906C1196.13 136.78 1196.01 135.695 1195.8 134.529C1194.75 128.056 1192.88 123.633 1192.07 121.945C1191.25 123.633 1189.38 128.056 1188.33 134.529C1188.12 135.655 1188 136.78 1187.88 137.906V138.188C1187.76 139.273 1187.68 140.318 1187.64 141.364V146.596ZM1187.64 74.7856C1187.66 75.1481 1187.69 75.521 1187.71 75.9006C1187.76 76.5736 1187.8 77.2678 1187.88 77.9619V78.2433C1188 79.369 1188.12 80.4546 1188.33 81.6205C1189.38 88.0936 1191.25 92.5162 1192.07 94.2048C1192.88 92.5162 1194.75 88.0936 1195.8 81.6205C1196.01 80.4957 1196.13 79.3709 1196.25 78.246L1196.25 78.2433V77.9619C1196.37 76.8763 1196.46 75.831 1196.5 74.7856V69.5532C1196.47 69.1912 1196.44 68.8187 1196.42 68.4395C1196.37 67.7661 1196.33 67.0715 1196.25 66.377V66.0956C1196.13 64.9698 1196.01 63.8843 1195.8 62.7184C1194.75 56.2453 1192.88 51.8227 1192.07 50.1341C1191.25 51.8227 1189.38 56.2453 1188.33 62.7184C1188.12 63.8441 1188 64.9698 1187.88 66.0956V66.377C1187.76 67.4626 1187.68 68.5079 1187.64 69.5532V74.7856ZM1187.64 218.407C1187.66 218.769 1187.69 219.142 1187.71 219.521C1187.76 220.195 1187.8 220.889 1187.88 221.583V221.864C1188 222.99 1188.12 224.076 1188.33 225.241C1189.38 231.714 1191.25 236.137 1192.07 237.826C1192.88 236.137 1194.75 231.714 1195.8 225.241C1196.01 224.117 1196.13 222.992 1196.25 221.867L1196.25 221.864V221.583C1196.37 220.497 1196.46 219.452 1196.5 218.407V213.174C1196.47 212.812 1196.44 212.44 1196.42 212.06C1196.37 211.387 1196.33 210.692 1196.25 209.998V209.717C1196.13 208.591 1196.01 207.505 1195.8 206.339C1194.75 199.866 1192.88 195.444 1192.07 193.755C1191.25 195.444 1189.38 199.866 1188.33 206.339C1188.12 207.465 1188 208.591 1187.88 209.717V209.998C1187.76 211.083 1187.68 212.129 1187.64 213.174V218.407Z" fill="url(#paint58_linear_35097_25595)"/>
<path fill-rule="evenodd" clip-rule="evenodd" d="M1269.98 13.5885C1268.23 8.84427 1266 4.22067 1262.95 0.119741C1262.95 0.119741 1262.95 0.0795189 1262.91 0.0393137H1262.87C1262.87 0.0393137 1262.87 0.0795361 1262.83 0.119741C1259.82 4.22067 1257.54 8.80406 1255.8 13.5885L1254.62 16.7647C1252.42 22.7151 1251.12 28.9469 1251.04 35.2189V37.3096C1251.12 43.6218 1252.46 49.8536 1254.62 55.7638L1255.8 58.94C1257.51 63.5927 1259.69 68.1295 1262.65 72.171C1259.73 76.2102 1257.51 80.708 1255.8 85.399L1254.62 88.5752C1252.42 94.5255 1251.12 100.757 1251.04 107.029V109.12C1251.12 115.432 1252.46 121.664 1254.62 127.574L1255.8 130.75C1257.51 135.403 1259.69 139.94 1262.65 143.981C1259.73 148.021 1257.51 152.518 1255.8 157.209L1254.62 160.386C1252.42 166.336 1251.12 172.568 1251.04 178.84V180.93C1251.12 187.243 1252.46 193.475 1254.62 199.385L1255.8 202.561C1257.51 207.214 1259.69 211.75 1262.65 215.792C1259.73 219.831 1257.51 224.329 1255.8 229.02L1254.62 232.196C1252.42 238.146 1251.12 244.378 1251.04 250.65V252.741C1251.12 259.053 1252.46 265.285 1254.62 271.195L1255.8 274.371C1257.54 279.116 1259.78 283.739 1262.83 287.84C1262.83 287.84 1262.83 287.88 1262.87 287.921H1262.91C1262.91 287.921 1262.91 287.88 1262.95 287.84C1265.96 283.739 1268.23 279.156 1269.98 274.371L1271.16 271.195C1273.36 265.245 1274.66 259.013 1274.74 252.741V250.65C1274.66 244.338 1273.31 238.106 1271.16 232.196L1269.98 229.02C1268.27 224.367 1266.08 219.83 1263.13 215.789C1266.05 211.75 1268.27 207.252 1269.98 202.561L1271.16 199.385C1273.36 193.434 1274.66 187.202 1274.74 180.93V178.84C1274.66 172.528 1273.31 166.296 1271.16 160.386L1269.98 157.209C1268.27 152.557 1266.08 148.02 1263.13 143.978C1266.05 139.939 1268.27 135.441 1269.98 130.75L1271.16 127.574C1273.36 121.624 1274.66 115.392 1274.74 109.12V107.029C1274.66 100.717 1273.31 94.4853 1271.16 88.5752L1269.98 85.399C1268.27 80.7462 1266.08 76.2094 1263.13 72.1679C1266.05 68.1287 1268.27 63.631 1269.98 58.94L1271.16 55.7638C1273.36 49.8134 1274.66 43.5816 1274.74 37.3096V35.2189C1274.66 28.9067 1273.31 22.6749 1271.16 16.7647L1269.98 13.5885ZM1267.38 39.2796C1267.34 40.325 1267.26 41.3703 1267.14 42.4558V42.7373L1267.14 42.74C1267.01 43.8648 1266.89 44.9896 1266.69 46.1145C1265.63 52.5875 1263.76 57.0101 1262.95 58.6987C1262.14 57.0101 1260.27 52.5875 1259.21 46.1145C1259.01 44.9485 1258.89 43.863 1258.76 42.7373V42.4558C1258.69 41.7617 1258.64 41.0676 1258.6 40.3945C1258.57 40.0149 1258.55 39.642 1258.52 39.2796V33.3292C1258.56 32.2839 1258.64 31.2386 1258.76 30.153V29.8716C1258.89 28.7459 1259.01 27.6201 1259.21 26.4944C1260.27 20.0213 1262.14 15.5988 1262.95 13.9101C1263.76 15.5988 1265.63 20.0213 1266.69 26.4944C1266.89 27.6603 1267.02 28.7459 1267.14 29.8716V30.153C1267.21 30.8473 1267.26 31.5416 1267.3 32.2148L1267.3 32.216C1267.33 32.595 1267.35 32.9673 1267.38 33.3292V39.2796ZM1267.38 111.09C1267.34 112.135 1267.26 113.181 1267.14 114.266V114.548L1267.14 114.55C1267.01 115.675 1266.89 116.8 1266.69 117.925C1265.63 124.398 1263.76 128.821 1262.95 130.509C1262.14 128.821 1260.27 124.398 1259.21 117.925C1259.01 116.759 1258.89 115.673 1258.76 114.548V114.266C1258.69 113.572 1258.64 112.878 1258.6 112.205C1258.57 111.825 1258.55 111.453 1258.52 111.09V105.14C1258.56 104.094 1258.64 103.049 1258.76 101.964V101.682C1258.89 100.556 1259.01 99.4306 1259.21 98.3048C1260.27 91.8318 1262.14 87.4092 1262.95 85.7206C1263.76 87.4092 1265.63 91.8318 1266.69 98.3048C1266.89 99.4708 1267.02 100.556 1267.14 101.682V101.964C1267.21 102.658 1267.26 103.352 1267.3 104.025C1267.33 104.404 1267.35 104.778 1267.38 105.14V111.09ZM1267.38 182.901C1267.34 183.946 1267.26 184.991 1267.14 186.077V186.358L1267.14 186.361C1267.01 187.486 1266.89 188.611 1266.69 189.735C1265.63 196.208 1263.76 200.631 1262.95 202.32C1262.14 200.631 1260.27 196.208 1259.21 189.735C1259.01 188.569 1258.89 187.484 1258.76 186.358V186.077C1258.69 185.383 1258.64 184.689 1258.6 184.015C1258.57 183.636 1258.55 183.263 1258.52 182.901V176.95C1258.56 175.905 1258.64 174.86 1258.76 173.774V173.493C1258.89 172.367 1259.01 171.241 1259.21 170.115C1260.27 163.642 1262.14 159.22 1262.95 157.531C1263.76 159.22 1265.63 163.642 1266.69 170.115C1266.89 171.281 1267.02 172.367 1267.14 173.493V173.774C1267.21 174.468 1267.26 175.163 1267.3 175.836L1267.3 175.837C1267.33 176.216 1267.35 176.588 1267.38 176.95V182.901ZM1267.38 254.711C1267.34 255.756 1267.26 256.802 1267.14 257.887V258.169L1267.14 258.171C1267.01 259.296 1266.89 260.421 1266.69 261.546C1265.63 268.019 1263.76 272.441 1262.95 274.13C1262.14 272.441 1260.27 268.019 1259.21 261.546C1259.01 260.38 1258.89 259.294 1258.76 258.169V257.887C1258.69 257.193 1258.64 256.499 1258.6 255.826C1258.57 255.446 1258.55 255.073 1258.52 254.711V248.761C1258.56 247.715 1258.64 246.67 1258.76 245.584V245.303C1258.89 244.177 1259.01 243.051 1259.21 241.926C1260.27 235.453 1262.14 231.03 1262.95 229.342C1263.76 231.03 1265.63 235.453 1266.69 241.926C1266.89 243.092 1267.02 244.177 1267.14 245.303V245.584C1267.21 246.279 1267.26 246.973 1267.3 247.646L1267.3 247.649C1267.33 248.027 1267.35 248.399 1267.38 248.761V254.711Z" fill="url(#paint59_linear_35097_25595)"/>
<path fill-rule="evenodd" clip-rule="evenodd" d="M963.315 49.8527C961.568 45.1085 959.332 40.4849 956.284 36.3839C956.325 36.3437 956.324 36.3035 956.324 36.3035C956.284 36.2633 956.284 36.2231 956.284 36.2231C959.292 32.1222 961.568 27.5388 963.315 22.7544L964.494 19.5781C966.689 13.6278 967.99 7.39599 968.071 1.12397V0.0786276H960.714V3.05381C960.674 4.09914 960.592 5.14448 960.47 6.23002V6.51146C960.348 7.6372 960.226 8.76297 960.023 9.88871C958.966 16.3618 957.097 20.7843 956.284 22.4729C955.471 20.7843 953.601 16.3618 952.545 9.88871C952.341 8.72276 952.219 7.6372 952.098 6.51146V6.23002C952.02 5.53585 951.975 4.84168 951.931 4.16853C951.907 3.78902 951.883 3.41618 951.854 3.05381V0.0786276H944.497V1.12397C944.578 7.43619 945.919 13.668 948.074 19.5781L949.252 22.7544C951 27.4986 953.236 32.1222 956.284 36.2231C956.243 36.2633 956.243 36.3035 956.243 36.3035C956.284 36.3437 956.284 36.3839 956.284 36.3839C953.276 40.4849 951 45.0683 949.252 49.8527L948.074 53.0289C945.879 58.9793 944.578 65.2111 944.497 71.4831V72.9344C944.578 79.2467 945.919 85.4784 948.074 91.3886L949.252 94.5648C951 99.3091 953.236 103.933 956.284 108.034C956.243 108.074 956.243 108.114 956.243 108.114C956.284 108.154 956.284 108.194 956.284 108.194C953.276 112.295 951 116.879 949.252 121.663L948.074 124.839C945.879 130.79 944.578 137.022 944.497 143.294V144.745C944.578 151.057 945.919 157.289 948.074 163.199L949.252 166.375C951 171.12 953.236 175.743 956.284 179.844C956.243 179.884 956.243 179.924 956.243 179.924C956.284 179.965 956.284 180.005 956.284 180.005C953.276 184.106 951 188.689 949.252 193.474L948.074 196.65C945.879 202.6 944.578 208.832 944.497 215.104V216.555C944.578 222.868 945.919 229.099 948.074 235.01L949.252 238.186C951 242.93 953.236 247.554 956.284 251.654C956.243 251.695 956.243 251.735 956.243 251.735C956.284 251.775 956.284 251.815 956.284 251.815C953.276 255.916 951 260.5 949.252 265.284L948.074 268.46C945.879 274.411 944.578 280.642 944.497 286.914V287.96H951.854V284.985C951.894 283.939 951.976 282.894 952.098 281.808V281.527L952.098 281.525C952.22 280.4 952.341 279.275 952.545 278.15C953.601 271.677 955.471 267.254 956.284 265.566C957.097 267.254 958.966 271.677 960.023 278.15C960.226 279.316 960.348 280.401 960.47 281.527V281.808C960.548 282.503 960.593 283.197 960.636 283.87C960.661 284.25 960.685 284.622 960.714 284.985V287.96H968.071V286.914C967.99 280.602 966.648 274.37 964.494 268.46L963.315 265.284C961.568 260.54 959.332 255.916 956.284 251.815C956.325 251.775 956.324 251.735 956.324 251.735C956.284 251.695 956.284 251.654 956.284 251.654C959.292 247.554 961.568 242.97 963.315 238.186L964.494 235.01C966.689 229.059 967.99 222.827 968.071 216.555V215.104C967.99 208.792 966.648 202.56 964.494 196.65L963.315 193.474C961.568 188.729 959.332 184.106 956.284 180.005C956.325 179.965 956.324 179.924 956.324 179.924C956.284 179.884 956.284 179.844 956.284 179.844C959.292 175.743 961.568 171.16 963.315 166.375L964.494 163.199C966.689 157.249 967.99 151.017 968.071 144.745V143.294C967.99 136.981 966.648 130.75 964.494 124.839L963.315 121.663C961.568 116.919 959.332 112.295 956.284 108.194C956.325 108.154 956.324 108.114 956.324 108.114C956.284 108.074 956.284 108.034 956.284 108.034C959.292 103.933 961.568 99.3493 963.315 94.5648L964.494 91.3886C966.689 85.4382 967.99 79.2065 968.071 72.9344V71.4831C967.99 65.1709 966.648 58.9391 964.494 53.0289L963.315 49.8527ZM960.714 141.364C960.685 141.001 960.661 140.629 960.636 140.249C960.593 139.576 960.548 138.882 960.47 138.188V137.906C960.348 136.78 960.226 135.695 960.023 134.529C958.966 128.056 957.097 123.633 956.284 121.945C955.471 123.633 953.601 128.056 952.545 134.529C952.341 135.654 952.22 136.779 952.098 137.904L952.098 137.906V138.188C951.976 139.273 951.894 140.318 951.854 141.364V146.675C951.883 147.037 951.907 147.41 951.931 147.789C951.975 148.462 952.02 149.157 952.098 149.851V150.132C952.219 151.258 952.341 152.344 952.545 153.51C953.601 159.983 955.471 164.405 956.284 166.094C957.097 164.405 958.966 159.983 960.023 153.51C960.226 152.384 960.348 151.258 960.47 150.132V149.851C960.592 148.765 960.674 147.72 960.714 146.675V141.364ZM951.854 69.5532C951.894 68.5079 951.976 67.4626 952.098 66.377V66.0956L952.098 66.0932C952.22 64.9683 952.341 63.8433 952.545 62.7184C953.601 56.2453 955.471 51.8227 956.284 50.1341C957.097 51.8227 958.966 56.2453 960.023 62.7184C960.226 63.8843 960.348 64.9698 960.47 66.0956V66.377C960.548 67.0712 960.593 67.7654 960.636 68.4385V68.4396C960.661 68.8187 960.685 69.1913 960.714 69.5532V74.8643C960.674 75.9096 960.592 76.9549 960.47 78.0405V78.3219C960.348 79.4477 960.226 80.5734 960.023 81.6992C958.966 88.1722 957.097 92.5948 956.284 94.2834C955.471 92.5948 953.601 88.1722 952.545 81.6992C952.341 80.5332 952.219 79.4477 952.098 78.3219V78.0405C952.02 77.3463 951.975 76.6521 951.931 75.979C951.907 75.5995 951.883 75.2266 951.854 74.8643V69.5532ZM951.854 213.174C951.894 212.129 951.976 211.083 952.098 209.998V209.717L952.098 209.714C952.22 208.589 952.341 207.464 952.545 206.339C953.601 199.866 955.471 195.444 956.284 193.755C957.097 195.444 958.966 199.866 960.023 206.339C960.226 207.505 960.348 208.591 960.47 209.717V209.998C960.548 210.692 960.593 211.386 960.636 212.06V212.061C960.661 212.44 960.685 212.812 960.714 213.174V218.485C960.674 219.531 960.592 220.576 960.47 221.661V221.943C960.348 223.069 960.226 224.194 960.023 225.32C958.966 231.793 957.097 236.216 956.284 237.904C955.471 236.216 953.601 231.793 952.545 225.32C952.341 224.154 952.219 223.069 952.098 221.943V221.661C952.02 220.967 951.975 220.273 951.931 219.6C951.907 219.22 951.883 218.848 951.854 218.485V213.174Z" fill="url(#paint60_linear_35097_25595)"/>
<path fill-rule="evenodd" clip-rule="evenodd" d="M1003.51 36.3839C1006.56 40.4849 1008.8 45.1085 1010.55 49.8527L1011.72 53.0289C1013.88 58.9391 1015.22 65.1709 1015.3 71.4831V72.9344C1015.22 79.2065 1013.92 85.4382 1011.72 91.3886L1010.55 94.5648C1008.76 99.3493 1006.52 103.933 1003.51 108.034C1000.46 103.933 998.189 99.3091 996.482 94.5648L995.303 91.3886C993.149 85.4784 991.808 79.2467 991.726 72.9344V71.4831C991.808 65.2111 993.108 58.9793 995.303 53.0289L996.482 49.8527C998.229 45.0683 1000.51 40.4849 1003.51 36.3839ZM999.083 74.8643C999.112 75.2264 999.136 75.599 999.161 75.9783C999.204 76.6515 999.249 77.3463 999.327 78.0405V78.3219C999.449 79.4477 999.571 80.5332 999.774 81.6992C1000.83 88.1722 1002.7 92.5948 1003.51 94.2834C1004.33 92.5948 1006.2 88.1722 1007.25 81.6992C1007.46 80.5734 1007.58 79.4477 1007.7 78.3219V78.0405C1007.82 76.9549 1007.9 75.9096 1007.94 74.8643V69.5532C1007.91 69.191 1007.89 68.8184 1007.87 68.439C1007.82 67.7659 1007.78 67.0712 1007.7 66.377V66.0956C1007.58 64.9698 1007.46 63.8843 1007.25 62.7184C1006.2 56.2453 1004.33 51.8227 1003.51 50.1341C1002.7 51.8227 1000.83 56.2453 999.774 62.7184C999.571 63.8433 999.449 64.9683 999.327 66.0932L999.327 66.0956V66.377C999.205 67.4626 999.124 68.5079 999.083 69.5532V74.8643Z" fill="url(#paint61_linear_35097_25595)"/>
<path fill-rule="evenodd" clip-rule="evenodd" d="M1003.51 36.2231C1006.52 32.1222 1008.76 27.5388 1010.55 22.7544L1011.72 19.5781C1013.92 13.6278 1015.22 7.39599 1015.3 1.12397V0.0786276H1007.94V3.05381C1007.9 4.09914 1007.82 5.14448 1007.7 6.23002V6.51146C1007.58 7.6372 1007.46 8.76297 1007.25 9.88871C1006.2 16.3618 1004.33 20.7843 1003.51 22.4729C1002.7 20.7843 1000.83 16.3618 999.774 9.88871C999.571 8.72276 999.449 7.6372 999.327 6.51146V6.23002C999.249 5.53583 999.204 4.84164 999.161 4.16848C999.136 3.78908 999.112 3.41607 999.083 3.05381V0.0786276H991.726V1.12397C991.808 7.43619 993.149 13.668 995.303 19.5781L996.482 22.7544C998.189 27.4986 1000.46 32.1222 1003.51 36.2231ZM1003.51 36.2231C1003.51 36.2231 1003.51 36.2633 1003.55 36.3035C1003.55 36.3035 1003.55 36.3437 1003.51 36.3839C1003.51 36.3839 1003.51 36.3437 1003.47 36.3035C1003.47 36.3035 1003.47 36.2633 1003.51 36.2231Z" fill="url(#paint62_linear_35097_25595)"/>
<path d="M1003.51 108.194C1003.51 108.194 1003.51 108.154 1003.47 108.114C1003.47 108.114 1003.47 108.074 1003.51 108.034C1003.51 108.034 1003.51 108.074 1003.55 108.114C1003.55 108.114 1003.55 108.154 1003.51 108.194Z" fill="url(#paint63_linear_35097_25595)"/>
<path fill-rule="evenodd" clip-rule="evenodd" d="M1015.3 143.294C1015.22 136.981 1013.88 130.75 1011.72 124.839L1010.55 121.663C1008.8 116.919 1006.56 112.295 1003.51 108.194C1000.51 112.295 998.229 116.879 996.482 121.663L995.303 124.839C993.108 130.79 991.808 137.022 991.726 143.294V144.745C991.808 151.057 993.149 157.289 995.303 163.199L996.482 166.375C998.189 171.12 1000.46 175.743 1003.51 179.844C1003.47 179.884 1003.47 179.924 1003.47 179.924C1003.51 179.965 1003.51 180.005 1003.51 180.005C1000.51 184.106 998.229 188.689 996.482 193.474L995.303 196.65C993.108 202.6 991.808 208.832 991.726 215.104V216.555C991.808 222.868 993.149 229.099 995.303 235.01L996.482 238.186C998.189 242.93 1000.46 247.554 1003.51 251.654C1003.47 251.695 1003.47 251.735 1003.47 251.735C1003.51 251.775 1003.51 251.815 1003.51 251.815C1000.51 255.916 998.229 260.5 996.482 265.284L995.303 268.46C993.108 274.411 991.808 280.642 991.726 286.914V287.96H999.083V284.985C999.124 283.939 999.205 282.894 999.327 281.808V281.527L999.327 281.525C999.449 280.4 999.571 279.275 999.774 278.15C1000.83 271.677 1002.7 267.254 1003.51 265.566C1004.33 267.254 1006.2 271.677 1007.25 278.15C1007.46 279.316 1007.58 280.401 1007.7 281.527V281.808C1007.78 282.503 1007.82 283.197 1007.87 283.87C1007.89 284.25 1007.91 284.622 1007.94 284.985V287.96H1015.3V286.914C1015.22 280.602 1013.88 274.37 1011.72 268.46L1010.55 265.284C1008.8 260.54 1006.56 255.916 1003.51 251.815C1003.55 251.775 1003.55 251.735 1003.55 251.735C1003.51 251.695 1003.51 251.654 1003.51 251.654C1006.52 247.554 1008.76 242.97 1010.55 238.186L1011.72 235.01C1013.92 229.059 1015.22 222.827 1015.3 216.555V215.104C1015.22 208.792 1013.88 202.56 1011.72 196.65L1010.55 193.474C1008.8 188.729 1006.56 184.106 1003.51 180.005C1003.55 179.965 1003.55 179.924 1003.55 179.924C1003.51 179.884 1003.51 179.844 1003.51 179.844C1006.52 175.743 1008.76 171.16 1010.55 166.375L1011.72 163.199C1013.92 157.249 1015.22 151.017 1015.3 144.745V143.294ZM1007.94 141.364C1007.91 141.001 1007.89 140.629 1007.87 140.249C1007.82 139.576 1007.78 138.882 1007.7 138.188V137.906C1007.58 136.78 1007.46 135.695 1007.25 134.529C1006.2 128.056 1004.33 123.633 1003.51 121.945C1002.7 123.633 1000.83 128.056 999.774 134.529C999.571 135.654 999.449 136.779 999.327 137.904L999.327 137.906V138.188C999.205 139.273 999.124 140.318 999.083 141.364V146.675C999.112 147.037 999.136 147.41 999.161 147.789C999.204 148.462 999.249 149.157 999.327 149.851V150.132C999.449 151.258 999.571 152.344 999.774 153.51C1000.83 159.983 1002.7 164.405 1003.51 166.094C1004.33 164.405 1006.2 159.983 1007.25 153.51C1007.46 152.384 1007.58 151.258 1007.7 150.132V149.851C1007.82 148.765 1007.9 147.72 1007.94 146.675V141.364ZM999.083 218.485C999.112 218.847 999.136 219.22 999.161 219.599C999.204 220.272 999.249 220.967 999.327 221.661V221.943C999.449 223.069 999.571 224.154 999.774 225.32C1000.83 231.793 1002.7 236.216 1003.51 237.904C1004.33 236.216 1006.2 231.793 1007.25 225.32C1007.46 224.194 1007.58 223.069 1007.7 221.943V221.661C1007.82 220.576 1007.9 219.531 1007.94 218.485V213.174C1007.91 212.812 1007.89 212.439 1007.87 212.06C1007.82 211.387 1007.78 210.692 1007.7 209.998V209.717C1007.58 208.591 1007.46 207.505 1007.25 206.339C1006.2 199.866 1004.33 195.444 1003.51 193.755C1002.7 195.444 1000.83 199.866 999.774 206.339C999.571 207.464 999.449 208.589 999.327 209.714L999.327 209.717V209.998C999.205 211.083 999.124 212.129 999.083 213.174V218.485Z" fill="url(#paint64_linear_35097_25595)"/>
<path fill-rule="evenodd" clip-rule="evenodd" d="M991.604 35.2582C991.523 28.946 990.182 22.7142 988.028 16.804L986.849 13.6278C985.101 8.88358 982.866 4.25996 979.817 0.159025C979.817 0.159025 979.817 0.118833 979.777 0.0786276H979.736C979.736 0.0786276 979.736 0.118819 979.695 0.159025C976.688 4.25996 974.412 8.84338 972.664 13.6278L971.485 16.804C969.29 22.7544 967.99 28.9862 967.908 35.2582V37.3891C967.99 43.7013 969.331 49.9331 971.485 55.8433L972.664 59.0195C974.375 63.6646 976.554 68.1941 979.505 72.2305C976.591 76.2645 974.375 80.7551 972.664 85.4383L971.485 88.6145C969.29 94.5648 967.99 100.797 967.908 107.069V109.2C967.99 115.512 969.331 121.744 971.485 127.654L972.664 130.83C974.375 135.475 976.554 140.005 979.505 144.041C976.591 148.075 974.375 152.566 972.664 157.249L971.485 160.425C969.29 166.375 967.99 172.607 967.908 178.879V181.01C967.99 187.322 969.331 193.554 971.485 199.464L972.664 202.64C974.375 207.286 976.554 211.815 979.505 215.851C976.591 219.885 974.375 224.376 972.664 229.059L971.485 232.235C969.29 238.186 967.99 244.418 967.908 250.69V252.82C967.99 259.133 969.331 265.365 971.485 271.275L972.664 274.451C974.412 279.195 976.647 283.819 979.695 287.92C979.695 287.92 979.695 287.96 979.736 288H979.777C979.777 288 979.777 287.96 979.817 287.92C982.825 283.819 985.101 279.235 986.849 274.451L988.028 271.275C990.222 265.324 991.523 259.092 991.604 252.82V250.69C991.523 244.377 990.182 238.146 988.028 232.235L986.849 229.059C985.138 224.414 982.959 219.885 980.007 215.848C982.921 211.814 985.138 207.324 986.849 202.64L988.028 199.464C990.222 193.514 991.523 187.282 991.604 181.01V178.879C991.523 172.567 990.182 166.335 988.028 160.425L986.849 157.249C985.138 152.604 982.959 148.074 980.007 144.038C982.921 140.004 985.138 135.513 986.849 130.83L988.028 127.654C990.222 121.703 991.523 115.472 991.604 109.2V107.069C991.523 100.756 990.182 94.5247 988.028 88.6145L986.849 85.4383C985.138 80.7932 982.959 76.2637 980.007 72.2272C982.921 68.1932 985.138 63.7027 986.849 59.0195L988.028 55.8433C990.222 49.8929 991.523 43.6611 991.604 37.3891V35.2582ZM984.207 39.2385C984.166 40.2838 984.085 41.3292 983.963 42.4147V42.6962C983.841 43.8219 983.719 44.9477 983.516 46.0734C982.459 52.5465 980.59 56.969 979.777 58.6576C978.964 56.969 977.094 52.5465 976.037 46.0734C975.834 44.9075 975.712 43.8219 975.59 42.6962V42.4147C975.512 41.7206 975.468 41.0264 975.424 40.3532C975.4 39.9737 975.376 39.6009 975.346 39.2385V33.2881C975.387 32.2428 975.468 31.1975 975.59 30.1119V29.8305L975.591 29.8279C975.712 28.703 975.834 27.5781 976.037 26.4532C977.094 19.9802 978.964 15.5576 979.777 13.869C980.59 15.5576 982.459 19.9802 983.516 26.4532C983.719 27.6192 983.841 28.7048 983.963 29.8305V30.1119C984.041 30.806 984.086 31.5001 984.129 32.1731C984.154 32.5527 984.178 32.9258 984.207 33.2881V39.2385ZM984.207 111.049C984.166 112.094 984.085 113.14 983.963 114.225V114.507C983.841 115.632 983.719 116.758 983.516 117.884C982.459 124.357 980.59 128.779 979.777 130.468C978.964 128.779 977.094 124.357 976.037 117.884C975.834 116.718 975.712 115.632 975.59 114.507V114.225C975.512 113.531 975.468 112.837 975.424 112.164L975.424 112.162L975.424 112.161C975.4 111.782 975.376 111.411 975.346 111.049V105.099C975.387 104.053 975.468 103.008 975.59 101.922V101.641L975.591 101.638C975.712 100.513 975.834 99.3886 976.037 98.2637C977.094 91.7907 978.964 87.3681 979.777 85.6795C980.59 87.3681 982.459 91.7907 983.516 98.2637C983.719 99.4297 983.841 100.515 983.963 101.641V101.922C984.041 102.616 984.086 103.311 984.129 103.984C984.154 104.363 984.178 104.736 984.207 105.099V111.049ZM984.207 182.859C984.166 183.905 984.085 184.95 983.963 186.036V186.317C983.841 187.443 983.719 188.569 983.516 189.694C982.459 196.167 980.59 200.59 979.777 202.279C978.964 200.59 977.094 196.167 976.037 189.694C975.834 188.528 975.712 187.443 975.59 186.317V186.036C975.512 185.341 975.468 184.647 975.424 183.974C975.4 183.595 975.376 183.222 975.346 182.859V176.909C975.387 175.864 975.468 174.818 975.59 173.733V173.451L975.591 173.449C975.712 172.324 975.834 171.199 976.037 170.074C977.094 163.601 978.964 159.179 979.777 157.49C980.59 159.179 982.459 163.601 983.516 170.074C983.719 171.24 983.841 172.326 983.963 173.451V173.733C984.041 174.427 984.086 175.121 984.129 175.794C984.154 176.174 984.178 176.547 984.207 176.909V182.859ZM984.207 254.67C984.166 255.715 984.085 256.761 983.963 257.846V258.128C983.841 259.253 983.719 260.379 983.516 261.505C982.459 267.978 980.59 272.4 979.777 274.089C978.964 272.4 977.094 267.978 976.037 261.505C975.834 260.339 975.712 259.253 975.59 258.128V257.846C975.512 257.152 975.468 256.458 975.424 255.785L975.424 255.783L975.424 255.782C975.4 255.403 975.376 255.031 975.346 254.67V248.72C975.387 247.674 975.468 246.629 975.59 245.543V245.262L975.591 245.259C975.712 244.134 975.834 243.01 976.037 241.885C977.094 235.412 978.964 230.989 979.777 229.3C980.59 230.989 982.459 235.412 983.516 241.885C983.719 243.051 983.841 244.136 983.963 245.262V245.543C984.041 246.237 984.086 246.931 984.129 247.605C984.154 247.984 984.178 248.357 984.207 248.72V254.67Z" fill="url(#paint65_linear_35097_25595)"/>
<path fill-rule="evenodd" clip-rule="evenodd" d="M1038.87 35.2582V37.3891C1038.79 43.6611 1037.49 49.8929 1035.3 55.8433L1034.12 59.0195C1032.37 63.7026 1030.19 68.1932 1027.28 72.2272C1030.23 76.2636 1032.41 80.7932 1034.12 85.4383L1035.3 88.6145C1037.45 94.5247 1038.79 100.756 1038.87 107.069V109.2C1038.79 115.472 1037.49 121.703 1035.3 127.654L1034.12 130.83C1032.37 135.513 1030.19 140.004 1027.28 144.038C1030.23 148.074 1032.41 152.604 1034.12 157.249L1035.3 160.425C1037.45 166.335 1038.79 172.567 1038.87 178.879V181.01C1038.79 187.282 1037.49 193.514 1035.3 199.464L1034.12 202.64C1032.37 207.324 1030.19 211.814 1027.28 215.848C1030.23 219.885 1032.41 224.414 1034.12 229.059L1035.3 232.235C1037.45 238.146 1038.79 244.377 1038.87 250.69V252.82C1038.79 259.092 1037.49 265.324 1035.3 271.275L1034.12 274.451C1032.33 279.235 1030.1 283.819 1027.09 287.92C1027.05 287.96 1027.05 288 1027.05 288H1027.01C1026.97 287.96 1026.97 287.92 1026.97 287.92C1023.92 283.819 1021.64 279.195 1019.93 274.451L1018.76 271.275C1016.6 265.365 1015.26 259.133 1015.18 252.82V250.69C1015.26 244.418 1016.56 238.186 1018.76 232.235L1019.93 229.059C1021.64 224.376 1023.86 219.885 1026.78 215.851C1023.82 211.815 1021.61 207.286 1019.93 202.64L1018.76 199.464C1016.6 193.554 1015.26 187.322 1015.18 181.01V178.879C1015.26 172.607 1016.56 166.375 1018.76 160.425L1019.93 157.249C1021.64 152.566 1023.86 148.075 1026.78 144.041C1023.82 140.005 1021.61 135.475 1019.93 130.83L1018.76 127.654C1016.6 121.744 1015.26 115.512 1015.18 109.2V107.069C1015.26 100.797 1016.56 94.5648 1018.76 88.6145L1019.93 85.4383C1021.64 80.7551 1023.86 76.2646 1026.78 72.2306C1023.82 68.1941 1021.61 63.6646 1019.93 59.0195L1018.76 55.8433C1016.6 49.9331 1015.26 43.7013 1015.18 37.3891V35.2582C1015.26 28.9862 1016.56 22.7544 1018.76 16.804L1019.93 13.6278C1021.68 8.84338 1023.96 4.25996 1026.97 0.159025C1027.01 0.118819 1027.01 0.0786276 1027.01 0.0786276H1027.05C1027.09 0.118833 1027.09 0.159025 1027.09 0.159025C1030.14 4.25996 1032.37 8.88358 1034.12 13.6278L1035.3 16.804C1037.45 22.7142 1038.79 28.946 1038.87 35.2582ZM1031.48 39.2385V33.2881C1031.45 32.9258 1031.42 32.5529 1031.4 32.1734C1031.36 31.5002 1031.31 30.8061 1031.23 30.1119V29.8305C1031.11 28.7048 1030.99 27.6192 1030.79 26.4532C1029.73 19.9802 1027.86 15.5576 1027.05 13.869C1026.23 15.5576 1024.36 19.9802 1023.31 26.4532C1023.1 27.5781 1022.98 28.703 1022.86 29.8279L1022.86 29.8305V30.1119C1022.74 31.1975 1022.66 32.2428 1022.62 33.2881V39.2385C1022.65 39.5995 1022.67 39.971 1022.69 40.349L1022.69 40.3503L1022.69 40.3525C1022.74 41.0257 1022.78 41.7204 1022.86 42.4147V42.6962C1022.98 43.8219 1023.1 44.9075 1023.31 46.0734C1024.36 52.5465 1026.23 56.969 1027.05 58.6576C1027.86 56.969 1029.73 52.5465 1030.79 46.0734C1030.99 44.9477 1031.11 43.8219 1031.23 42.6962V42.4147C1031.36 41.3292 1031.44 40.2838 1031.48 39.2385ZM1031.48 111.049V105.099C1031.45 104.736 1031.42 104.363 1031.4 103.984C1031.36 103.311 1031.31 102.617 1031.23 101.922V101.641C1031.11 100.515 1030.99 99.4297 1030.79 98.2637C1029.73 91.7907 1027.86 87.3681 1027.05 85.6795C1026.23 87.3681 1024.36 91.7907 1023.31 98.2637C1023.1 99.3886 1022.98 100.513 1022.86 101.638L1022.86 101.641V101.922C1022.74 103.008 1022.66 104.053 1022.62 105.099V111.049C1022.65 111.41 1022.67 111.782 1022.69 112.161L1022.69 112.162L1022.69 112.163C1022.74 112.837 1022.78 113.531 1022.86 114.225V114.507C1022.98 115.632 1023.1 116.718 1023.31 117.884C1024.36 124.357 1026.23 128.779 1027.05 130.468C1027.86 128.779 1029.73 124.357 1030.79 117.884C1030.99 116.758 1031.11 115.632 1031.23 114.507V114.225C1031.36 113.14 1031.44 112.094 1031.48 111.049ZM1031.48 182.859V176.909C1031.45 176.547 1031.42 176.174 1031.4 175.794C1031.36 175.121 1031.31 174.427 1031.23 173.733V173.451C1031.11 172.326 1030.99 171.24 1030.79 170.074C1029.73 163.601 1027.86 159.179 1027.05 157.49C1026.23 159.179 1024.36 163.601 1023.31 170.074C1023.1 171.199 1022.98 172.324 1022.86 173.449L1022.86 173.451V173.733C1022.74 174.818 1022.66 175.864 1022.62 176.909V182.859C1022.65 183.22 1022.67 183.592 1022.69 183.97L1022.69 183.971L1022.69 183.973C1022.74 184.647 1022.78 185.341 1022.86 186.036V186.317C1022.98 187.443 1023.1 188.528 1023.31 189.694C1024.36 196.167 1026.23 200.59 1027.05 202.279C1027.86 200.59 1029.73 196.167 1030.79 189.694C1030.99 188.569 1031.11 187.443 1031.23 186.317V186.036C1031.36 184.95 1031.44 183.905 1031.48 182.859ZM1031.48 254.67V248.72C1031.45 248.357 1031.42 247.984 1031.4 247.605C1031.36 246.932 1031.31 246.237 1031.23 245.543V245.262C1031.11 244.136 1030.99 243.051 1030.79 241.885C1029.73 235.412 1027.86 230.989 1027.05 229.3C1026.23 230.989 1024.36 235.412 1023.31 241.885C1023.1 243.01 1022.98 244.134 1022.86 245.259L1022.86 245.262V245.543C1022.74 246.629 1022.66 247.674 1022.62 248.72V254.67C1022.65 255.031 1022.67 255.403 1022.69 255.782L1022.69 255.783L1022.69 255.784C1022.74 256.458 1022.78 257.152 1022.86 257.846V258.128C1022.98 259.253 1023.1 260.339 1023.31 261.505C1024.36 267.978 1026.23 272.4 1027.05 274.089C1027.86 272.4 1029.73 267.978 1030.79 261.505C1030.99 260.379 1031.11 259.253 1031.23 258.128V257.846C1031.36 256.761 1031.44 255.715 1031.48 254.67Z" fill="url(#paint66_linear_35097_25595)"/>
<path fill-rule="evenodd" clip-rule="evenodd" d="M1057.65 49.8527C1055.91 45.1085 1053.67 40.4849 1050.62 36.3839C1050.66 36.3437 1050.66 36.3035 1050.66 36.3035C1050.62 36.2633 1050.62 36.2231 1050.62 36.2231C1053.63 32.1222 1055.91 27.5388 1057.65 22.7544L1058.83 19.5781C1061.03 13.6278 1062.33 7.39599 1062.41 1.12397V0.0786276H1055.05V3.05381C1055.01 4.09914 1054.93 5.14448 1054.81 6.23002V6.51146L1054.81 6.51397C1054.69 7.63885 1054.56 8.76383 1054.36 9.88871C1053.3 16.3618 1051.43 20.7843 1050.62 22.4729C1049.81 20.7843 1047.94 16.3618 1046.88 9.88871C1046.68 8.72276 1046.56 7.6372 1046.43 6.51146V6.23002C1046.36 5.53587 1046.31 4.84171 1046.27 4.16858C1046.24 3.78905 1046.22 3.4162 1046.19 3.05381V0.0786276H1038.83V1.12397C1038.92 7.43619 1040.26 13.668 1042.41 19.5781L1043.59 22.7544C1045.34 27.4986 1047.57 32.1222 1050.62 36.2231C1050.58 36.2633 1050.58 36.3035 1050.58 36.3035C1050.62 36.3437 1050.62 36.3839 1050.62 36.3839C1047.61 40.4849 1045.34 45.0683 1043.59 49.8527L1042.41 53.0289C1040.22 58.9793 1038.92 65.2111 1038.83 71.4831V72.9344C1038.92 79.2467 1040.26 85.4784 1042.41 91.3886L1043.59 94.5648C1045.34 99.3091 1047.57 103.933 1050.62 108.034C1050.58 108.074 1050.58 108.114 1050.58 108.114C1050.62 108.154 1050.62 108.194 1050.62 108.194C1047.61 112.295 1045.34 116.879 1043.59 121.663L1042.41 124.839C1040.22 130.79 1038.92 137.022 1038.83 143.294V144.745C1038.92 151.057 1040.26 157.289 1042.41 163.199L1043.59 166.375C1045.34 171.12 1047.57 175.743 1050.62 179.844C1050.58 179.884 1050.58 179.924 1050.58 179.924C1050.62 179.965 1050.62 180.005 1050.62 180.005C1047.61 184.106 1045.34 188.689 1043.59 193.474L1042.41 196.65C1040.22 202.6 1038.92 208.832 1038.83 215.104V216.555C1038.92 222.868 1040.26 229.099 1042.41 235.01L1043.59 238.186C1045.34 242.93 1047.57 247.554 1050.62 251.654C1050.58 251.695 1050.58 251.735 1050.58 251.735C1050.62 251.775 1050.62 251.815 1050.62 251.815C1047.61 255.916 1045.34 260.5 1043.59 265.284L1042.41 268.46C1040.22 274.411 1038.92 280.642 1038.83 286.914V287.96H1046.19V284.985C1046.23 283.939 1046.31 282.894 1046.43 281.808V281.527L1046.43 281.525C1046.56 280.4 1046.68 279.275 1046.88 278.15C1047.94 271.677 1049.81 267.254 1050.62 265.566C1051.43 267.254 1053.3 271.677 1054.36 278.15C1054.56 279.316 1054.69 280.401 1054.81 281.527V281.808C1054.89 282.502 1054.93 283.196 1054.97 283.869L1054.97 283.871C1055 284.25 1055.02 284.623 1055.05 284.985V287.96H1062.41V286.914C1062.33 280.602 1060.99 274.37 1058.83 268.46L1057.65 265.284C1055.91 260.54 1053.67 255.916 1050.62 251.815C1050.66 251.775 1050.66 251.735 1050.66 251.735C1050.62 251.695 1050.62 251.654 1050.62 251.654C1053.63 247.554 1055.91 242.97 1057.65 238.186L1058.83 235.01C1061.03 229.059 1062.33 222.827 1062.41 216.555V215.104C1062.33 208.792 1060.99 202.56 1058.83 196.65L1057.65 193.474C1055.91 188.729 1053.67 184.106 1050.62 180.005C1050.66 179.965 1050.66 179.924 1050.66 179.924C1050.62 179.884 1050.62 179.844 1050.62 179.844C1053.63 175.743 1055.91 171.16 1057.65 166.375L1058.83 163.199C1061.03 157.249 1062.33 151.017 1062.41 144.745V143.294C1062.33 136.981 1060.99 130.75 1058.83 124.839L1057.65 121.663C1055.91 116.919 1053.67 112.295 1050.62 108.194C1050.66 108.154 1050.66 108.114 1050.66 108.114C1050.62 108.074 1050.62 108.034 1050.62 108.034C1053.63 103.933 1055.91 99.3493 1057.65 94.5648L1058.83 91.3886C1061.03 85.4382 1062.33 79.2065 1062.41 72.9344V71.4831C1062.33 65.1709 1060.99 58.9391 1058.83 53.0289L1057.65 49.8527ZM1055.05 141.364C1055.02 141.002 1055 140.629 1054.97 140.25L1054.97 140.249C1054.93 139.576 1054.89 138.882 1054.81 138.188V137.906C1054.69 136.78 1054.56 135.695 1054.36 134.529C1053.3 128.056 1051.43 123.633 1050.62 121.945C1049.81 123.633 1047.94 128.056 1046.88 134.529C1046.68 135.654 1046.56 136.779 1046.43 137.904L1046.43 137.906V138.188C1046.31 139.273 1046.23 140.318 1046.19 141.364V146.675C1046.22 147.037 1046.24 147.41 1046.27 147.79C1046.31 148.463 1046.36 149.157 1046.43 149.851V150.132C1046.56 151.258 1046.68 152.344 1046.88 153.51C1047.94 159.983 1049.81 164.405 1050.62 166.094C1051.43 164.405 1053.3 159.983 1054.36 153.51C1054.56 152.385 1054.69 151.26 1054.81 150.135L1054.81 150.132V149.851C1054.93 148.765 1055.01 147.72 1055.05 146.675V141.364ZM1046.19 69.5532C1046.23 68.5079 1046.31 67.4626 1046.43 66.377V66.0956L1046.43 66.0932C1046.56 64.9683 1046.68 63.8433 1046.88 62.7184C1047.94 56.2453 1049.81 51.8227 1050.62 50.1341C1051.43 51.8227 1053.3 56.2453 1054.36 62.7184C1054.56 63.8843 1054.69 64.9698 1054.81 66.0956V66.377C1054.89 67.0707 1054.93 67.7644 1054.97 68.4371L1054.97 68.4384L1054.97 68.4398V68.4411C1055 68.8197 1055.02 69.1917 1055.05 69.5532V74.8643C1055.01 75.9096 1054.93 76.9549 1054.81 78.0405V78.3219L1054.81 78.3244C1054.69 79.4493 1054.56 80.5743 1054.36 81.6992C1053.3 88.1722 1051.43 92.5948 1050.62 94.2834C1049.81 92.5948 1047.94 88.1722 1046.88 81.6992C1046.68 80.5332 1046.56 79.4477 1046.43 78.3219V78.0405C1046.36 77.3463 1046.31 76.6522 1046.27 75.979C1046.24 75.5995 1046.22 75.2267 1046.19 74.8643V69.5532ZM1046.19 213.174C1046.23 212.129 1046.31 211.083 1046.43 209.998V209.717L1046.43 209.714C1046.56 208.589 1046.68 207.464 1046.88 206.339C1047.94 199.866 1049.81 195.444 1050.62 193.755C1051.43 195.444 1053.3 199.866 1054.36 206.339C1054.56 207.505 1054.69 208.591 1054.81 209.717V209.998C1054.89 210.692 1054.93 211.385 1054.97 212.058L1054.97 212.059L1054.97 212.061V212.062C1055 212.441 1055.02 212.813 1055.05 213.174V218.485C1055.01 219.531 1054.93 220.576 1054.81 221.661V221.943L1054.81 221.945C1054.69 223.07 1054.56 224.195 1054.36 225.32C1053.3 231.793 1051.43 236.216 1050.62 237.904C1049.81 236.216 1047.94 231.793 1046.88 225.32C1046.68 224.154 1046.56 223.069 1046.43 221.943V221.661C1046.36 220.967 1046.31 220.273 1046.27 219.6C1046.24 219.22 1046.22 218.848 1046.19 218.485V213.174Z" fill="url(#paint67_linear_35097_25595)"/>
<path fill-rule="evenodd" clip-rule="evenodd" d="M1097.89 36.3839C1100.94 40.4849 1103.17 45.1085 1104.92 49.8527L1106.1 53.0289C1108.26 58.9391 1109.6 65.1709 1109.68 71.4831V72.9344C1109.6 79.2065 1108.3 85.4382 1106.1 91.3886L1104.92 94.5648C1103.13 99.3493 1100.9 103.933 1097.89 108.034C1094.84 103.933 1092.57 99.3091 1090.86 94.5648L1089.68 91.3886C1087.53 85.4784 1086.19 79.2467 1086.1 72.9344V71.4831C1086.19 65.2111 1087.49 58.9793 1089.68 53.0289L1090.86 49.8527C1092.61 45.0683 1094.88 40.4849 1097.89 36.3839ZM1093.46 74.8643C1093.49 75.2267 1093.51 75.5996 1093.54 75.9792C1093.58 76.6523 1093.63 77.3464 1093.7 78.0405V78.3219C1093.83 79.4477 1093.95 80.5332 1094.15 81.6992C1095.21 88.1722 1097.08 92.5948 1097.89 94.2834C1098.7 92.5948 1100.57 88.1722 1101.63 81.6992C1101.83 80.5734 1101.96 79.4477 1102.08 78.3219V78.0405C1102.2 76.9549 1102.28 75.9096 1102.32 74.8643V69.5532C1102.29 69.1913 1102.27 68.8188 1102.24 68.4398L1102.24 68.4386C1102.2 67.7654 1102.16 67.0712 1102.08 66.377V66.0956C1101.96 64.9698 1101.83 63.8843 1101.63 62.7184C1100.57 56.2453 1098.7 51.8227 1097.89 50.1341C1097.08 51.8227 1095.21 56.2453 1094.15 62.7184C1093.95 63.8434 1093.83 64.9685 1093.7 66.0936L1093.7 66.0956V66.377C1093.58 67.4626 1093.5 68.5079 1093.46 69.5532V74.8643Z" fill="url(#paint68_linear_35097_25595)"/>
<path fill-rule="evenodd" clip-rule="evenodd" d="M1097.89 36.2231C1100.9 32.1222 1103.13 27.5388 1104.92 22.7544L1106.1 19.5781C1108.3 13.6278 1109.6 7.39599 1109.68 1.12397V0.0786276H1102.32V3.05381C1102.28 4.09914 1102.2 5.14448 1102.08 6.23002V6.51146C1101.96 7.6372 1101.83 8.76297 1101.63 9.88871C1100.57 16.3618 1098.7 20.7843 1097.89 22.4729C1097.08 20.7843 1095.21 16.3618 1094.15 9.88871C1093.95 8.72276 1093.83 7.6372 1093.7 6.51146V6.23002C1093.63 5.53591 1093.58 4.84181 1093.54 4.16872C1093.51 3.78914 1093.49 3.41624 1093.46 3.05381V0.0786276H1086.1V1.12397C1086.19 7.43619 1087.53 13.668 1089.68 19.5781L1090.86 22.7544C1092.57 27.4986 1094.84 32.1222 1097.89 36.2231ZM1097.89 36.2231C1097.89 36.2231 1097.89 36.2633 1097.93 36.3035C1097.93 36.3035 1097.93 36.3437 1097.89 36.3839C1097.89 36.3839 1097.89 36.3437 1097.85 36.3035C1097.85 36.3035 1097.85 36.2633 1097.89 36.2231Z" fill="url(#paint69_linear_35097_25595)"/>
<path d="M1097.89 108.194C1097.89 108.194 1097.89 108.154 1097.85 108.114C1097.85 108.114 1097.85 108.074 1097.89 108.034C1097.89 108.034 1097.89 108.074 1097.93 108.114C1097.93 108.114 1097.93 108.154 1097.89 108.194Z" fill="url(#paint70_linear_35097_25595)"/>
<path fill-rule="evenodd" clip-rule="evenodd" d="M1109.68 143.294C1109.6 136.981 1108.26 130.75 1106.1 124.839L1104.92 121.663C1103.17 116.919 1100.94 112.295 1097.89 108.194C1094.88 112.295 1092.61 116.879 1090.86 121.663L1089.68 124.839C1087.49 130.79 1086.19 137.022 1086.1 143.294V144.745C1086.19 151.057 1087.53 157.289 1089.68 163.199L1090.86 166.375C1092.57 171.12 1094.84 175.743 1097.89 179.844C1097.85 179.884 1097.85 179.924 1097.85 179.924C1097.89 179.965 1097.89 180.005 1097.89 180.005C1094.88 184.106 1092.61 188.689 1090.86 193.474L1089.68 196.65C1087.49 202.6 1086.19 208.832 1086.1 215.104V216.555C1086.19 222.868 1087.53 229.099 1089.68 235.01L1090.86 238.186C1092.57 242.93 1094.84 247.554 1097.89 251.654C1097.85 251.695 1097.85 251.735 1097.85 251.735C1097.89 251.775 1097.89 251.815 1097.89 251.815C1094.88 255.916 1092.61 260.5 1090.86 265.284L1089.68 268.46C1087.49 274.411 1086.19 280.642 1086.1 286.914V287.96H1093.46V284.985C1093.5 283.939 1093.58 282.894 1093.7 281.808V281.527L1093.7 281.525C1093.83 280.4 1093.95 279.275 1094.15 278.15C1095.21 271.677 1097.08 267.254 1097.89 265.566C1098.7 267.254 1100.57 271.677 1101.63 278.15C1101.83 279.316 1101.96 280.401 1102.08 281.527V281.808C1102.16 282.503 1102.2 283.197 1102.24 283.87C1102.27 284.249 1102.29 284.623 1102.32 284.985V287.96H1109.68V286.914C1109.6 280.602 1108.26 274.37 1106.1 268.46L1104.92 265.284C1103.17 260.54 1100.94 255.916 1097.89 251.815C1097.93 251.775 1097.93 251.735 1097.93 251.735C1097.89 251.695 1097.89 251.654 1097.89 251.654C1100.9 247.554 1103.13 242.97 1104.92 238.186L1106.1 235.01C1108.3 229.059 1109.6 222.827 1109.68 216.555V215.104C1109.6 208.792 1108.26 202.56 1106.1 196.65L1104.92 193.474C1103.17 188.729 1100.94 184.106 1097.89 180.005C1097.93 179.965 1097.93 179.924 1097.93 179.924C1097.89 179.884 1097.89 179.844 1097.89 179.844C1100.9 175.743 1103.13 171.16 1104.92 166.375L1106.1 163.199C1108.3 157.249 1109.6 151.017 1109.68 144.745V143.294ZM1102.32 141.364C1102.29 141.002 1102.27 140.629 1102.24 140.25L1102.24 140.249C1102.2 139.576 1102.16 138.882 1102.08 138.188V137.906C1101.96 136.78 1101.83 135.695 1101.63 134.529C1100.57 128.056 1098.7 123.633 1097.89 121.945C1097.08 123.633 1095.21 128.056 1094.15 134.529C1093.95 135.654 1093.83 136.779 1093.7 137.904L1093.7 137.906V138.188C1093.58 139.273 1093.5 140.318 1093.46 141.364V146.675C1093.49 147.037 1093.51 147.41 1093.54 147.79C1093.58 148.463 1093.63 149.157 1093.7 149.851V150.132C1093.83 151.258 1093.95 152.344 1094.15 153.51C1095.21 159.983 1097.08 164.405 1097.89 166.094C1098.7 164.405 1100.57 159.983 1101.63 153.51C1101.83 152.384 1101.96 151.258 1102.08 150.132V149.851C1102.2 148.765 1102.28 147.72 1102.32 146.675V141.364ZM1093.46 218.485C1093.49 218.848 1093.51 219.221 1093.54 219.6C1093.58 220.273 1093.63 220.967 1093.7 221.661V221.943C1093.83 223.069 1093.95 224.154 1094.15 225.32C1095.21 231.793 1097.08 236.216 1097.89 237.904C1098.7 236.216 1100.57 231.793 1101.63 225.32C1101.83 224.194 1101.96 223.069 1102.08 221.943V221.661C1102.2 220.576 1102.28 219.531 1102.32 218.485V213.174C1102.29 212.812 1102.27 212.44 1102.24 212.061L1102.24 212.06C1102.2 211.386 1102.16 210.692 1102.08 209.998V209.717C1101.96 208.591 1101.83 207.505 1101.63 206.339C1100.57 199.866 1098.7 195.444 1097.89 193.755C1097.08 195.444 1095.21 199.866 1094.15 206.339C1093.95 207.464 1093.83 208.589 1093.7 209.714L1093.7 209.717V209.998C1093.58 211.083 1093.5 212.129 1093.46 213.174V218.485Z" fill="url(#paint71_linear_35097_25595)"/>
<path fill-rule="evenodd" clip-rule="evenodd" d="M1085.94 35.2582C1085.86 28.946 1084.52 22.7142 1082.36 16.804L1081.19 13.6278C1079.44 8.88358 1077.2 4.25996 1074.15 0.159025C1074.15 0.159025 1074.15 0.118833 1074.11 0.0786276H1074.07C1074.07 0.0786276 1074.07 0.118819 1074.03 0.159025C1071.02 4.25996 1068.75 8.84338 1067 13.6278L1065.82 16.804C1063.63 22.7544 1062.33 28.9862 1062.25 35.2582V37.3891C1062.33 43.7013 1063.67 49.9331 1065.82 55.8433L1067 59.0195C1068.71 63.6646 1070.89 68.1941 1073.84 72.2305C1070.93 76.2645 1068.71 80.7551 1067 85.4383L1065.82 88.6145C1063.63 94.5648 1062.33 100.797 1062.25 107.069V109.2C1062.33 115.512 1063.67 121.744 1065.82 127.654L1067 130.83C1068.71 135.475 1070.89 140.005 1073.84 144.041C1070.93 148.075 1068.71 152.566 1067 157.249L1065.82 160.425C1063.63 166.375 1062.33 172.607 1062.25 178.879V181.01C1062.33 187.322 1063.67 193.554 1065.82 199.464L1067 202.64C1068.71 207.286 1070.89 211.815 1073.84 215.851C1070.93 219.885 1068.71 224.376 1067 229.059L1065.82 232.235C1063.63 238.186 1062.33 244.418 1062.25 250.69V252.82C1062.33 259.133 1063.67 265.365 1065.82 271.275L1067 274.451C1068.75 279.195 1070.98 283.819 1074.03 287.92C1074.03 287.92 1074.03 287.96 1074.07 288H1074.11C1074.11 288 1074.11 287.96 1074.15 287.92C1077.16 283.819 1079.44 279.235 1081.19 274.451L1082.36 271.275C1084.56 265.324 1085.86 259.092 1085.94 252.82V250.69C1085.86 244.377 1084.52 238.146 1082.36 232.235L1081.19 229.059C1079.47 224.414 1077.3 219.885 1074.34 215.848C1077.26 211.814 1079.48 207.324 1081.19 202.64L1082.36 199.464C1084.56 193.514 1085.86 187.282 1085.94 181.01V178.879C1085.86 172.567 1084.52 166.335 1082.36 160.425L1081.19 157.249C1079.47 152.604 1077.3 148.074 1074.34 144.038C1077.26 140.004 1079.48 135.513 1081.19 130.83L1082.36 127.654C1084.56 121.703 1085.86 115.472 1085.94 109.2V107.069C1085.86 100.756 1084.52 94.5247 1082.36 88.6145L1081.19 85.4383C1079.47 80.7932 1077.3 76.2637 1074.34 72.2272C1077.26 68.1932 1079.48 63.7027 1081.19 59.0195L1082.36 55.8433C1084.56 49.8929 1085.86 43.6611 1085.94 37.3891V35.2582ZM1078.58 39.2385C1078.54 40.2838 1078.46 41.3292 1078.34 42.4147V42.6962C1078.22 43.8219 1078.1 44.9477 1077.89 46.0734C1076.84 52.5465 1074.97 56.969 1074.15 58.6576C1073.34 56.969 1071.47 52.5465 1070.42 46.0734C1070.21 44.9075 1070.09 43.8219 1069.97 42.6962V42.4147C1069.89 41.7206 1069.85 41.0264 1069.8 40.3533C1069.78 39.9738 1069.75 39.6009 1069.72 39.2385V33.2881C1069.76 32.2428 1069.85 31.1975 1069.97 30.1119V29.8305L1069.97 29.828C1070.09 28.7031 1070.21 27.5781 1070.42 26.4532C1071.47 19.9802 1073.34 15.5576 1074.15 13.869C1074.97 15.5576 1076.84 19.9802 1077.89 26.4532C1078.1 27.6192 1078.22 28.7048 1078.34 29.8305V30.1119C1078.42 30.8059 1078.46 31.4998 1078.51 32.1727C1078.53 32.5522 1078.56 32.9258 1078.58 33.2881V39.2385ZM1078.58 111.049C1078.54 112.094 1078.46 113.14 1078.34 114.225V114.507C1078.22 115.632 1078.1 116.758 1077.89 117.884C1076.84 124.357 1074.97 128.779 1074.15 130.468C1073.34 128.779 1071.47 124.357 1070.42 117.884C1070.21 116.718 1070.09 115.632 1069.97 114.507V114.225C1069.89 113.531 1069.85 112.837 1069.8 112.164C1069.78 111.784 1069.75 111.411 1069.72 111.049V105.099C1069.76 104.053 1069.85 103.008 1069.97 101.922V101.641L1069.97 101.638C1070.09 100.514 1070.21 99.3886 1070.42 98.2637C1071.47 91.7907 1073.34 87.3681 1074.15 85.6795C1074.97 87.3681 1076.84 91.7907 1077.89 98.2637C1078.1 99.4297 1078.22 100.515 1078.34 101.641V101.922C1078.42 102.616 1078.46 103.31 1078.51 103.983C1078.53 104.363 1078.56 104.736 1078.58 105.099V111.049ZM1078.58 182.859C1078.54 183.905 1078.46 184.95 1078.34 186.036V186.317C1078.22 187.443 1078.1 188.569 1077.89 189.694C1076.84 196.167 1074.97 200.59 1074.15 202.279C1073.34 200.59 1071.47 196.167 1070.42 189.694C1070.21 188.528 1070.09 187.443 1069.97 186.317V186.036C1069.89 185.341 1069.85 184.647 1069.8 183.974C1069.78 183.595 1069.75 183.222 1069.72 182.859V176.909C1069.76 175.864 1069.85 174.818 1069.97 173.733V173.451L1069.97 173.449C1070.09 172.324 1070.21 171.199 1070.42 170.074C1071.47 163.601 1073.34 159.179 1074.15 157.49C1074.97 159.179 1076.84 163.601 1077.89 170.074C1078.1 171.24 1078.22 172.326 1078.34 173.451V173.733C1078.42 174.427 1078.46 175.121 1078.51 175.794C1078.53 176.173 1078.56 176.547 1078.58 176.909V182.859ZM1078.58 254.67C1078.54 255.715 1078.46 256.761 1078.34 257.846V258.128C1078.22 259.253 1078.1 260.379 1077.89 261.505C1076.84 267.978 1074.97 272.4 1074.15 274.089C1073.34 272.4 1071.47 267.978 1070.42 261.505C1070.21 260.339 1070.09 259.253 1069.97 258.128V257.846C1069.89 257.152 1069.85 256.458 1069.8 255.785C1069.78 255.405 1069.75 255.032 1069.72 254.67V248.72C1069.76 247.674 1069.85 246.629 1069.97 245.543V245.262L1069.97 245.259C1070.09 244.134 1070.21 243.01 1070.42 241.885C1071.47 235.412 1073.34 230.989 1074.15 229.3C1074.97 230.989 1076.84 235.412 1077.89 241.885C1078.1 243.051 1078.22 244.136 1078.34 245.262V245.543C1078.42 246.237 1078.46 246.931 1078.51 247.604C1078.53 247.984 1078.56 248.357 1078.58 248.72V254.67Z" fill="url(#paint72_linear_35097_25595)"/>
<path fill-rule="evenodd" clip-rule="evenodd" d="M1133.21 35.2582V37.3891C1133.13 43.6611 1131.83 49.8929 1129.63 55.8433L1128.46 59.0195C1126.71 63.7026 1124.53 68.1932 1121.61 72.2272C1124.57 76.2636 1126.74 80.7932 1128.46 85.4383L1129.63 88.6145C1131.79 94.5247 1133.13 100.756 1133.21 107.069V109.2C1133.13 115.472 1131.83 121.703 1129.63 127.654L1128.46 130.83C1126.71 135.513 1124.53 140.004 1121.61 144.038C1124.57 148.074 1126.74 152.604 1128.46 157.249L1129.63 160.425C1131.79 166.335 1133.13 172.567 1133.21 178.879V181.01C1133.13 187.282 1131.83 193.514 1129.63 199.464L1128.46 202.64C1126.71 207.324 1124.53 211.814 1121.61 215.848C1124.57 219.885 1126.74 224.414 1128.46 229.059L1129.63 232.235C1131.79 238.146 1133.13 244.377 1133.21 250.69V252.82C1133.13 259.092 1131.83 265.324 1129.63 271.275L1128.46 274.451C1126.67 279.235 1124.43 283.819 1121.42 287.92C1121.38 287.96 1121.38 288 1121.38 288H1121.34C1121.3 287.96 1121.3 287.92 1121.3 287.92C1118.25 283.819 1115.98 279.195 1114.27 274.451L1113.09 271.275C1110.94 265.365 1109.6 259.133 1109.52 252.82V250.69C1109.6 244.418 1110.9 238.186 1113.09 232.235L1114.27 229.059C1115.98 224.376 1118.2 219.885 1121.11 215.851C1118.16 211.815 1115.94 207.286 1114.27 202.64L1113.09 199.464C1110.94 193.554 1109.6 187.322 1109.52 181.01V178.879C1109.6 172.607 1110.9 166.375 1113.09 160.425L1114.27 157.249C1115.98 152.566 1118.2 148.075 1121.11 144.041C1118.16 140.005 1115.94 135.475 1114.27 130.83L1113.09 127.654C1110.94 121.744 1109.6 115.512 1109.52 109.2V107.069C1109.6 100.797 1110.9 94.5648 1113.09 88.6145L1114.27 85.4383C1115.98 80.7551 1118.2 76.2646 1121.11 72.2306C1118.16 68.1941 1115.94 63.6646 1114.27 59.0195L1113.09 55.8433C1110.94 49.9331 1109.6 43.7013 1109.52 37.3891V35.2582C1109.6 28.9862 1110.9 22.7544 1113.09 16.804L1114.27 13.6278C1116.02 8.84338 1118.29 4.25996 1121.3 0.159025C1121.34 0.118819 1121.34 0.0786276 1121.34 0.0786276H1121.38C1121.42 0.118833 1121.42 0.159025 1121.42 0.159025C1124.47 4.25996 1126.71 8.88358 1128.46 13.6278L1129.63 16.804C1131.79 22.7142 1133.13 28.946 1133.21 35.2582ZM1125.85 39.2385V33.2881C1125.83 32.9261 1125.8 32.5537 1125.78 32.1746C1125.73 31.5014 1125.69 30.8061 1125.61 30.1119V29.8305C1125.49 28.7048 1125.37 27.6192 1125.16 26.4532C1124.11 19.9802 1122.24 15.5576 1121.42 13.869C1120.61 15.5576 1118.74 19.9802 1117.69 26.4532C1117.48 27.5783 1117.36 28.7033 1117.24 29.8283L1117.24 29.8305V30.1119C1117.12 31.1975 1117.03 32.2428 1116.99 33.2881V39.2385C1117.02 39.6007 1117.05 39.9734 1117.07 40.3527C1117.12 41.026 1117.16 41.7204 1117.24 42.4147V42.6962C1117.36 43.8219 1117.48 44.9075 1117.69 46.0734C1118.74 52.5465 1120.61 56.969 1121.42 58.6576C1122.24 56.969 1124.11 52.5465 1125.16 46.0734C1125.37 44.9477 1125.49 43.8219 1125.61 42.6962V42.4147C1125.73 41.3292 1125.81 40.2838 1125.85 39.2385ZM1125.85 111.049V105.099C1125.83 104.736 1125.8 104.363 1125.78 103.984C1125.73 103.311 1125.69 102.617 1125.61 101.922V101.641C1125.49 100.515 1125.37 99.4297 1125.16 98.2637C1124.11 91.7907 1122.24 87.3681 1121.42 85.6795C1120.61 87.3681 1118.74 91.7907 1117.69 98.2637C1117.48 99.3887 1117.36 100.514 1117.24 101.639L1117.24 101.641V101.922C1117.12 103.008 1117.03 104.053 1116.99 105.099V111.049C1117.02 111.411 1117.05 111.784 1117.07 112.163C1117.12 112.836 1117.16 113.531 1117.24 114.225V114.507C1117.36 115.632 1117.48 116.718 1117.69 117.884C1118.74 124.357 1120.61 128.779 1121.42 130.468C1122.24 128.779 1124.11 124.357 1125.16 117.884C1125.37 116.758 1125.49 115.632 1125.61 114.507V114.225C1125.73 113.14 1125.81 112.094 1125.85 111.049ZM1125.85 182.859V176.909C1125.83 176.547 1125.8 176.175 1125.78 175.796C1125.73 175.122 1125.69 174.427 1125.61 173.733V173.451C1125.49 172.326 1125.37 171.24 1125.16 170.074C1124.11 163.601 1122.24 159.179 1121.42 157.49C1120.61 159.179 1118.74 163.601 1117.69 170.074C1117.48 171.199 1117.36 172.324 1117.24 173.449L1117.24 173.451V173.733C1117.12 174.818 1117.03 175.864 1116.99 176.909V182.859C1117.02 183.222 1117.05 183.594 1117.07 183.974C1117.12 184.647 1117.16 185.341 1117.24 186.036V186.317C1117.36 187.443 1117.48 188.528 1117.69 189.694C1118.74 196.167 1120.61 200.59 1121.42 202.279C1122.24 200.59 1124.11 196.167 1125.16 189.694C1125.37 188.569 1125.49 187.443 1125.61 186.317V186.036C1125.73 184.95 1125.81 183.905 1125.85 182.859ZM1125.85 254.67V248.72C1125.83 248.358 1125.8 247.985 1125.78 247.606C1125.73 246.933 1125.69 246.238 1125.61 245.543V245.262C1125.49 244.136 1125.37 243.051 1125.16 241.885C1124.11 235.412 1122.24 230.989 1121.42 229.3C1120.61 230.989 1118.74 235.412 1117.69 241.885C1117.48 243.01 1117.36 244.135 1117.24 245.26L1117.24 245.262V245.543C1117.12 246.629 1117.03 247.674 1116.99 248.72V254.67C1117.02 255.032 1117.05 255.405 1117.07 255.784C1117.12 256.457 1117.16 257.152 1117.24 257.846V258.128C1117.36 259.253 1117.48 260.339 1117.69 261.505C1118.74 267.978 1120.61 272.4 1121.42 274.089C1122.24 272.4 1124.11 267.978 1125.16 261.505C1125.37 260.379 1125.49 259.253 1125.61 258.128V257.846C1125.73 256.761 1125.81 255.715 1125.85 254.67Z" fill="url(#paint73_linear_35097_25595)"/>
<path fill-rule="evenodd" clip-rule="evenodd" d="M1152.03 49.8527C1150.28 45.1085 1148.05 40.4849 1145 36.3839C1145.04 36.3437 1145.04 36.3035 1145.04 36.3035C1145 36.2633 1145 36.2231 1145 36.2231C1148.01 32.1222 1150.28 27.5388 1152.03 22.7544L1153.21 19.5781C1155.4 13.6278 1156.7 7.39599 1156.79 1.12397V0.0786276H1149.43V3.05381C1149.39 4.09914 1149.31 5.14448 1149.19 6.23002V6.51146L1149.18 6.51362C1149.06 7.63864 1148.94 8.76369 1148.74 9.88871C1147.68 16.3618 1145.81 20.7843 1145 22.4729C1144.19 20.7843 1142.32 16.3618 1141.26 9.88871C1141.06 8.72276 1140.93 7.6372 1140.81 6.51146V6.23002C1140.73 5.53591 1140.69 4.84181 1140.65 4.16872C1140.62 3.78914 1140.6 3.41624 1140.57 3.05381V0.0786276H1133.21V1.12397C1133.29 7.43619 1134.63 13.668 1136.79 19.5781L1137.97 22.7544C1139.71 27.4986 1141.95 32.1222 1145 36.2231C1144.96 36.2633 1144.96 36.3035 1144.96 36.3035C1145 36.3437 1145 36.3839 1145 36.3839C1141.99 40.4849 1139.71 45.0683 1137.97 49.8527L1136.79 53.0289C1134.59 58.9793 1133.29 65.2111 1133.21 71.4831V72.9344C1133.29 79.2467 1134.63 85.4784 1136.79 91.3886L1137.97 94.5648C1139.71 99.3091 1141.95 103.933 1145 108.034C1144.96 108.074 1144.96 108.114 1144.96 108.114C1145 108.154 1145 108.194 1145 108.194C1141.99 112.295 1139.71 116.879 1137.97 121.663L1136.79 124.839C1134.59 130.79 1133.29 137.022 1133.21 143.294V144.745C1133.29 151.057 1134.63 157.289 1136.79 163.199L1137.97 166.375C1139.71 171.12 1141.95 175.743 1145 179.844C1144.96 179.884 1144.96 179.924 1144.96 179.924C1145 179.965 1145 180.005 1145 180.005C1141.99 184.106 1139.71 188.689 1137.97 193.474L1136.79 196.65C1134.59 202.6 1133.29 208.832 1133.21 215.104V216.555C1133.29 222.868 1134.63 229.099 1136.79 235.01L1137.97 238.186C1139.71 242.93 1141.95 247.554 1145 251.654C1144.96 251.695 1144.96 251.735 1144.96 251.735C1145 251.775 1145 251.815 1145 251.815C1141.99 255.916 1139.71 260.5 1137.97 265.284L1136.79 268.46C1134.59 274.411 1133.29 280.642 1133.21 286.914V287.96H1140.57V284.985C1140.61 283.939 1140.69 282.894 1140.81 281.808V281.527L1140.81 281.525C1140.93 280.4 1141.06 279.275 1141.26 278.15C1142.32 271.677 1144.19 267.254 1145 265.566C1145.81 267.254 1147.68 271.677 1148.74 278.15C1148.94 279.316 1149.06 280.401 1149.19 281.527V281.808C1149.26 282.503 1149.31 283.197 1149.35 283.87C1149.38 284.249 1149.4 284.623 1149.43 284.985V287.96H1156.79V286.914C1156.7 280.602 1155.36 274.37 1153.21 268.46L1152.03 265.284C1150.28 260.54 1148.05 255.916 1145 251.815C1145.04 251.775 1145.04 251.735 1145.04 251.735C1145 251.695 1145 251.654 1145 251.654C1148.01 247.554 1150.28 242.97 1152.03 238.186L1153.21 235.01C1155.4 229.059 1156.7 222.827 1156.79 216.555V215.104C1156.7 208.792 1155.36 202.56 1153.21 196.65L1152.03 193.474C1150.28 188.729 1148.05 184.106 1145 180.005C1145.04 179.965 1145.04 179.924 1145.04 179.924C1145 179.884 1145 179.844 1145 179.844C1148.01 175.743 1150.28 171.16 1152.03 166.375L1153.21 163.199C1155.4 157.249 1156.7 151.017 1156.79 144.745V143.294C1156.7 136.981 1155.36 130.75 1153.21 124.839L1152.03 121.663C1150.28 116.919 1148.05 112.295 1145 108.194C1145.04 108.154 1145.04 108.114 1145.04 108.114C1145 108.074 1145 108.034 1145 108.034C1148.01 103.933 1150.28 99.3493 1152.03 94.5648L1153.21 91.3886C1155.4 85.4382 1156.7 79.2065 1156.79 72.9344V71.4831C1156.7 65.1709 1155.36 58.9391 1153.21 53.0289L1152.03 49.8527ZM1149.43 141.364C1149.4 141.001 1149.38 140.629 1149.35 140.249C1149.31 139.576 1149.26 138.882 1149.19 138.188V137.906C1149.06 136.78 1148.94 135.695 1148.74 134.529C1147.68 128.056 1145.81 123.633 1145 121.945C1144.19 123.633 1142.32 128.056 1141.26 134.529C1141.06 135.654 1140.93 136.779 1140.81 137.904L1140.81 137.906V138.188C1140.69 139.273 1140.61 140.318 1140.57 141.364V146.675C1140.6 147.037 1140.62 147.41 1140.65 147.79C1140.69 148.463 1140.73 149.157 1140.81 149.851V150.132C1140.93 151.258 1141.06 152.344 1141.26 153.51C1142.32 159.983 1144.19 164.405 1145 166.094C1145.81 164.405 1147.68 159.983 1148.74 153.51C1148.94 152.385 1149.06 151.26 1149.18 150.135L1149.19 150.132V149.851C1149.31 148.765 1149.39 147.72 1149.43 146.675V141.364ZM1140.57 69.5532C1140.61 68.5079 1140.69 67.4626 1140.81 66.377V66.0956L1140.81 66.0936C1140.93 64.9685 1141.06 63.8434 1141.26 62.7184C1142.32 56.2453 1144.19 51.8227 1145 50.1341C1145.81 51.8227 1147.68 56.2453 1148.74 62.7184C1148.94 63.8843 1149.06 64.9698 1149.19 66.0956V66.377C1149.26 67.0712 1149.31 67.7654 1149.35 68.4386L1149.35 68.4398C1149.38 68.8188 1149.4 69.1913 1149.43 69.5532V74.8643C1149.39 75.9096 1149.31 76.9549 1149.19 78.0405V78.3219L1149.18 78.3241C1149.06 79.4491 1148.94 80.5742 1148.74 81.6992C1147.68 88.1722 1145.81 92.5948 1145 94.2834C1144.19 92.5948 1142.32 88.1722 1141.26 81.6992C1141.06 80.5332 1140.93 79.4477 1140.81 78.3219V78.0405C1140.73 77.3464 1140.69 76.6523 1140.65 75.9792C1140.62 75.5996 1140.6 75.2267 1140.57 74.8643V69.5532ZM1140.57 213.174C1140.61 212.129 1140.69 211.083 1140.81 209.998V209.717L1140.81 209.714C1140.93 208.589 1141.06 207.464 1141.26 206.339C1142.32 199.866 1144.19 195.444 1145 193.755C1145.81 195.444 1147.68 199.866 1148.74 206.339C1148.94 207.505 1149.06 208.591 1149.19 209.717V209.998C1149.26 210.692 1149.31 211.386 1149.35 212.06L1149.35 212.061C1149.38 212.44 1149.4 212.812 1149.43 213.174V218.485C1149.39 219.531 1149.31 220.576 1149.19 221.661V221.943L1149.18 221.945C1149.06 223.07 1148.94 224.195 1148.74 225.32C1147.68 231.793 1145.81 236.216 1145 237.904C1144.19 236.216 1142.32 231.793 1141.26 225.32C1141.06 224.154 1140.93 223.069 1140.81 221.943V221.661C1140.73 220.967 1140.69 220.273 1140.65 219.6C1140.62 219.221 1140.6 218.848 1140.57 218.485V213.174Z" fill="url(#paint74_linear_35097_25595)"/>
<path fill-rule="evenodd" clip-rule="evenodd" d="M1180.32 35.2582V37.3891C1180.24 43.6611 1178.94 49.8929 1176.74 55.8433L1175.56 59.0195C1173.85 63.7027 1171.64 68.1932 1168.72 72.2272C1171.67 76.2637 1173.85 80.7932 1175.56 85.4383L1176.74 88.6145C1178.9 94.5247 1180.24 100.756 1180.32 107.069V109.2C1180.24 115.472 1178.94 121.703 1176.74 127.654L1175.56 130.83C1173.85 135.513 1171.64 140.004 1168.72 144.038C1171.67 148.074 1173.85 152.604 1175.56 157.249L1176.74 160.425C1178.9 166.335 1180.24 172.567 1180.32 178.879V181.01C1180.24 187.282 1178.94 193.514 1176.74 199.464L1175.56 202.64C1173.85 207.324 1171.64 211.814 1168.72 215.848C1171.67 219.885 1173.85 224.414 1175.56 229.059L1176.74 232.235C1178.9 238.146 1180.24 244.377 1180.32 250.69V252.82C1180.24 259.092 1178.94 265.324 1176.74 271.275L1175.56 274.451C1173.82 279.235 1171.54 283.819 1168.53 287.92C1168.49 287.96 1168.49 288 1168.49 288H1168.45C1168.41 287.96 1168.41 287.92 1168.41 287.92C1165.36 283.819 1163.13 279.195 1161.38 274.451L1160.2 271.275C1158.05 265.365 1156.7 259.133 1156.62 252.82V250.69C1156.7 244.418 1158 238.186 1160.2 232.235L1161.38 229.059C1163.09 224.376 1165.31 219.885 1168.22 215.851C1165.27 211.815 1163.09 207.286 1161.38 202.64L1160.2 199.464C1158.05 193.554 1156.7 187.322 1156.62 181.01V178.879C1156.7 172.607 1158 166.375 1160.2 160.425L1161.38 157.249C1163.09 152.566 1165.31 148.075 1168.22 144.041C1165.27 140.005 1163.09 135.475 1161.38 130.83L1160.2 127.654C1158.05 121.744 1156.7 115.512 1156.62 109.2V107.069C1156.7 100.797 1158 94.5648 1160.2 88.6145L1161.38 85.4383C1163.09 80.7551 1165.31 76.2645 1168.22 72.2305C1165.27 68.1941 1163.09 63.6646 1161.38 59.0195L1160.2 55.8433C1158.05 49.9331 1156.7 43.7013 1156.62 37.3891V35.2582C1156.7 28.9862 1158 22.7544 1160.2 16.804L1161.38 13.6278C1163.13 8.84338 1165.4 4.25996 1168.41 0.159025C1168.45 0.118819 1168.45 0.0786276 1168.45 0.0786276H1168.49C1168.53 0.118833 1168.53 0.159025 1168.53 0.159025C1171.58 4.25996 1173.82 8.88358 1175.56 13.6278L1176.74 16.804C1178.9 22.7142 1180.24 28.946 1180.32 35.2582ZM1172.92 39.2385V33.2881C1172.89 32.9258 1172.87 32.553 1172.84 32.1735C1172.8 31.5003 1172.76 30.8061 1172.68 30.1119V29.8305C1172.56 28.7048 1172.43 27.6192 1172.23 26.4532C1171.17 19.9802 1169.3 15.5576 1168.49 13.869C1167.68 15.5576 1165.81 19.9802 1164.75 26.4532C1164.55 27.5783 1164.43 28.7033 1164.31 29.8283L1164.3 29.8305V30.1119C1164.18 31.1975 1164.1 32.2428 1164.06 33.2881V39.2385C1164.09 39.6009 1164.11 39.9738 1164.14 40.3534C1164.18 41.0265 1164.23 41.7206 1164.3 42.4147V42.6962C1164.43 43.8219 1164.55 44.9075 1164.75 46.0734C1165.81 52.5465 1167.68 56.969 1168.49 58.6576C1169.3 56.969 1171.17 52.5465 1172.23 46.0734C1172.43 44.9484 1172.56 43.8233 1172.68 42.6983L1172.68 42.6962V42.4147C1172.8 41.3292 1172.88 40.2838 1172.92 39.2385ZM1172.92 111.049V105.099C1172.89 104.736 1172.87 104.363 1172.84 103.984C1172.8 103.311 1172.76 102.617 1172.68 101.922V101.641C1172.56 100.515 1172.43 99.4297 1172.23 98.2637C1171.17 91.7907 1169.3 87.3681 1168.49 85.6795C1167.68 87.3681 1165.81 91.7907 1164.75 98.2637C1164.55 99.3887 1164.43 100.514 1164.31 101.639L1164.3 101.641V101.922C1164.18 103.008 1164.1 104.053 1164.06 105.099V111.049C1164.09 111.411 1164.11 111.784 1164.14 112.164C1164.18 112.837 1164.23 113.531 1164.3 114.225V114.507C1164.43 115.632 1164.55 116.718 1164.75 117.884C1165.81 124.357 1167.68 128.779 1168.49 130.468C1169.3 128.779 1171.17 124.357 1172.23 117.884C1172.43 116.759 1172.56 115.634 1172.68 114.509L1172.68 114.507V114.225C1172.8 113.14 1172.88 112.094 1172.92 111.049ZM1172.92 182.859V176.909C1172.89 176.547 1172.87 176.174 1172.84 175.794C1172.8 175.121 1172.76 174.427 1172.68 173.733V173.451C1172.56 172.326 1172.43 171.24 1172.23 170.074C1171.17 163.601 1169.3 159.179 1168.49 157.49C1167.68 159.179 1165.81 163.601 1164.75 170.074C1164.55 171.199 1164.43 172.324 1164.31 173.449L1164.3 173.451V173.733C1164.18 174.818 1164.1 175.864 1164.06 176.909V182.859C1164.09 183.222 1164.11 183.595 1164.14 183.974C1164.18 184.647 1164.23 185.342 1164.3 186.036V186.317C1164.43 187.443 1164.55 188.528 1164.75 189.694C1165.81 196.167 1167.68 200.59 1168.49 202.279C1169.3 200.59 1171.17 196.167 1172.23 189.694C1172.43 188.569 1172.56 187.444 1172.68 186.319L1172.68 186.317V186.036C1172.8 184.95 1172.88 183.905 1172.92 182.859ZM1172.92 254.67V248.72C1172.89 248.358 1172.87 247.985 1172.84 247.606C1172.8 246.933 1172.76 246.238 1172.68 245.543V245.262C1172.56 244.136 1172.43 243.051 1172.23 241.885C1171.17 235.412 1169.3 230.989 1168.49 229.3C1167.68 230.989 1165.81 235.412 1164.75 241.885C1164.55 243.01 1164.43 244.135 1164.31 245.26L1164.3 245.262V245.543C1164.18 246.629 1164.1 247.674 1164.06 248.72V254.67C1164.09 255.032 1164.11 255.405 1164.14 255.785C1164.18 256.458 1164.23 257.152 1164.3 257.846V258.128C1164.43 259.253 1164.55 260.339 1164.75 261.505C1165.81 267.978 1167.68 272.4 1168.49 274.089C1169.3 272.4 1171.17 267.978 1172.23 261.505C1172.43 260.38 1172.56 259.255 1172.68 258.13L1172.68 258.128V257.846C1172.8 256.761 1172.88 255.715 1172.92 254.67Z" fill="url(#paint75_linear_35097_25595)"/>
<path fill-rule="evenodd" clip-rule="evenodd" d="M1227.67 35.2582V37.2685C1227.59 43.5405 1226.29 49.7723 1224.09 55.7226L1222.92 58.8988C1221.16 63.6055 1218.96 68.1176 1216.03 72.1672C1219 76.2188 1221.2 80.7702 1222.92 85.4383L1224.09 88.6145C1226.25 94.5247 1227.59 100.756 1227.67 107.069V109.079C1227.59 115.351 1226.29 121.583 1224.09 127.533L1222.92 130.709C1221.16 135.416 1218.96 139.928 1216.03 143.978C1219 148.029 1221.2 152.581 1222.92 157.249L1224.09 160.425C1226.25 166.335 1227.59 172.567 1227.67 178.879V180.889C1227.59 187.161 1226.29 193.393 1224.09 199.344L1222.92 202.52C1221.16 207.226 1218.96 211.739 1216.03 215.788C1219 219.84 1221.2 224.391 1222.92 229.059L1224.09 232.235C1226.25 238.146 1227.59 244.377 1227.67 250.69V252.7C1227.59 258.972 1226.29 265.204 1224.09 271.154L1222.92 274.33C1221.13 279.115 1218.89 283.698 1215.88 287.799C1215.87 287.808 1215.87 287.817 1215.86 287.825C1215.86 287.835 1215.85 287.845 1215.85 287.853C1215.84 287.869 1215.84 287.879 1215.84 287.879H1215.8C1215.76 287.839 1215.76 287.799 1215.76 287.799C1212.71 283.698 1210.44 279.074 1208.73 274.33L1207.55 271.154C1205.4 265.244 1204.06 259.012 1203.97 252.7V250.69C1204.06 244.418 1205.36 238.186 1207.55 232.235L1208.73 229.059C1210.45 224.353 1212.68 219.84 1215.62 215.791C1212.64 211.739 1210.41 207.188 1208.73 202.52L1207.55 199.344C1205.4 193.433 1204.06 187.202 1203.97 180.889V178.879C1204.06 172.607 1205.36 166.375 1207.55 160.425L1208.73 157.249C1210.45 152.542 1212.68 148.03 1215.62 143.98C1212.64 139.929 1210.41 135.377 1208.73 130.709L1207.55 127.533C1205.4 121.623 1204.06 115.391 1203.97 109.079V107.069C1204.06 100.797 1205.36 94.5648 1207.55 88.6145L1208.73 85.4383C1210.45 80.7316 1212.68 76.2195 1215.62 72.1699C1212.64 68.1183 1210.41 63.567 1208.73 58.8988L1207.55 55.7226C1205.4 49.8125 1204.06 43.5807 1203.97 37.2685V35.2582C1204.06 28.9862 1205.36 22.7544 1207.55 16.804L1208.73 13.6278C1210.48 8.84338 1212.75 4.25996 1215.76 0.159025C1215.8 0.118819 1215.8 0.0786276 1215.8 0.0786276H1215.84C1215.88 0.118833 1215.88 0.159025 1215.88 0.159025C1218.93 4.25996 1221.17 8.88358 1222.92 13.6278L1224.09 16.804C1226.25 22.7142 1227.59 28.946 1227.67 35.2582ZM1219.99 42.3343C1220.11 41.2488 1220.19 40.2034 1220.23 39.1581V33.3283C1220.2 32.9663 1220.18 32.5939 1220.15 32.2148L1220.15 32.2137C1220.11 31.5405 1220.07 30.8463 1219.99 30.1521V29.8707C1219.87 28.745 1219.74 27.6594 1219.54 26.4935C1218.48 20.0204 1216.62 15.5978 1215.8 13.9092C1214.99 15.5978 1213.12 20.0204 1212.06 26.4935C1211.86 27.6192 1211.74 28.745 1211.62 29.8707V30.1521C1211.49 31.2377 1211.41 32.283 1211.37 33.3283V39.1581C1211.4 39.5201 1211.43 39.8924 1211.45 40.2715C1211.49 40.9447 1211.54 41.6401 1211.62 42.3343V42.6158C1211.74 43.7415 1211.86 44.827 1212.06 45.993C1213.12 52.466 1214.99 56.8886 1215.8 58.5772C1216.62 56.8886 1218.48 52.466 1219.54 45.993C1219.74 44.8672 1219.87 43.7415 1219.99 42.6158V42.3343ZM1219.99 114.145C1220.11 113.059 1220.19 112.014 1220.23 110.969V105.139C1220.2 104.777 1220.18 104.404 1220.15 104.025L1220.15 104.024C1220.11 103.351 1220.07 102.657 1219.99 101.963V101.681C1219.87 100.555 1219.74 99.4699 1219.54 98.3039C1218.48 91.8309 1216.62 87.4083 1215.8 85.7197C1214.99 87.4083 1213.12 91.8309 1212.06 98.3039C1211.86 99.4297 1211.74 100.555 1211.62 101.681V101.963C1211.49 103.048 1211.41 104.093 1211.37 105.139V110.969C1211.4 111.331 1211.43 111.703 1211.45 112.082L1211.45 112.083C1211.49 112.756 1211.54 113.451 1211.62 114.145V114.426C1211.74 115.552 1211.86 116.637 1212.06 117.803C1213.12 124.276 1214.99 128.699 1215.8 130.388C1216.62 128.699 1218.48 124.276 1219.54 117.803C1219.74 116.678 1219.87 115.552 1219.99 114.426V114.145ZM1219.99 185.955C1220.11 184.87 1220.19 183.824 1220.23 182.779V176.949C1220.2 176.587 1220.18 176.215 1220.15 175.836L1220.15 175.835C1220.11 175.161 1220.07 174.467 1219.99 173.773V173.492C1219.87 172.366 1219.74 171.28 1219.54 170.114C1218.48 163.641 1216.62 159.219 1215.8 157.53C1214.99 159.219 1213.12 163.641 1212.06 170.114C1211.86 171.24 1211.74 172.366 1211.62 173.492V173.773C1211.49 174.859 1211.41 175.904 1211.37 176.949V182.779C1211.4 183.141 1211.43 183.513 1211.45 183.892C1211.49 184.566 1211.54 185.261 1211.62 185.955V186.237C1211.74 187.362 1211.86 188.448 1212.06 189.614C1213.12 196.087 1214.99 200.51 1215.8 202.198C1216.62 200.51 1218.48 196.087 1219.54 189.614C1219.74 188.488 1219.87 187.362 1219.99 186.237V185.955ZM1219.99 257.766C1220.11 256.68 1220.19 255.635 1220.23 254.589V248.76C1220.2 248.398 1220.18 248.025 1220.15 247.646L1220.15 247.645C1220.11 246.972 1220.07 246.278 1219.99 245.584V245.302C1219.87 244.176 1219.74 243.091 1219.54 241.925C1218.48 235.452 1216.62 231.029 1215.8 229.341C1214.99 231.029 1213.12 235.452 1212.06 241.925C1211.86 243.051 1211.74 244.176 1211.62 245.302V245.584C1211.49 246.669 1211.41 247.714 1211.37 248.76V254.589C1211.4 254.951 1211.43 255.324 1211.45 255.703L1211.45 255.704C1211.49 256.377 1211.54 257.071 1211.62 257.766V258.047C1211.74 259.173 1211.86 260.258 1212.06 261.424C1213.12 267.897 1214.99 272.32 1215.8 274.009C1216.62 272.32 1218.48 267.897 1219.54 261.424C1219.74 260.299 1219.87 259.173 1219.99 258.047V257.766Z" fill="url(#paint76_linear_35097_25595)"/>
<path fill-rule="evenodd" clip-rule="evenodd" d="M1246.45 49.8527C1244.7 45.1085 1242.47 40.4849 1239.42 36.3839C1239.46 36.3437 1239.46 36.3035 1239.46 36.3035C1239.42 36.2633 1239.42 36.2231 1239.42 36.2231C1242.42 32.1222 1244.7 27.5388 1246.45 22.7544L1247.63 19.5781C1249.82 13.6278 1251.12 7.39599 1251.2 1.12397V0.0786276H1243.85V3.05381C1243.81 4.09914 1243.73 5.14448 1243.6 6.23002V6.51146C1243.48 7.6372 1243.36 8.76297 1243.16 9.88871C1242.1 16.3618 1240.23 20.7843 1239.42 22.4729C1238.6 20.7843 1236.73 16.3618 1235.68 9.88871C1235.47 8.72276 1235.35 7.6372 1235.23 6.51146V6.23002C1235.15 5.53629 1235.11 4.84255 1235.06 4.16981V4.16831C1235.04 3.7892 1235.02 3.41581 1234.99 3.05381V0.0786276H1227.63V1.12397C1227.71 7.43619 1229.05 13.668 1231.21 19.5781L1232.39 22.7544C1234.13 27.4986 1236.37 32.1222 1239.42 36.2231C1239.38 36.2633 1239.38 36.3035 1239.38 36.3035C1239.42 36.3437 1239.42 36.3839 1239.42 36.3839C1236.41 40.4849 1234.13 45.0683 1232.39 49.8527L1231.21 53.0289C1229.01 58.9793 1227.71 65.2111 1227.63 71.4831V72.9344C1227.71 79.2467 1229.05 85.4784 1231.21 91.3886L1232.39 94.5648C1234.13 99.3091 1236.37 103.933 1239.42 108.034C1239.38 108.074 1239.38 108.114 1239.38 108.114C1239.42 108.154 1239.42 108.194 1239.42 108.194C1236.41 112.295 1234.13 116.879 1232.39 121.663L1231.21 124.839C1229.01 130.79 1227.71 137.022 1227.63 143.294V144.745C1227.71 151.057 1229.05 157.289 1231.21 163.199L1232.39 166.375C1234.13 171.12 1236.37 175.743 1239.42 179.844C1239.38 179.884 1239.38 179.924 1239.38 179.924C1239.42 179.965 1239.42 180.005 1239.42 180.005C1236.41 184.106 1234.13 188.689 1232.39 193.474L1231.21 196.65C1229.01 202.6 1227.71 208.832 1227.63 215.104V216.555C1227.71 222.868 1229.05 229.099 1231.21 235.01L1232.39 238.186C1234.13 242.93 1236.37 247.554 1239.42 251.654C1239.38 251.695 1239.38 251.735 1239.38 251.735C1239.42 251.775 1239.42 251.815 1239.42 251.815C1236.41 255.916 1234.13 260.5 1232.39 265.284L1231.21 268.46C1229.01 274.411 1227.71 280.642 1227.63 286.914V287.96H1234.99V284.985C1235.03 283.939 1235.11 282.894 1235.23 281.808V281.527L1235.23 281.523C1235.35 280.398 1235.47 279.274 1235.68 278.15C1236.73 271.677 1238.6 267.254 1239.42 265.566C1240.23 267.254 1242.1 271.677 1243.16 278.15C1243.36 279.316 1243.48 280.401 1243.6 281.527V281.808C1243.68 282.503 1243.73 283.197 1243.77 283.87L1243.78 284.003L1243.79 284.234C1243.81 284.488 1243.83 284.739 1243.85 284.985V287.96H1251.2V286.914C1251.12 280.602 1249.78 274.37 1247.63 268.46L1246.45 265.284C1244.7 260.54 1242.47 255.916 1239.42 251.815C1239.46 251.775 1239.46 251.735 1239.46 251.735C1239.45 251.723 1239.44 251.711 1239.43 251.7C1239.43 251.696 1239.43 251.692 1239.43 251.689L1239.42 251.681C1239.42 251.665 1239.42 251.654 1239.42 251.654C1242.42 247.554 1244.7 242.97 1246.45 238.186L1247.63 235.01C1249.82 229.059 1251.12 222.827 1251.2 216.555V215.104C1251.12 208.792 1249.78 202.56 1247.63 196.65L1246.45 193.474C1244.7 188.729 1242.47 184.106 1239.42 180.005C1239.46 179.965 1239.46 179.924 1239.46 179.924C1239.42 179.884 1239.42 179.844 1239.42 179.844C1242.42 175.743 1244.7 171.16 1246.45 166.375L1247.63 163.199C1249.82 157.249 1251.12 151.017 1251.2 144.745V143.294C1251.12 136.981 1249.78 130.75 1247.63 124.839L1246.45 121.663C1244.7 116.919 1242.47 112.295 1239.42 108.194C1239.46 108.154 1239.46 108.114 1239.46 108.114C1239.44 108.094 1239.43 108.075 1239.42 108.06C1239.42 108.044 1239.42 108.034 1239.42 108.034C1242.42 103.933 1244.7 99.3493 1246.45 94.5648L1247.63 91.3886C1249.82 85.4382 1251.12 79.2065 1251.2 72.9344V71.4831C1251.12 65.1709 1249.78 58.9391 1247.63 53.0289L1246.45 49.8527ZM1243.85 141.364C1243.82 141.005 1243.79 140.637 1243.77 140.261L1243.77 140.258L1243.77 140.256L1243.77 140.254V140.253L1243.77 140.252L1243.77 140.25L1243.77 140.249C1243.73 139.576 1243.68 138.882 1243.6 138.188V137.906C1243.48 136.78 1243.36 135.695 1243.16 134.529C1242.1 128.056 1240.23 123.633 1239.42 121.945C1238.6 123.633 1236.73 128.056 1235.68 134.529C1235.47 135.653 1235.35 136.778 1235.23 137.902L1235.23 137.906V138.188C1235.11 139.273 1235.03 140.318 1234.99 141.364V146.675C1235.02 147.037 1235.04 147.409 1235.06 147.788L1235.06 147.79C1235.11 148.463 1235.15 149.157 1235.23 149.851V150.132C1235.35 151.258 1235.47 152.344 1235.68 153.51C1236.73 159.983 1238.6 164.405 1239.42 166.094C1240.23 164.405 1242.1 159.983 1243.16 153.51C1243.36 152.384 1243.48 151.258 1243.6 150.132V149.851C1243.73 148.765 1243.81 147.72 1243.85 146.675V141.364ZM1234.99 69.5532C1235.03 68.5079 1235.11 67.4626 1235.23 66.377V66.0956L1235.23 66.0915C1235.35 64.9671 1235.47 63.8427 1235.68 62.7184C1236.73 56.2453 1238.6 51.8227 1239.42 50.1341C1240.23 51.8227 1242.1 56.2453 1243.16 62.7184C1243.36 63.8843 1243.48 64.9698 1243.6 66.0956V66.377C1243.68 67.0711 1243.73 67.7652 1243.77 68.4383L1243.77 68.4406V68.442C1243.79 68.8203 1243.82 69.192 1243.85 69.5532V74.8643C1243.81 75.9096 1243.73 76.9549 1243.6 78.0405V78.3219C1243.48 79.4477 1243.36 80.5734 1243.16 81.6992C1242.1 88.1722 1240.23 92.5948 1239.42 94.2834C1238.6 92.5948 1236.73 88.1722 1235.68 81.6992C1235.47 80.5332 1235.35 79.4477 1235.23 78.3219V78.0405C1235.15 77.3467 1235.11 76.653 1235.06 75.9802V75.9787C1235.04 75.5996 1235.02 75.2263 1234.99 74.8643V69.5532ZM1234.99 213.174C1235.03 212.129 1235.11 211.083 1235.23 209.998V209.717L1235.23 209.712C1235.35 208.588 1235.47 207.464 1235.68 206.339C1236.73 199.866 1238.6 195.444 1239.42 193.755C1240.23 195.444 1242.1 199.866 1243.16 206.339C1243.36 207.505 1243.48 208.591 1243.6 209.717V209.998C1243.68 210.692 1243.73 211.386 1243.77 212.059L1243.77 212.061V212.063L1243.77 212.065C1243.79 212.442 1243.82 212.813 1243.85 213.174V218.485C1243.81 219.531 1243.73 220.576 1243.6 221.661V221.943C1243.48 223.069 1243.36 224.194 1243.16 225.32C1242.1 231.793 1240.23 236.216 1239.42 237.904C1238.6 236.216 1236.73 231.793 1235.68 225.32C1235.47 224.154 1235.35 223.069 1235.23 221.943V221.661C1235.15 220.968 1235.11 220.274 1235.06 219.601V219.6C1235.04 219.221 1235.02 218.847 1234.99 218.485V213.174Z" fill="url(#paint77_linear_35097_25595)"/>
<path fill-rule="evenodd" clip-rule="evenodd" d="M1293.8 49.8527C1292.05 45.1085 1289.82 40.4849 1286.77 36.3839C1286.81 36.3437 1286.81 36.3035 1286.81 36.3035C1286.77 36.2633 1286.77 36.2231 1286.77 36.2231C1289.78 32.1222 1292.01 27.5388 1293.8 22.7544L1294.98 19.5781C1297.17 13.6278 1298.47 7.39599 1298.56 1.12397V0.0786276H1291.2V3.05381C1291.16 4.09914 1291.08 5.14448 1290.95 6.23002V6.51146C1290.83 7.6372 1290.71 8.76297 1290.51 9.88871C1289.45 16.3618 1287.58 20.7843 1286.77 22.4729C1285.96 20.7843 1284.09 16.3618 1283.03 9.88871C1282.83 8.72276 1282.7 7.6372 1282.58 6.51146V6.23002C1282.5 5.53574 1282.46 4.84146 1282.42 4.16821L1282.42 4.16706L1282.42 4.16576L1282.42 4.16432L1282.42 4.16272L1282.42 4.16097L1282.42 4.15906L1282.42 4.15699C1282.39 3.78146 1282.37 3.41251 1282.34 3.05381V0.0786276H1274.98V1.12397C1275.06 7.43619 1276.4 13.668 1278.56 19.5781L1279.74 22.7544C1281.44 27.4986 1283.72 32.1222 1286.77 36.2231C1286.73 36.2633 1286.73 36.3035 1286.73 36.3035C1286.77 36.3437 1286.77 36.3839 1286.77 36.3839C1283.76 40.4849 1281.48 45.0683 1279.74 49.8527L1278.56 53.0289C1276.36 58.9793 1275.06 65.2111 1274.98 71.4831V72.9344C1275.06 79.2467 1276.4 85.4784 1278.56 91.3886L1279.74 94.5648C1281.44 99.3091 1283.72 103.933 1286.77 108.034C1286.73 108.074 1286.73 108.114 1286.73 108.114C1286.77 108.154 1286.77 108.194 1286.77 108.194C1283.76 112.295 1281.48 116.879 1279.74 121.663L1278.56 124.839C1276.36 130.79 1275.06 137.022 1274.98 143.294V144.745C1275.06 151.057 1276.4 157.289 1278.56 163.199L1279.74 166.375C1281.44 171.12 1283.72 175.743 1286.77 179.844C1286.73 179.884 1286.73 179.924 1286.73 179.924C1286.77 179.965 1286.77 180.005 1286.77 180.005C1283.76 184.106 1281.48 188.689 1279.74 193.474L1278.56 196.65C1276.36 202.6 1275.06 208.832 1274.98 215.104V216.555C1275.06 222.868 1276.4 229.099 1278.56 235.01L1279.74 238.186C1281.44 242.93 1283.72 247.554 1286.77 251.654C1286.73 251.695 1286.73 251.735 1286.73 251.735C1286.77 251.775 1286.77 251.815 1286.77 251.815C1283.76 255.916 1281.48 260.5 1279.74 265.284L1278.56 268.46C1276.36 274.411 1275.06 280.642 1274.98 286.914V287.96H1282.34V284.985C1282.38 283.939 1282.46 282.894 1282.58 281.808V281.527L1282.58 281.524C1282.7 280.399 1282.83 279.275 1283.03 278.15C1284.09 271.677 1285.96 267.254 1286.77 265.566C1287.58 267.254 1289.45 271.677 1290.51 278.15C1290.71 279.316 1290.83 280.401 1290.95 281.527V281.808C1291.03 282.503 1291.08 283.197 1291.12 283.87C1291.15 284.249 1291.17 284.622 1291.2 284.985V287.96H1298.56V286.914C1298.47 280.602 1297.13 274.37 1294.98 268.46L1293.8 265.284C1292.05 260.54 1289.82 255.916 1286.77 251.815C1286.81 251.775 1286.81 251.735 1286.81 251.735C1286.77 251.695 1286.77 251.654 1286.77 251.654C1289.78 247.554 1292.01 242.97 1293.8 238.186L1294.98 235.01C1297.17 229.059 1298.47 222.827 1298.56 216.555V215.104C1298.47 208.792 1297.13 202.56 1294.98 196.65L1293.8 193.474C1292.05 188.729 1289.82 184.106 1286.77 180.005C1286.81 179.965 1286.81 179.924 1286.81 179.924C1286.77 179.884 1286.77 179.844 1286.77 179.844C1289.78 175.743 1292.01 171.16 1293.8 166.375L1294.98 163.199C1297.17 157.249 1298.47 151.017 1298.56 144.745V143.294C1298.47 136.981 1297.13 130.75 1294.98 124.839L1293.8 121.663C1292.05 116.919 1289.82 112.295 1286.77 108.194C1286.81 108.154 1286.81 108.114 1286.81 108.114C1286.77 108.074 1286.77 108.034 1286.77 108.034C1289.78 103.933 1292.01 99.3493 1293.8 94.5648L1294.98 91.3886C1297.17 85.4382 1298.47 79.2065 1298.56 72.9344V71.4831C1298.47 65.1709 1297.13 58.9391 1294.98 53.0289L1293.8 49.8527ZM1291.2 141.364C1291.17 141.001 1291.15 140.628 1291.12 140.249C1291.08 139.576 1291.03 138.882 1290.95 138.188V137.906C1290.83 136.78 1290.71 135.695 1290.51 134.529C1289.45 128.056 1287.58 123.633 1286.77 121.945C1285.96 123.633 1284.09 128.056 1283.03 134.529C1282.83 135.654 1282.7 136.778 1282.58 137.903L1282.58 137.906V138.188C1282.46 139.273 1282.38 140.318 1282.34 141.364V146.675C1282.37 147.033 1282.39 147.402 1282.42 147.778L1282.42 147.78L1282.42 147.782L1282.42 147.784L1282.42 147.785L1282.42 147.787L1282.42 147.788L1282.42 147.789C1282.46 148.462 1282.5 149.157 1282.58 149.851V150.132C1282.7 151.258 1282.83 152.344 1283.03 153.51C1284.09 159.983 1285.96 164.405 1286.77 166.094C1287.58 164.405 1289.45 159.983 1290.51 153.51C1290.71 152.384 1290.83 151.258 1290.95 150.132V149.851C1291.08 148.765 1291.16 147.72 1291.2 146.675V141.364ZM1282.34 69.5532C1282.38 68.5079 1282.46 67.4626 1282.58 66.377V66.0956L1282.58 66.0929C1282.7 64.968 1282.83 63.8432 1283.03 62.7184C1284.09 56.2453 1285.96 51.8227 1286.77 50.1341C1287.58 51.8227 1289.45 56.2453 1290.51 62.7184C1290.71 63.8843 1290.83 64.9698 1290.95 66.0956V66.377C1291.03 67.0711 1291.08 67.7653 1291.12 68.4384C1291.15 68.8179 1291.17 69.1908 1291.2 69.5532V74.8643C1291.16 75.9096 1291.08 76.9549 1290.95 78.0405V78.3219C1290.83 79.4477 1290.71 80.5734 1290.51 81.6992C1289.45 88.1722 1287.58 92.5948 1286.77 94.2834C1285.96 92.5948 1284.09 88.1722 1283.03 81.6992C1282.83 80.5332 1282.7 79.4477 1282.58 78.3219V78.0405C1282.5 77.3462 1282.46 76.6519 1282.42 75.9787L1282.42 75.9775L1282.42 75.9761L1282.42 75.9746L1282.42 75.9729L1282.42 75.971C1282.39 75.5943 1282.37 75.2241 1282.34 74.8643V69.5532ZM1282.34 213.174C1282.38 212.129 1282.46 211.083 1282.58 209.998V209.717L1282.58 209.714C1282.7 208.589 1282.83 207.464 1283.03 206.339C1284.09 199.866 1285.96 195.444 1286.77 193.755C1287.58 195.444 1289.45 199.866 1290.51 206.339C1290.71 207.505 1290.83 208.591 1290.95 209.717V209.998C1291.03 210.692 1291.08 211.386 1291.12 212.059C1291.15 212.439 1291.17 212.812 1291.2 213.174V218.485C1291.16 219.531 1291.08 220.576 1290.95 221.661V221.943C1290.83 223.069 1290.71 224.194 1290.51 225.32C1289.45 231.793 1287.58 236.216 1286.77 237.904C1285.96 236.216 1284.09 231.793 1283.03 225.32C1282.83 224.154 1282.7 223.069 1282.58 221.943V221.661C1282.5 220.967 1282.46 220.273 1282.42 219.6L1282.42 219.598L1282.42 219.597L1282.42 219.595L1282.42 219.594L1282.42 219.592L1282.42 219.59C1282.39 219.214 1282.37 218.844 1282.34 218.485V213.174Z" fill="url(#paint78_linear_35097_25595)"/>
<path fill-rule="evenodd" clip-rule="evenodd" d="M1322.09 35.2582V37.3891C1322.01 43.6611 1320.71 49.8929 1318.51 55.8433L1317.33 59.0195C1315.58 63.7026 1313.4 68.1932 1310.49 72.2272C1313.44 76.2636 1315.62 80.7932 1317.33 85.4383L1318.51 88.6145C1320.67 94.5247 1322.01 100.756 1322.09 107.069V109.2C1322.01 115.472 1320.71 121.703 1318.51 127.654L1317.33 130.83C1315.58 135.513 1313.4 140.004 1310.49 144.038C1313.44 148.074 1315.62 152.604 1317.33 157.249L1318.51 160.425C1320.67 166.335 1322.01 172.567 1322.09 178.879V181.01C1322.01 187.282 1320.71 193.514 1318.51 199.464L1317.33 202.64C1315.58 207.324 1313.4 211.814 1310.49 215.848C1313.44 219.885 1315.62 224.414 1317.33 229.059L1318.51 232.235C1320.67 238.146 1322.01 244.377 1322.09 250.69V252.82C1322.01 259.092 1320.71 265.324 1318.51 271.275L1317.33 274.451C1315.55 279.235 1313.31 283.819 1310.3 287.92C1310.28 287.939 1310.27 287.958 1310.27 287.972C1310.26 287.98 1310.26 287.987 1310.26 287.992C1310.26 287.997 1310.26 288 1310.26 288H1310.22C1310.18 287.96 1310.18 287.92 1310.18 287.92C1307.13 283.819 1304.86 279.195 1303.15 274.451L1301.97 271.275C1299.82 265.365 1298.47 259.133 1298.39 252.82V250.69C1298.47 244.418 1299.77 238.186 1301.97 232.235L1303.15 229.059C1304.86 224.376 1307.08 219.885 1309.99 215.851C1307.04 211.815 1304.82 207.286 1303.15 202.64L1301.97 199.464C1299.82 193.554 1298.47 187.322 1298.39 181.01V178.879C1298.47 172.607 1299.77 166.375 1301.97 160.425L1303.15 157.249C1304.86 152.566 1307.08 148.075 1309.99 144.041C1307.04 140.005 1304.82 135.475 1303.15 130.83L1301.97 127.654C1299.82 121.744 1298.47 115.512 1298.39 109.2V107.069C1298.47 100.797 1299.77 94.5648 1301.97 88.6145L1303.15 85.4383C1304.86 80.7551 1307.08 76.2646 1309.99 72.2306C1307.04 68.1941 1304.82 63.6646 1303.15 59.0195L1301.97 55.8433C1299.82 49.9331 1298.47 43.7013 1298.39 37.3891V35.2582C1298.47 28.9862 1299.77 22.7544 1301.97 16.804L1303.15 13.6278C1304.9 8.84338 1307.17 4.25996 1310.18 0.159025C1310.22 0.118819 1310.22 0.0786276 1310.22 0.0786276H1310.26C1310.3 0.118833 1310.3 0.159025 1310.3 0.159025C1313.35 4.25996 1315.59 8.88358 1317.33 13.6278L1318.51 16.804C1320.67 22.7142 1322.01 28.946 1322.09 35.2582ZM1314.69 39.2385V33.2881C1314.66 32.9257 1314.64 32.5528 1314.61 32.1733C1314.57 31.5002 1314.53 30.8061 1314.45 30.1119V29.8305C1314.33 28.7048 1314.2 27.6192 1314 26.4532C1312.94 19.9802 1311.07 15.5576 1310.26 13.869C1309.45 15.5576 1307.58 19.9802 1306.52 26.4532C1306.32 27.5785 1306.2 28.7038 1306.08 29.829L1306.07 29.8305V30.1119C1305.95 31.1975 1305.87 32.2428 1305.83 33.2881V39.2385C1305.86 39.5994 1305.88 39.9706 1305.91 40.3485L1305.91 40.35V40.3514L1305.91 40.3526V40.3542C1305.95 41.027 1306 41.7209 1306.07 42.4147V42.6962C1306.2 43.8219 1306.32 44.9075 1306.52 46.0734C1307.58 52.5465 1309.45 56.969 1310.26 58.6576C1311.07 56.969 1312.94 52.5465 1314 46.0734C1314.2 44.9477 1314.33 43.8219 1314.45 42.6962V42.4147C1314.57 41.3292 1314.65 40.2838 1314.69 39.2385ZM1314.69 111.049V105.099C1314.66 104.736 1314.64 104.363 1314.61 103.984C1314.57 103.311 1314.53 102.617 1314.45 101.922V101.641C1314.33 100.515 1314.2 99.4297 1314 98.2637C1312.94 91.7907 1311.07 87.3681 1310.26 85.6795C1309.45 87.3681 1307.58 91.7907 1306.52 98.2637C1306.32 99.389 1306.2 100.514 1306.08 101.64L1306.07 101.641V101.922C1305.95 103.008 1305.87 104.053 1305.83 105.099V111.049C1305.86 111.41 1305.88 111.782 1305.91 112.16L1305.91 112.162L1305.91 112.163V112.165C1305.95 112.837 1306 113.531 1306.07 114.225V114.507C1306.2 115.632 1306.32 116.718 1306.52 117.884C1307.58 124.357 1309.45 128.779 1310.26 130.468C1311.07 128.779 1312.94 124.357 1314 117.884C1314.2 116.758 1314.33 115.632 1314.45 114.507V114.225C1314.57 113.14 1314.65 112.094 1314.69 111.049ZM1314.69 182.859V176.909C1314.66 176.547 1314.64 176.174 1314.61 175.794C1314.57 175.121 1314.53 174.427 1314.45 173.733V173.451C1314.33 172.326 1314.2 171.24 1314 170.074C1312.94 163.601 1311.07 159.179 1310.26 157.49C1309.45 159.179 1307.58 163.601 1306.52 170.074C1306.32 171.199 1306.2 172.325 1306.08 173.45L1306.07 173.451V173.733C1305.95 174.818 1305.87 175.864 1305.83 176.909V182.859C1305.86 183.22 1305.88 183.59 1305.91 183.968L1305.91 183.969L1305.91 183.971V183.972L1305.91 183.974V183.975C1305.95 184.648 1306 185.342 1306.07 186.036V186.317C1306.2 187.443 1306.32 188.528 1306.52 189.694C1307.58 196.167 1309.45 200.59 1310.26 202.279C1311.07 200.59 1312.94 196.167 1314 189.694C1314.2 188.569 1314.33 187.443 1314.45 186.317V186.036C1314.57 184.95 1314.65 183.905 1314.69 182.859ZM1314.69 254.67V248.72C1314.66 248.357 1314.64 247.984 1314.61 247.605C1314.57 246.932 1314.53 246.237 1314.45 245.543V245.262C1314.33 244.136 1314.2 243.051 1314 241.885C1312.94 235.412 1311.07 230.989 1310.26 229.3C1309.45 230.989 1307.58 235.412 1306.52 241.885C1306.32 243.01 1306.2 244.135 1306.08 245.26L1306.07 245.262V245.543C1305.95 246.629 1305.87 247.674 1305.83 248.72V254.67C1305.86 255.032 1305.88 255.404 1305.91 255.783L1305.91 255.784V255.786C1305.95 256.458 1306 257.152 1306.07 257.846V258.128C1306.2 259.253 1306.32 260.339 1306.52 261.505C1307.58 267.978 1309.45 272.4 1310.26 274.089C1311.07 272.4 1312.94 267.978 1314 261.505C1314.2 260.379 1314.33 259.253 1314.45 258.128V257.846C1314.57 256.761 1314.65 255.715 1314.69 254.67Z" fill="url(#paint79_linear_35097_25595)"/>
<path fill-rule="evenodd" clip-rule="evenodd" d="M1340.87 49.8527C1339.12 45.1085 1336.88 40.4849 1333.84 36.3839C1333.88 36.3437 1333.88 36.3035 1333.88 36.3035C1333.84 36.2633 1333.84 36.2231 1333.84 36.2231C1336.84 32.1222 1339.12 27.5388 1340.87 22.7544L1342.05 19.5781C1344.24 13.6278 1345.54 7.39599 1345.62 1.12397V0.0786276H1338.27V3.05381C1338.22 4.09914 1338.14 5.14448 1338.02 6.23002V6.51146L1338.02 6.51292C1337.9 7.63818 1337.78 8.76345 1337.57 9.88871C1336.52 16.3618 1334.65 20.7843 1333.84 22.4729C1333.02 20.7843 1331.15 16.3618 1330.1 9.88871C1329.89 8.72276 1329.77 7.6372 1329.65 6.51146V6.23002C1329.57 5.53574 1329.53 4.84146 1329.48 4.16821L1329.48 4.16706L1329.48 4.16576L1329.48 4.16432L1329.48 4.16272L1329.48 4.16097L1329.48 4.15906V4.15699C1329.46 3.78146 1329.43 3.41251 1329.41 3.05381V0.0786276H1322.05V1.12397C1322.13 7.43619 1323.47 13.668 1325.63 19.5781L1326.8 22.7544C1328.55 27.4986 1330.79 32.1222 1333.84 36.2231C1333.79 36.2633 1333.79 36.3035 1333.79 36.3035C1333.84 36.3437 1333.84 36.3839 1333.84 36.3839C1330.83 40.4849 1328.55 45.0683 1326.8 49.8527L1325.63 53.0289C1323.43 58.9793 1322.13 65.2111 1322.05 71.4831V72.9344C1322.13 79.2467 1323.47 85.4784 1325.63 91.3886L1326.8 94.5648C1328.55 99.3091 1330.79 103.933 1333.84 108.034C1333.82 108.05 1333.81 108.067 1333.8 108.081C1333.79 108.1 1333.79 108.114 1333.79 108.114C1333.81 108.134 1333.82 108.153 1333.83 108.168C1333.83 108.174 1333.83 108.178 1333.83 108.183C1333.84 108.19 1333.84 108.194 1333.84 108.194C1330.83 112.295 1328.55 116.879 1326.8 121.663L1325.63 124.839C1323.43 130.79 1322.13 137.022 1322.05 143.294V144.745C1322.13 151.057 1323.47 157.289 1325.63 163.199L1326.8 166.375C1328.55 171.12 1330.79 175.743 1333.84 179.844C1333.79 179.884 1333.79 179.924 1333.79 179.924C1333.84 179.965 1333.84 180.005 1333.84 180.005C1330.83 184.106 1328.55 188.689 1326.8 193.474L1325.63 196.65C1323.43 202.6 1322.13 208.832 1322.05 215.104V216.555C1322.13 222.868 1323.47 229.099 1325.63 235.01L1326.8 238.186C1328.55 242.93 1330.79 247.554 1333.84 251.654C1333.79 251.695 1333.79 251.735 1333.79 251.735C1333.84 251.775 1333.84 251.815 1333.84 251.815C1330.83 255.916 1328.55 260.5 1326.8 265.284L1325.63 268.46C1323.43 274.411 1322.13 280.642 1322.05 286.914V287.96H1329.41V284.985C1329.45 283.939 1329.53 282.894 1329.65 281.808V281.527C1329.77 280.401 1329.89 279.275 1330.1 278.15C1331.15 271.677 1333.02 267.254 1333.84 265.566C1334.65 267.254 1336.52 271.677 1337.57 278.15C1337.78 279.316 1337.9 280.401 1338.02 281.527V281.808C1338.1 282.503 1338.14 283.197 1338.19 283.87C1338.21 284.249 1338.24 284.622 1338.27 284.985V287.96H1345.62V286.914C1345.54 280.602 1344.2 274.37 1342.05 268.46L1340.87 265.284C1339.12 260.54 1336.88 255.916 1333.84 251.815C1333.88 251.775 1333.88 251.735 1333.88 251.735C1333.86 251.721 1333.85 251.708 1333.85 251.696C1333.84 251.672 1333.84 251.654 1333.84 251.654C1336.84 247.554 1339.12 242.97 1340.87 238.186L1342.05 235.01C1344.24 229.059 1345.54 222.827 1345.62 216.555V215.104C1345.54 208.792 1344.2 202.56 1342.05 196.65L1340.87 193.474C1339.12 188.729 1336.88 184.106 1333.84 180.005C1333.88 179.965 1333.88 179.924 1333.88 179.924C1333.84 179.884 1333.84 179.844 1333.84 179.844C1336.84 175.743 1339.12 171.16 1340.87 166.375L1342.05 163.199C1344.24 157.249 1345.54 151.017 1345.62 144.745V143.294C1345.54 136.981 1344.2 130.75 1342.05 124.839L1340.87 121.663C1339.12 116.919 1336.88 112.295 1333.84 108.194C1333.86 108.174 1333.87 108.154 1333.87 108.139C1333.87 108.135 1333.87 108.131 1333.87 108.128L1333.88 108.121L1333.88 108.116L1333.88 108.114C1333.84 108.074 1333.84 108.034 1333.84 108.034C1336.84 103.933 1339.12 99.3493 1340.87 94.5648L1342.05 91.3886C1344.24 85.4382 1345.54 79.2065 1345.62 72.9344V71.4831C1345.54 65.1709 1344.2 58.9391 1342.05 53.0289L1340.87 49.8527ZM1338.27 141.364C1338.24 141.001 1338.21 140.628 1338.19 140.249C1338.14 139.576 1338.1 138.882 1338.02 138.188V137.906C1337.9 136.78 1337.78 135.695 1337.57 134.529C1336.52 128.056 1334.65 123.633 1333.84 121.945C1333.02 123.633 1331.15 128.056 1330.1 134.529C1329.89 135.655 1329.77 136.78 1329.65 137.906V138.188C1329.53 139.273 1329.45 140.318 1329.41 141.364V146.675C1329.43 147.033 1329.46 147.402 1329.48 147.778V147.78L1329.48 147.782L1329.48 147.784L1329.48 147.785L1329.48 147.787L1329.48 147.788L1329.48 147.789C1329.53 148.462 1329.57 149.157 1329.65 149.851V150.132C1329.77 151.258 1329.89 152.344 1330.1 153.51C1331.15 159.983 1333.02 164.405 1333.84 166.094C1334.65 164.405 1336.52 159.983 1337.57 153.51C1337.78 152.384 1337.9 151.259 1338.02 150.134L1338.02 150.132V149.851C1338.14 148.765 1338.22 147.72 1338.27 146.675V141.364ZM1329.41 69.5532C1329.45 68.5079 1329.53 67.4626 1329.65 66.377V66.0956C1329.77 64.9698 1329.89 63.8441 1330.1 62.7184C1331.15 56.2453 1333.02 51.8227 1333.84 50.1341C1334.65 51.8227 1336.52 56.2453 1337.57 62.7184C1337.78 63.8843 1337.9 64.9698 1338.02 66.0956V66.377C1338.1 67.0711 1338.14 67.7653 1338.19 68.4384C1338.21 68.8179 1338.24 69.1908 1338.27 69.5532V74.8643C1338.22 75.9096 1338.14 76.9549 1338.02 78.0405V78.3219L1338.02 78.3234C1337.9 79.4486 1337.78 80.5739 1337.57 81.6992C1336.52 88.1722 1334.65 92.5948 1333.84 94.2834C1333.02 92.5948 1331.15 88.1722 1330.1 81.6992C1329.89 80.5332 1329.77 79.4477 1329.65 78.3219V78.0405C1329.57 77.3462 1329.53 76.6519 1329.48 75.9787C1329.46 75.5993 1329.43 75.2265 1329.41 74.8643V69.5532ZM1329.41 213.174C1329.45 212.129 1329.53 211.083 1329.65 209.998V209.717C1329.77 208.591 1329.89 207.465 1330.1 206.339C1331.15 199.866 1333.02 195.444 1333.84 193.755C1334.65 195.444 1336.52 199.866 1337.57 206.339C1337.78 207.505 1337.9 208.591 1338.02 209.717V209.998C1338.1 210.692 1338.14 211.386 1338.19 212.059C1338.21 212.439 1338.24 212.812 1338.27 213.174V218.485C1338.22 219.531 1338.14 220.576 1338.02 221.661V221.943L1338.02 221.944C1337.9 223.07 1337.78 224.195 1337.57 225.32C1336.52 231.793 1334.65 236.216 1333.84 237.904C1333.02 236.216 1331.15 231.793 1330.1 225.32C1329.89 224.154 1329.77 223.069 1329.65 221.943V221.661C1329.57 220.967 1329.53 220.273 1329.48 219.6L1329.48 219.598C1329.46 219.219 1329.43 218.847 1329.41 218.485V213.174Z" fill="url(#paint80_linear_35097_25595)"/>
<path fill-rule="evenodd" clip-rule="evenodd" d="M1381.11 36.3839C1384.15 40.4849 1386.39 45.1085 1388.14 49.8527L1389.32 53.0289C1391.47 58.9391 1392.81 65.1709 1392.89 71.4831V72.9344C1392.81 79.2065 1391.51 85.4382 1389.32 91.3886L1388.14 94.5648C1386.35 99.3493 1384.11 103.933 1381.11 108.034C1378.06 103.933 1375.78 99.3091 1374.07 94.5648L1372.9 91.3886C1370.74 85.4784 1369.4 79.2467 1369.32 72.9344V71.4831C1369.4 65.2111 1370.7 58.9793 1372.9 53.0289L1374.07 49.8527C1375.82 45.0683 1378.1 40.4849 1381.11 36.3839ZM1376.68 74.8643C1376.7 75.2265 1376.73 75.5993 1376.75 75.9787C1376.8 76.6519 1376.84 77.3462 1376.92 78.0405V78.3219C1377.04 79.4477 1377.16 80.5332 1377.37 81.6992C1378.42 88.1722 1380.29 92.5948 1381.11 94.2834C1381.92 92.5948 1383.79 88.1722 1384.84 81.6992C1385.05 80.5739 1385.17 79.4486 1385.29 78.3234L1385.29 78.3219V78.0405C1385.41 76.9549 1385.49 75.9096 1385.54 74.8643V69.5532C1385.51 69.1908 1385.48 68.8179 1385.46 68.4384C1385.41 67.7653 1385.37 67.0711 1385.29 66.377V66.0956C1385.17 64.9698 1385.05 63.8843 1384.84 62.7184C1383.79 56.2453 1381.92 51.8227 1381.11 50.1341C1380.29 51.8227 1378.42 56.2453 1377.37 62.7184C1377.16 63.8441 1377.04 64.9698 1376.92 66.0956V66.377C1376.8 67.4626 1376.72 68.5079 1376.68 69.5532V74.8643Z" fill="url(#paint81_linear_35097_25595)"/>
<path fill-rule="evenodd" clip-rule="evenodd" d="M1381.11 36.2231C1378.06 32.1222 1375.78 27.4986 1374.07 22.7544L1372.9 19.5781C1370.74 13.668 1369.4 7.43619 1369.32 1.12397V0.0786276H1376.68V3.05381C1376.7 3.41251 1376.73 3.78146 1376.75 4.15699L1376.75 4.15906V4.16097L1376.75 4.16272L1376.75 4.16432V4.16576L1376.75 4.16706L1376.75 4.16821C1376.8 4.84146 1376.84 5.53574 1376.92 6.23002V6.51146C1377.04 7.6372 1377.16 8.72276 1377.37 9.88871C1378.42 16.3618 1380.29 20.7843 1381.11 22.4729C1381.92 20.7843 1383.79 16.3618 1384.84 9.88871C1385.05 8.76345 1385.17 7.63818 1385.29 6.51292L1385.29 6.51146V6.23002C1385.41 5.14448 1385.49 4.09914 1385.54 3.05381V0.0786276H1392.89V1.12397C1392.81 7.39599 1391.51 13.6278 1389.32 19.5781L1388.14 22.7544C1386.35 27.5388 1384.11 32.1222 1381.11 36.2231ZM1381.11 36.2231C1381.11 36.2231 1381.11 36.2633 1381.15 36.3035C1381.15 36.3035 1381.15 36.3437 1381.11 36.3839C1381.11 36.3839 1381.11 36.3437 1381.06 36.3035C1381.06 36.3035 1381.06 36.2633 1381.11 36.2231Z" fill="url(#paint82_linear_35097_25595)"/>
<path d="M1381.11 108.194C1381.11 108.194 1381.11 108.154 1381.06 108.114C1381.06 108.114 1381.06 108.074 1381.11 108.034C1381.11 108.034 1381.11 108.074 1381.15 108.114C1381.15 108.114 1381.15 108.154 1381.11 108.194Z" fill="url(#paint83_linear_35097_25595)"/>
<path fill-rule="evenodd" clip-rule="evenodd" d="M1392.89 143.294C1392.81 136.981 1391.47 130.75 1389.32 124.839L1388.14 121.663C1386.39 116.919 1384.15 112.295 1381.11 108.194C1378.1 112.295 1375.82 116.879 1374.07 121.663L1372.9 124.839C1370.7 130.79 1369.4 137.022 1369.32 143.294V144.745C1369.4 151.057 1370.74 157.289 1372.9 163.199L1374.07 166.375C1375.78 171.12 1378.06 175.743 1381.11 179.844C1381.06 179.884 1381.06 179.924 1381.06 179.924C1381.11 179.965 1381.11 180.005 1381.11 180.005C1378.1 184.106 1375.82 188.689 1374.07 193.474L1372.9 196.65C1370.7 202.6 1369.4 208.832 1369.32 215.104V216.555C1369.4 222.868 1370.74 229.099 1372.9 235.01L1374.07 238.186C1375.78 242.93 1378.06 247.554 1381.11 251.654C1381.06 251.695 1381.06 251.735 1381.06 251.735C1381.08 251.752 1381.09 251.77 1381.1 251.784C1381.11 251.803 1381.11 251.815 1381.11 251.815C1378.1 255.916 1375.82 260.5 1374.07 265.284L1372.9 268.46C1370.7 274.411 1369.4 280.642 1369.32 286.914V287.96H1376.68V284.985C1376.72 283.939 1376.8 282.894 1376.92 281.808V281.527C1377.04 280.401 1377.16 279.275 1377.37 278.15C1378.42 271.677 1380.29 267.254 1381.11 265.566C1381.92 267.254 1383.79 271.677 1384.84 278.15C1385.05 279.316 1385.17 280.401 1385.29 281.527V281.808C1385.37 282.503 1385.41 283.197 1385.46 283.87C1385.48 284.249 1385.51 284.622 1385.54 284.985V287.96H1392.89V286.914C1392.81 280.602 1391.47 274.37 1389.32 268.46L1388.14 265.284C1386.39 260.54 1384.15 255.916 1381.11 251.815C1381.15 251.775 1381.15 251.735 1381.15 251.735C1381.11 251.695 1381.11 251.654 1381.11 251.654C1384.11 247.554 1386.35 242.97 1388.14 238.186L1389.32 235.01C1391.51 229.059 1392.81 222.827 1392.89 216.555V215.104C1392.81 208.792 1391.47 202.56 1389.32 196.65L1388.14 193.474C1386.39 188.729 1384.15 184.106 1381.11 180.005C1381.15 179.965 1381.15 179.924 1381.15 179.924C1381.11 179.884 1381.11 179.844 1381.11 179.844C1384.11 175.743 1386.35 171.16 1388.14 166.375L1389.32 163.199C1391.51 157.249 1392.81 151.017 1392.89 144.745V143.294ZM1385.54 141.364C1385.51 141.001 1385.48 140.628 1385.46 140.249C1385.41 139.576 1385.37 138.882 1385.29 138.188V137.906C1385.17 136.78 1385.05 135.695 1384.84 134.529C1383.79 128.056 1381.92 123.633 1381.11 121.945C1380.29 123.633 1378.42 128.056 1377.37 134.529C1377.16 135.655 1377.04 136.78 1376.92 137.906V138.188C1376.8 139.273 1376.72 140.318 1376.68 141.364V146.675C1376.7 147.033 1376.73 147.402 1376.75 147.778L1376.75 147.78V147.782L1376.75 147.784L1376.75 147.785V147.787L1376.75 147.788L1376.75 147.789C1376.8 148.462 1376.84 149.157 1376.92 149.851V150.132C1377.04 151.258 1377.16 152.344 1377.37 153.51C1378.42 159.983 1380.29 164.405 1381.11 166.094C1381.92 164.405 1383.79 159.983 1384.84 153.51C1385.05 152.384 1385.17 151.259 1385.29 150.134L1385.29 150.132V149.851C1385.41 148.765 1385.49 147.72 1385.54 146.675V141.364ZM1376.68 218.485C1376.7 218.846 1376.73 219.218 1376.75 219.596L1376.75 219.598L1376.75 219.6C1376.8 220.273 1376.84 220.967 1376.92 221.661V221.943C1377.04 223.069 1377.16 224.154 1377.37 225.32C1378.42 231.793 1380.29 236.216 1381.11 237.904C1381.92 236.216 1383.79 231.793 1384.84 225.32C1385.05 224.195 1385.17 223.07 1385.29 221.944L1385.29 221.943V221.661C1385.41 220.576 1385.49 219.531 1385.54 218.485V213.174C1385.52 212.977 1385.51 212.778 1385.49 212.575C1385.48 212.405 1385.47 212.233 1385.46 212.059C1385.41 211.386 1385.37 210.692 1385.29 209.998V209.717C1385.17 208.591 1385.05 207.505 1384.84 206.339C1383.79 199.866 1381.92 195.444 1381.11 193.755C1380.29 195.444 1378.42 199.866 1377.37 206.339C1377.16 207.465 1377.04 208.591 1376.92 209.717V209.998C1376.8 211.083 1376.72 212.129 1376.68 213.174V218.485Z" fill="url(#paint84_linear_35097_25595)"/>
<path fill-rule="evenodd" clip-rule="evenodd" d="M1369.2 35.2582C1369.12 28.946 1367.77 22.7142 1365.62 16.804L1364.44 13.6278C1362.69 8.88358 1360.46 4.25996 1357.41 0.159025C1357.41 0.159025 1357.41 0.118833 1357.37 0.0786276H1357.33C1357.33 0.0786276 1357.33 0.118819 1357.29 0.159025C1354.28 4.25996 1352 8.84338 1350.26 13.6278L1349.08 16.804C1346.88 22.7544 1345.58 28.9862 1345.5 35.2582V37.3891C1345.58 43.7013 1346.92 49.9331 1349.08 55.8433L1350.26 59.0195C1351.97 63.6646 1354.15 68.1941 1357.1 72.2305C1354.18 76.2645 1351.97 80.7551 1350.26 85.4383L1349.08 88.6145C1346.88 94.5648 1345.58 100.797 1345.5 107.069V109.2C1345.58 115.512 1346.92 121.744 1349.08 127.654L1350.26 130.83C1351.97 135.475 1354.15 140.005 1357.1 144.041C1354.18 148.075 1351.97 152.566 1350.26 157.249L1349.08 160.425C1346.88 166.375 1345.58 172.607 1345.5 178.879V181.01C1345.58 187.322 1346.92 193.554 1349.08 199.464L1350.26 202.64C1351.97 207.286 1354.15 211.815 1357.1 215.851C1354.18 219.885 1351.97 224.376 1350.26 229.059L1349.08 232.235C1346.88 238.186 1345.58 244.418 1345.5 250.69V252.82C1345.58 259.133 1346.92 265.365 1349.08 271.275L1350.26 274.451C1352 279.195 1354.24 283.819 1357.29 287.92C1357.29 287.92 1357.29 287.96 1357.33 288H1357.37C1357.37 288 1357.37 287.96 1357.41 287.92C1360.42 283.819 1362.69 279.235 1364.44 274.451L1365.62 271.275C1367.81 265.324 1369.12 259.092 1369.2 252.82V250.69C1369.12 244.377 1367.77 238.146 1365.62 232.235L1364.44 229.059C1362.73 224.414 1360.55 219.885 1357.6 215.848C1360.51 211.814 1362.73 207.324 1364.44 202.64L1365.62 199.464C1367.81 193.514 1369.12 187.282 1369.2 181.01V178.879C1369.12 172.567 1367.77 166.335 1365.62 160.425L1364.44 157.249C1362.73 152.604 1360.55 148.074 1357.6 144.038C1360.51 140.004 1362.73 135.513 1364.44 130.83L1365.62 127.654C1367.81 121.703 1369.12 115.472 1369.2 109.2V107.069C1369.12 100.756 1367.77 94.5247 1365.62 88.6145L1364.44 85.4383C1362.73 80.7932 1360.55 76.2637 1357.6 72.2272C1360.51 68.1932 1362.73 63.7027 1364.44 59.0195L1365.62 55.8433C1367.81 49.8929 1369.12 43.6611 1369.2 37.3891V35.2582ZM1361.8 39.2385C1361.76 40.2838 1361.68 41.3292 1361.56 42.4147V42.6962L1361.55 42.6976C1361.43 43.8229 1361.31 44.9482 1361.11 46.0734C1360.05 52.5465 1358.18 56.969 1357.37 58.6576C1356.56 56.969 1354.69 52.5465 1353.63 46.0734C1353.43 44.9075 1353.3 43.8219 1353.18 42.6962V42.4147C1353.1 41.7209 1353.06 41.027 1353.02 40.3542L1353.02 40.3526L1353.02 40.3514V40.35L1353.02 40.3485V40.3468L1353.02 40.3449L1353.02 40.3427C1352.99 39.9668 1352.97 39.5975 1352.94 39.2385V33.2881C1352.98 32.2428 1353.06 31.1975 1353.18 30.1119V29.8305L1353.18 29.829C1353.3 28.7038 1353.43 27.5785 1353.63 26.4532C1354.69 19.9802 1356.56 15.5576 1357.37 13.869C1358.18 15.5576 1360.05 19.9802 1361.11 26.4532C1361.31 27.6192 1361.43 28.7048 1361.56 29.8305V30.1119C1361.63 30.8061 1361.68 31.5002 1361.72 32.1733C1361.75 32.5528 1361.77 32.9257 1361.8 33.2881V39.2385ZM1361.8 111.049C1361.76 112.094 1361.68 113.14 1361.56 114.225V114.507L1361.55 114.508C1361.43 115.633 1361.31 116.759 1361.11 117.884C1360.05 124.357 1358.18 128.779 1357.37 130.468C1356.56 128.779 1354.69 124.357 1353.63 117.884C1353.43 116.718 1353.3 115.632 1353.18 114.507V114.225C1353.1 113.531 1353.06 112.837 1353.02 112.165L1353.02 112.163C1352.99 111.784 1352.97 111.411 1352.94 111.049V105.099C1352.98 104.053 1353.06 103.008 1353.18 101.922V101.641L1353.18 101.64C1353.3 100.514 1353.43 99.389 1353.63 98.2637C1354.69 91.7907 1356.56 87.3681 1357.37 85.6795C1358.18 87.3681 1360.05 91.7907 1361.11 98.2637C1361.31 99.4297 1361.43 100.515 1361.56 101.641V101.922C1361.63 102.617 1361.68 103.311 1361.72 103.984C1361.75 104.363 1361.77 104.736 1361.8 105.099V111.049ZM1361.8 182.859C1361.76 183.905 1361.68 184.95 1361.56 186.036V186.317L1361.55 186.319C1361.43 187.444 1361.31 188.569 1361.11 189.694C1360.05 196.167 1358.18 200.59 1357.37 202.279C1356.56 200.59 1354.69 196.167 1353.63 189.694C1353.43 188.528 1353.3 187.443 1353.18 186.317V186.036C1353.1 185.342 1353.06 184.648 1353.02 183.975L1353.02 183.974L1353.02 183.972V183.971L1353.02 183.969V183.968L1353.02 183.966L1353.02 183.964C1352.99 183.588 1352.97 183.218 1352.94 182.859V176.909C1352.98 175.864 1353.06 174.818 1353.18 173.733V173.451L1353.18 173.45C1353.3 172.325 1353.43 171.199 1353.63 170.074C1354.69 163.601 1356.56 159.179 1357.37 157.49C1358.18 159.179 1360.05 163.601 1361.11 170.074C1361.31 171.24 1361.43 172.326 1361.56 173.451V173.733C1361.63 174.427 1361.68 175.121 1361.72 175.794C1361.75 176.174 1361.77 176.547 1361.8 176.909V182.859ZM1361.8 254.67C1361.76 255.715 1361.68 256.761 1361.56 257.846V258.128L1361.55 258.129C1361.43 259.254 1361.31 260.38 1361.11 261.505C1360.05 267.978 1358.18 272.4 1357.37 274.089C1356.56 272.4 1354.69 267.978 1353.63 261.505C1353.43 260.339 1353.3 259.253 1353.18 258.128V257.846C1353.1 257.152 1353.06 256.458 1353.02 255.786L1353.02 255.784L1353.02 255.783C1352.99 255.404 1352.97 255.032 1352.94 254.67V248.72C1352.98 247.674 1353.06 246.629 1353.18 245.543V245.262L1353.18 245.26C1353.3 244.135 1353.43 243.01 1353.63 241.885C1354.69 235.412 1356.56 230.989 1357.37 229.3C1358.18 230.989 1360.05 235.412 1361.11 241.885C1361.31 243.051 1361.43 244.136 1361.56 245.262V245.543C1361.63 246.237 1361.68 246.932 1361.72 247.605C1361.75 247.984 1361.77 248.357 1361.8 248.72V254.67Z" fill="url(#paint85_linear_35097_25595)"/>
<path fill-rule="evenodd" clip-rule="evenodd" d="M1416.43 35.2582V37.3891C1416.34 43.6611 1415.04 49.8929 1412.85 55.8433L1411.67 59.0195C1409.92 63.7026 1407.74 68.1932 1404.83 72.2272C1407.78 76.2636 1409.96 80.7932 1411.67 85.4383L1412.85 88.6145C1415 94.5247 1416.34 100.756 1416.43 107.069V109.2C1416.34 115.472 1415.04 121.703 1412.85 127.654L1411.67 130.83C1409.92 135.513 1407.74 140.004 1404.83 144.038C1407.78 148.074 1409.96 152.604 1411.67 157.249L1412.85 160.425C1415 166.335 1416.34 172.567 1416.43 178.879V181.01C1416.34 187.282 1415.04 193.514 1412.85 199.464L1411.67 202.64C1409.92 207.324 1407.74 211.814 1404.83 215.848C1407.78 219.885 1409.96 224.414 1411.67 229.059L1412.85 232.235C1415 238.146 1416.34 244.377 1416.43 250.69V252.82C1416.34 259.092 1415.04 265.324 1412.85 271.275L1411.67 274.451C1409.88 279.235 1407.65 283.819 1404.64 287.92C1404.62 287.939 1404.61 287.958 1404.6 287.973C1404.6 287.989 1404.6 288 1404.6 288H1404.56C1404.52 287.96 1404.52 287.92 1404.52 287.92C1401.47 283.819 1399.19 279.195 1397.49 274.451L1396.31 271.275C1394.15 265.365 1392.81 259.133 1392.73 252.82V250.69C1392.81 244.418 1394.11 238.186 1396.31 232.235L1397.49 229.059C1399.2 224.376 1401.41 219.885 1404.33 215.851C1401.37 211.815 1399.16 207.286 1397.49 202.64L1396.31 199.464C1394.15 193.554 1392.81 187.322 1392.73 181.01V178.879C1392.81 172.607 1394.11 166.375 1396.31 160.425L1397.49 157.249C1399.2 152.566 1401.41 148.075 1404.33 144.041C1401.37 140.005 1399.16 135.475 1397.49 130.83L1396.31 127.654C1394.15 121.744 1392.81 115.512 1392.73 109.2V107.069C1392.81 100.797 1394.11 94.5648 1396.31 88.6145L1397.49 85.4383C1399.2 80.7551 1401.41 76.2646 1404.33 72.2306C1401.37 68.1941 1399.16 63.6646 1397.49 59.0195L1396.31 55.8433C1394.15 49.9331 1392.81 43.7013 1392.73 37.3891V35.2582C1392.81 28.9862 1394.11 22.7544 1396.31 16.804L1397.49 13.6278C1399.23 8.84338 1401.51 4.25996 1404.52 0.159025C1404.56 0.118819 1404.56 0.0786276 1404.56 0.0786276H1404.6C1404.64 0.118833 1404.64 0.159025 1404.64 0.159025C1407.69 4.25996 1409.92 8.88358 1411.67 13.6278L1412.85 16.804C1415 22.7142 1416.34 28.946 1416.43 35.2582ZM1409.07 39.2385V33.2881C1409.04 32.9259 1409.02 32.5531 1408.99 32.1737C1408.95 31.5005 1408.9 30.8062 1408.83 30.1119V29.8305C1408.7 28.7048 1408.58 27.6192 1408.38 26.4532C1407.32 19.9802 1405.45 15.5576 1404.64 13.869C1403.83 15.5576 1401.96 19.9802 1400.9 26.4532C1400.7 27.5785 1400.57 28.7038 1400.45 29.829L1400.45 29.8305V30.1119C1400.33 31.1975 1400.25 32.2428 1400.21 33.2881V39.2385C1400.24 39.6009 1400.26 39.9738 1400.29 40.3534C1400.33 41.0265 1400.37 41.7206 1400.45 42.4147V42.6962C1400.57 43.8219 1400.7 44.9075 1400.9 46.0734C1401.96 52.5465 1403.83 56.969 1404.64 58.6576C1405.45 56.969 1407.32 52.5465 1408.38 46.0734C1408.58 44.9477 1408.7 43.8219 1408.83 42.6962V42.4147C1408.95 41.3292 1409.03 40.2838 1409.07 39.2385ZM1409.07 111.049V105.099C1409.05 104.893 1409.04 104.683 1409.02 104.471C1409.01 104.31 1409 104.149 1408.99 103.985L1408.99 103.984C1408.95 103.311 1408.9 102.617 1408.83 101.922V101.641C1408.7 100.515 1408.58 99.4297 1408.38 98.2637C1407.32 91.7907 1405.45 87.3681 1404.64 85.6795C1403.83 87.3681 1401.96 91.7907 1400.9 98.2637C1400.7 99.389 1400.57 100.514 1400.45 101.64L1400.45 101.641V101.922C1400.33 103.008 1400.25 104.053 1400.21 105.099V111.049C1400.24 111.411 1400.26 111.784 1400.29 112.164C1400.33 112.837 1400.37 113.531 1400.45 114.225V114.507C1400.57 115.632 1400.7 116.718 1400.9 117.884C1401.96 124.357 1403.83 128.779 1404.64 130.468C1405.45 128.779 1407.32 124.357 1408.38 117.884C1408.58 116.758 1408.7 115.632 1408.83 114.507V114.225C1408.95 113.14 1409.03 112.094 1409.07 111.049ZM1409.07 182.859V176.909C1409.04 176.547 1409.02 176.175 1408.99 175.796L1408.99 175.795C1408.95 175.121 1408.9 174.427 1408.83 173.733V173.451C1408.7 172.326 1408.58 171.24 1408.38 170.074C1407.32 163.601 1405.45 159.179 1404.64 157.49C1403.83 159.179 1401.96 163.601 1400.9 170.074C1400.7 171.199 1400.57 172.325 1400.45 173.45L1400.45 173.451V173.733C1400.33 174.818 1400.25 175.864 1400.21 176.909V182.859C1400.24 183.222 1400.26 183.595 1400.29 183.974C1400.33 184.647 1400.37 185.342 1400.45 186.036V186.317C1400.57 187.443 1400.7 188.528 1400.9 189.694C1401.96 196.167 1403.83 200.59 1404.64 202.279C1405.45 200.59 1407.32 196.167 1408.38 189.694C1408.58 188.569 1408.7 187.443 1408.83 186.317V186.036C1408.95 184.95 1409.03 183.905 1409.07 182.859ZM1409.07 254.67V248.72C1409.04 248.358 1409.02 247.985 1408.99 247.606L1408.99 247.605C1408.95 246.932 1408.9 246.238 1408.83 245.543V245.262C1408.7 244.136 1408.58 243.051 1408.38 241.885C1407.32 235.412 1405.45 230.989 1404.64 229.3C1403.83 230.989 1401.96 235.412 1400.9 241.885C1400.7 243.01 1400.57 244.135 1400.45 245.26L1400.45 245.262V245.543C1400.33 246.629 1400.25 247.674 1400.21 248.72V254.67C1400.24 255.032 1400.26 255.405 1400.29 255.785C1400.33 256.458 1400.37 257.152 1400.45 257.846V258.128C1400.57 259.253 1400.7 260.339 1400.9 261.505C1401.96 267.978 1403.83 272.4 1404.64 274.089C1405.45 272.4 1407.32 267.978 1408.38 261.505C1408.58 260.379 1408.7 259.253 1408.83 258.128V257.846C1408.95 256.761 1409.03 255.715 1409.07 254.67Z" fill="url(#paint86_linear_35097_25595)"/>
<path fill-rule="evenodd" clip-rule="evenodd" d="M1435.24 49.8527C1433.5 45.1085 1431.26 40.4849 1428.21 36.3839C1428.25 36.3437 1428.25 36.3035 1428.25 36.3035C1428.21 36.2633 1428.21 36.2231 1428.21 36.2231C1431.22 32.1222 1433.5 27.5388 1435.24 22.7544L1436.42 19.5781C1438.62 13.6278 1439.92 7.39599 1440 1.12397V0.0786276H1432.64V3.05381C1432.6 4.09914 1432.52 5.14448 1432.4 6.23002V6.51146L1432.4 6.51292C1432.28 7.63818 1432.16 8.76345 1431.95 9.88871C1430.9 16.3618 1429.03 20.7843 1428.21 22.4729C1427.4 20.7843 1425.53 16.3618 1424.47 9.88871C1424.27 8.72276 1424.15 7.6372 1424.03 6.51146V6.23002C1423.95 5.53574 1423.9 4.84146 1423.86 4.16821L1423.86 4.16706L1423.86 4.16576L1423.86 4.16432L1423.86 4.16272L1423.86 4.16097V4.15906V4.15699C1423.84 3.78146 1423.81 3.41251 1423.78 3.05381V0.0786276H1416.43V1.12397C1416.51 7.43619 1417.85 13.668 1420 19.5781L1421.18 22.7544C1422.93 27.4986 1425.16 32.1222 1428.21 36.2231C1428.17 36.2633 1428.17 36.3035 1428.17 36.3035C1428.21 36.3437 1428.21 36.3839 1428.21 36.3839C1425.21 40.4849 1422.93 45.0683 1421.18 49.8527L1420 53.0289C1417.81 58.9793 1416.51 65.2111 1416.43 71.4831V72.9344C1416.51 79.2467 1417.85 85.4784 1420 91.3886L1421.18 94.5648C1422.93 99.3091 1425.16 103.933 1428.21 108.034C1428.17 108.074 1428.17 108.114 1428.17 108.114C1428.21 108.154 1428.21 108.194 1428.21 108.194C1425.21 112.295 1422.93 116.879 1421.18 121.663L1420 124.839C1417.81 130.79 1416.51 137.022 1416.43 143.294V144.745C1416.51 151.057 1417.85 157.289 1420 163.199L1421.18 166.375C1422.93 171.12 1425.16 175.743 1428.21 179.844C1428.17 179.884 1428.17 179.924 1428.17 179.924C1428.21 179.965 1428.21 180.005 1428.21 180.005C1425.21 184.106 1422.93 188.689 1421.18 193.474L1420 196.65C1417.81 202.6 1416.51 208.832 1416.43 215.104V216.555C1416.51 222.868 1417.85 229.099 1420 235.01L1421.18 238.186C1422.93 242.93 1425.16 247.554 1428.21 251.654C1428.2 251.671 1428.19 251.688 1428.18 251.702C1428.17 251.721 1428.17 251.735 1428.17 251.735C1428.19 251.75 1428.2 251.764 1428.2 251.777C1428.21 251.799 1428.21 251.815 1428.21 251.815C1425.21 255.916 1422.93 260.5 1421.18 265.284L1420 268.46C1417.81 274.411 1416.51 280.642 1416.43 286.914V287.96H1423.78V284.985C1423.82 283.939 1423.9 282.894 1424.03 281.808V281.527C1424.15 280.401 1424.27 279.275 1424.47 278.15C1425.53 271.677 1427.4 267.254 1428.21 265.566C1429.03 267.254 1430.9 271.677 1431.95 278.15C1432.16 279.316 1432.28 280.401 1432.4 281.527V281.808C1432.48 282.503 1432.52 283.197 1432.57 283.87C1432.59 284.249 1432.61 284.622 1432.64 284.985V287.96H1440V286.914C1439.92 280.602 1438.58 274.37 1436.42 268.46L1435.24 265.284C1433.5 260.54 1431.26 255.916 1428.21 251.815C1428.25 251.775 1428.25 251.735 1428.25 251.735C1428.24 251.719 1428.23 251.703 1428.22 251.689C1428.21 251.669 1428.21 251.654 1428.21 251.654C1431.22 247.554 1433.5 242.97 1435.24 238.186L1436.42 235.01C1438.62 229.059 1439.92 222.827 1440 216.555V215.104C1439.92 208.792 1438.58 202.56 1436.42 196.65L1435.24 193.474C1433.5 188.729 1431.26 184.106 1428.21 180.005C1428.25 179.965 1428.25 179.924 1428.25 179.924C1428.21 179.884 1428.21 179.844 1428.21 179.844C1431.22 175.743 1433.5 171.16 1435.24 166.375L1436.42 163.199C1438.62 157.249 1439.92 151.017 1440 144.745V143.294C1439.92 136.981 1438.58 130.75 1436.42 124.839L1435.24 121.663C1433.5 116.919 1431.26 112.295 1428.21 108.194C1428.25 108.154 1428.25 108.114 1428.25 108.114C1428.21 108.074 1428.21 108.034 1428.21 108.034C1431.22 103.933 1433.5 99.3493 1435.24 94.5648L1436.42 91.3886C1438.62 85.4382 1439.92 79.2065 1440 72.9344V71.4831C1439.92 65.1709 1438.58 58.9391 1436.42 53.0289L1435.24 49.8527ZM1432.64 141.364C1432.61 141.001 1432.59 140.628 1432.57 140.249C1432.52 139.576 1432.48 138.882 1432.4 138.188V137.906C1432.28 136.78 1432.16 135.695 1431.95 134.529C1430.9 128.056 1429.03 123.633 1428.21 121.945C1427.4 123.633 1425.53 128.056 1424.47 134.529C1424.27 135.655 1424.15 136.78 1424.03 137.906V138.188C1423.9 139.273 1423.82 140.318 1423.78 141.364V146.675C1423.81 147.033 1423.84 147.402 1423.86 147.778V147.78V147.782L1423.86 147.784L1423.86 147.785L1423.86 147.787L1423.86 147.788L1423.86 147.789C1423.9 148.462 1423.95 149.157 1424.03 149.851V150.132C1424.15 151.258 1424.27 152.344 1424.47 153.51C1425.53 159.983 1427.4 164.405 1428.21 166.094C1429.03 164.405 1430.9 159.983 1431.95 153.51C1432.16 152.384 1432.28 151.259 1432.4 150.134L1432.4 150.132V149.851C1432.52 148.765 1432.6 147.72 1432.64 146.675V141.364ZM1423.78 69.5532C1423.82 68.5079 1423.9 67.4626 1424.03 66.377V66.0956C1424.15 64.9698 1424.27 63.8441 1424.47 62.7184C1425.53 56.2453 1427.4 51.8227 1428.21 50.1341C1429.03 51.8227 1430.9 56.2453 1431.95 62.7184C1432.16 63.8843 1432.28 64.9698 1432.4 66.0956V66.377C1432.48 67.0711 1432.52 67.7653 1432.57 68.4384C1432.59 68.8179 1432.61 69.1908 1432.64 69.5532V74.8643C1432.6 75.9096 1432.52 76.9549 1432.4 78.0405V78.3219L1432.4 78.3234C1432.28 79.4486 1432.16 80.5739 1431.95 81.6992C1430.9 88.1722 1429.03 92.5948 1428.21 94.2834C1427.4 92.5948 1425.53 88.1722 1424.47 81.6992C1424.27 80.5332 1424.15 79.4477 1424.03 78.3219V78.0405C1423.95 77.3462 1423.9 76.6519 1423.86 75.9787L1423.86 75.9775C1423.84 75.5985 1423.81 75.2262 1423.78 74.8643V69.5532ZM1423.78 213.174C1423.82 212.129 1423.9 211.083 1424.03 209.998V209.717C1424.15 208.591 1424.27 207.465 1424.47 206.339C1425.53 199.866 1427.4 195.444 1428.21 193.755C1429.03 195.444 1430.9 199.866 1431.95 206.339C1432.16 207.505 1432.28 208.591 1432.4 209.717V209.998C1432.48 210.692 1432.52 211.386 1432.57 212.059C1432.59 212.439 1432.61 212.812 1432.64 213.174V218.485C1432.6 219.531 1432.52 220.576 1432.4 221.661V221.943L1432.4 221.944C1432.28 223.07 1432.16 224.195 1431.95 225.32C1430.9 231.793 1429.03 236.216 1428.21 237.904C1427.4 236.216 1425.53 231.793 1424.47 225.32C1424.27 224.154 1424.15 223.069 1424.03 221.943V221.661C1423.95 220.967 1423.9 220.273 1423.86 219.6L1423.86 219.598C1423.84 219.219 1423.81 218.847 1423.78 218.485V213.174Z" fill="url(#paint87_linear_35097_25595)"/>
<defs>
<linearGradient id="paint0_linear_35097_25595" x1="956.571" y1="0" x2="956.571" y2="228.075" gradientUnits="userSpaceOnUse">
<stop stop-color="#EFEFEF" stop-opacity="0.5"/>
<stop offset="1" stop-color="white" stop-opacity="0"/>
</linearGradient>
<linearGradient id="paint1_linear_35097_25595" x1="956.571" y1="0" x2="956.571" y2="228.075" gradientUnits="userSpaceOnUse">
<stop stop-color="#EFEFEF" stop-opacity="0.5"/>
<stop offset="1" stop-color="white" stop-opacity="0"/>
</linearGradient>
<linearGradient id="paint2_linear_35097_25595" x1="956.571" y1="0" x2="956.571" y2="228.075" gradientUnits="userSpaceOnUse">
<stop stop-color="#EFEFEF" stop-opacity="0.5"/>
<stop offset="1" stop-color="white" stop-opacity="0"/>
</linearGradient>
<linearGradient id="paint3_linear_35097_25595" x1="956.571" y1="0" x2="956.571" y2="228.075" gradientUnits="userSpaceOnUse">
<stop stop-color="#EFEFEF" stop-opacity="0.5"/>
<stop offset="1" stop-color="white" stop-opacity="0"/>
</linearGradient>
<linearGradient id="paint4_linear_35097_25595" x1="956.571" y1="0" x2="956.571" y2="228.075" gradientUnits="userSpaceOnUse">
<stop stop-color="#EFEFEF" stop-opacity="0.5"/>
<stop offset="1" stop-color="white" stop-opacity="0"/>
</linearGradient>
<linearGradient id="paint5_linear_35097_25595" x1="956.571" y1="0" x2="956.571" y2="228.075" gradientUnits="userSpaceOnUse">
<stop stop-color="#EFEFEF" stop-opacity="0.5"/>
<stop offset="1" stop-color="white" stop-opacity="0"/>
</linearGradient>
<linearGradient id="paint6_linear_35097_25595" x1="956.571" y1="0" x2="956.571" y2="228.075" gradientUnits="userSpaceOnUse">
<stop stop-color="#EFEFEF" stop-opacity="0.5"/>
<stop offset="1" stop-color="white" stop-opacity="0"/>
</linearGradient>
<linearGradient id="paint7_linear_35097_25595" x1="956.571" y1="0" x2="956.571" y2="228.075" gradientUnits="userSpaceOnUse">
<stop stop-color="#EFEFEF" stop-opacity="0.5"/>
<stop offset="1" stop-color="white" stop-opacity="0"/>
</linearGradient>
<linearGradient id="paint8_linear_35097_25595" x1="956.571" y1="0" x2="956.571" y2="228.075" gradientUnits="userSpaceOnUse">
<stop stop-color="#EFEFEF" stop-opacity="0.5"/>
<stop offset="1" stop-color="white" stop-opacity="0"/>
</linearGradient>
<linearGradient id="paint9_linear_35097_25595" x1="956.571" y1="0" x2="956.571" y2="228.075" gradientUnits="userSpaceOnUse">
<stop stop-color="#EFEFEF" stop-opacity="0.5"/>
<stop offset="1" stop-color="white" stop-opacity="0"/>
</linearGradient>
<linearGradient id="paint10_linear_35097_25595" x1="956.571" y1="0" x2="956.571" y2="228.075" gradientUnits="userSpaceOnUse">
<stop stop-color="#EFEFEF" stop-opacity="0.5"/>
<stop offset="1" stop-color="white" stop-opacity="0"/>
</linearGradient>
<linearGradient id="paint11_linear_35097_25595" x1="956.571" y1="0" x2="956.571" y2="228.075" gradientUnits="userSpaceOnUse">
<stop stop-color="#EFEFEF" stop-opacity="0.5"/>
<stop offset="1" stop-color="white" stop-opacity="0"/>
</linearGradient>
<linearGradient id="paint12_linear_35097_25595" x1="956.571" y1="0" x2="956.571" y2="228.075" gradientUnits="userSpaceOnUse">
<stop stop-color="#EFEFEF" stop-opacity="0.5"/>
<stop offset="1" stop-color="white" stop-opacity="0"/>
</linearGradient>
<linearGradient id="paint13_linear_35097_25595" x1="956.571" y1="0" x2="956.571" y2="228.075" gradientUnits="userSpaceOnUse">
<stop stop-color="#EFEFEF" stop-opacity="0.5"/>
<stop offset="1" stop-color="white" stop-opacity="0"/>
</linearGradient>
<linearGradient id="paint14_linear_35097_25595" x1="956.571" y1="0" x2="956.571" y2="228.075" gradientUnits="userSpaceOnUse">
<stop stop-color="#EFEFEF" stop-opacity="0.5"/>
<stop offset="1" stop-color="white" stop-opacity="0"/>
</linearGradient>
<linearGradient id="paint15_linear_35097_25595" x1="956.571" y1="0" x2="956.571" y2="228.075" gradientUnits="userSpaceOnUse">
<stop stop-color="#EFEFEF" stop-opacity="0.5"/>
<stop offset="1" stop-color="white" stop-opacity="0"/>
</linearGradient>
<linearGradient id="paint16_linear_35097_25595" x1="956.571" y1="0" x2="956.571" y2="228.075" gradientUnits="userSpaceOnUse">
<stop stop-color="#EFEFEF" stop-opacity="0.5"/>
<stop offset="1" stop-color="white" stop-opacity="0"/>
</linearGradient>
<linearGradient id="paint17_linear_35097_25595" x1="956.571" y1="0" x2="956.571" y2="228.075" gradientUnits="userSpaceOnUse">
<stop stop-color="#EFEFEF" stop-opacity="0.5"/>
<stop offset="1" stop-color="white" stop-opacity="0"/>
</linearGradient>
<linearGradient id="paint18_linear_35097_25595" x1="956.571" y1="0" x2="956.571" y2="228.075" gradientUnits="userSpaceOnUse">
<stop stop-color="#EFEFEF" stop-opacity="0.5"/>
<stop offset="1" stop-color="white" stop-opacity="0"/>
</linearGradient>
<linearGradient id="paint19_linear_35097_25595" x1="956.571" y1="0" x2="956.571" y2="228.075" gradientUnits="userSpaceOnUse">
<stop stop-color="#EFEFEF" stop-opacity="0.5"/>
<stop offset="1" stop-color="white" stop-opacity="0"/>
</linearGradient>
<linearGradient id="paint20_linear_35097_25595" x1="956.571" y1="0" x2="956.571" y2="228.075" gradientUnits="userSpaceOnUse">
<stop stop-color="#EFEFEF" stop-opacity="0.5"/>
<stop offset="1" stop-color="white" stop-opacity="0"/>
</linearGradient>
<linearGradient id="paint21_linear_35097_25595" x1="956.571" y1="0" x2="956.571" y2="228.075" gradientUnits="userSpaceOnUse">
<stop stop-color="#EFEFEF" stop-opacity="0.5"/>
<stop offset="1" stop-color="white" stop-opacity="0"/>
</linearGradient>
<linearGradient id="paint22_linear_35097_25595" x1="956.571" y1="0" x2="956.571" y2="228.075" gradientUnits="userSpaceOnUse">
<stop stop-color="#EFEFEF" stop-opacity="0.5"/>
<stop offset="1" stop-color="white" stop-opacity="0"/>
</linearGradient>
<linearGradient id="paint23_linear_35097_25595" x1="956.571" y1="0" x2="956.571" y2="228.075" gradientUnits="userSpaceOnUse">
<stop stop-color="#EFEFEF" stop-opacity="0.5"/>
<stop offset="1" stop-color="white" stop-opacity="0"/>
</linearGradient>
<linearGradient id="paint24_linear_35097_25595" x1="956.571" y1="0" x2="956.571" y2="228.075" gradientUnits="userSpaceOnUse">
<stop stop-color="#EFEFEF" stop-opacity="0.5"/>
<stop offset="1" stop-color="white" stop-opacity="0"/>
</linearGradient>
<linearGradient id="paint25_linear_35097_25595" x1="956.571" y1="0" x2="956.571" y2="228.075" gradientUnits="userSpaceOnUse">
<stop stop-color="#EFEFEF" stop-opacity="0.5"/>
<stop offset="1" stop-color="white" stop-opacity="0"/>
</linearGradient>
<linearGradient id="paint26_linear_35097_25595" x1="956.571" y1="0" x2="956.571" y2="228.075" gradientUnits="userSpaceOnUse">
<stop stop-color="#EFEFEF" stop-opacity="0.5"/>
<stop offset="1" stop-color="white" stop-opacity="0"/>
</linearGradient>
<linearGradient id="paint27_linear_35097_25595" x1="956.571" y1="0" x2="956.571" y2="228.075" gradientUnits="userSpaceOnUse">
<stop stop-color="#EFEFEF" stop-opacity="0.5"/>
<stop offset="1" stop-color="white" stop-opacity="0"/>
</linearGradient>
<linearGradient id="paint28_linear_35097_25595" x1="956.571" y1="0" x2="956.571" y2="228.075" gradientUnits="userSpaceOnUse">
<stop stop-color="#EFEFEF" stop-opacity="0.5"/>
<stop offset="1" stop-color="white" stop-opacity="0"/>
</linearGradient>
<linearGradient id="paint29_linear_35097_25595" x1="956.571" y1="0" x2="956.571" y2="228.075" gradientUnits="userSpaceOnUse">
<stop stop-color="#EFEFEF" stop-opacity="0.5"/>
<stop offset="1" stop-color="white" stop-opacity="0"/>
</linearGradient>
<linearGradient id="paint30_linear_35097_25595" x1="956.571" y1="0" x2="956.571" y2="228.075" gradientUnits="userSpaceOnUse">
<stop stop-color="#EFEFEF" stop-opacity="0.5"/>
<stop offset="1" stop-color="white" stop-opacity="0"/>
</linearGradient>
<linearGradient id="paint31_linear_35097_25595" x1="956.571" y1="0" x2="956.571" y2="228.075" gradientUnits="userSpaceOnUse">
<stop stop-color="#EFEFEF" stop-opacity="0.5"/>
<stop offset="1" stop-color="white" stop-opacity="0"/>
</linearGradient>
<linearGradient id="paint32_linear_35097_25595" x1="956.571" y1="0" x2="956.571" y2="228.075" gradientUnits="userSpaceOnUse">
<stop stop-color="#EFEFEF" stop-opacity="0.5"/>
<stop offset="1" stop-color="white" stop-opacity="0"/>
</linearGradient>
<linearGradient id="paint33_linear_35097_25595" x1="956.571" y1="0" x2="956.571" y2="228.075" gradientUnits="userSpaceOnUse">
<stop stop-color="#EFEFEF" stop-opacity="0.5"/>
<stop offset="1" stop-color="white" stop-opacity="0"/>
</linearGradient>
<linearGradient id="paint34_linear_35097_25595" x1="956.571" y1="0" x2="956.571" y2="228.075" gradientUnits="userSpaceOnUse">
<stop stop-color="#EFEFEF" stop-opacity="0.5"/>
<stop offset="1" stop-color="white" stop-opacity="0"/>
</linearGradient>
<linearGradient id="paint35_linear_35097_25595" x1="956.571" y1="0" x2="956.571" y2="228.075" gradientUnits="userSpaceOnUse">
<stop stop-color="#EFEFEF" stop-opacity="0.5"/>
<stop offset="1" stop-color="white" stop-opacity="0"/>
</linearGradient>
<linearGradient id="paint36_linear_35097_25595" x1="956.571" y1="0" x2="956.571" y2="228.075" gradientUnits="userSpaceOnUse">
<stop stop-color="#EFEFEF" stop-opacity="0.5"/>
<stop offset="1" stop-color="white" stop-opacity="0"/>
</linearGradient>
<linearGradient id="paint37_linear_35097_25595" x1="956.571" y1="0" x2="956.571" y2="228.075" gradientUnits="userSpaceOnUse">
<stop stop-color="#EFEFEF" stop-opacity="0.5"/>
<stop offset="1" stop-color="white" stop-opacity="0"/>
</linearGradient>
<linearGradient id="paint38_linear_35097_25595" x1="956.571" y1="0" x2="956.571" y2="228.075" gradientUnits="userSpaceOnUse">
<stop stop-color="#EFEFEF" stop-opacity="0.5"/>
<stop offset="1" stop-color="white" stop-opacity="0"/>
</linearGradient>
<linearGradient id="paint39_linear_35097_25595" x1="956.571" y1="0" x2="956.571" y2="228.075" gradientUnits="userSpaceOnUse">
<stop stop-color="#EFEFEF" stop-opacity="0.5"/>
<stop offset="1" stop-color="white" stop-opacity="0"/>
</linearGradient>
<linearGradient id="paint40_linear_35097_25595" x1="956.571" y1="0" x2="956.571" y2="228.075" gradientUnits="userSpaceOnUse">
<stop stop-color="#EFEFEF" stop-opacity="0.5"/>
<stop offset="1" stop-color="white" stop-opacity="0"/>
</linearGradient>
<linearGradient id="paint41_linear_35097_25595" x1="956.571" y1="0" x2="956.571" y2="228.075" gradientUnits="userSpaceOnUse">
<stop stop-color="#EFEFEF" stop-opacity="0.5"/>
<stop offset="1" stop-color="white" stop-opacity="0"/>
</linearGradient>
<linearGradient id="paint42_linear_35097_25595" x1="956.571" y1="0" x2="956.571" y2="228.075" gradientUnits="userSpaceOnUse">
<stop stop-color="#EFEFEF" stop-opacity="0.5"/>
<stop offset="1" stop-color="white" stop-opacity="0"/>
</linearGradient>
<linearGradient id="paint43_linear_35097_25595" x1="956.571" y1="0" x2="956.571" y2="228.075" gradientUnits="userSpaceOnUse">
<stop stop-color="#EFEFEF" stop-opacity="0.5"/>
<stop offset="1" stop-color="white" stop-opacity="0"/>
</linearGradient>
<linearGradient id="paint44_linear_35097_25595" x1="956.571" y1="0" x2="956.571" y2="228.075" gradientUnits="userSpaceOnUse">
<stop stop-color="#EFEFEF" stop-opacity="0.5"/>
<stop offset="1" stop-color="white" stop-opacity="0"/>
</linearGradient>
<linearGradient id="paint45_linear_35097_25595" x1="956.571" y1="0" x2="956.571" y2="228.075" gradientUnits="userSpaceOnUse">
<stop stop-color="#EFEFEF" stop-opacity="0.5"/>
<stop offset="1" stop-color="white" stop-opacity="0"/>
</linearGradient>
<linearGradient id="paint46_linear_35097_25595" x1="956.571" y1="0" x2="956.571" y2="228.075" gradientUnits="userSpaceOnUse">
<stop stop-color="#EFEFEF" stop-opacity="0.5"/>
<stop offset="1" stop-color="white" stop-opacity="0"/>
</linearGradient>
<linearGradient id="paint47_linear_35097_25595" x1="956.571" y1="0" x2="956.571" y2="228.075" gradientUnits="userSpaceOnUse">
<stop stop-color="#EFEFEF" stop-opacity="0.5"/>
<stop offset="1" stop-color="white" stop-opacity="0"/>
</linearGradient>
<linearGradient id="paint48_linear_35097_25595" x1="956.571" y1="0" x2="956.571" y2="228.075" gradientUnits="userSpaceOnUse">
<stop stop-color="#EFEFEF" stop-opacity="0.5"/>
<stop offset="1" stop-color="white" stop-opacity="0"/>
</linearGradient>
<linearGradient id="paint49_linear_35097_25595" x1="956.571" y1="0" x2="956.571" y2="228.075" gradientUnits="userSpaceOnUse">
<stop stop-color="#EFEFEF" stop-opacity="0.5"/>
<stop offset="1" stop-color="white" stop-opacity="0"/>
</linearGradient>
<linearGradient id="paint50_linear_35097_25595" x1="956.571" y1="0" x2="956.571" y2="228.075" gradientUnits="userSpaceOnUse">
<stop stop-color="#EFEFEF" stop-opacity="0.5"/>
<stop offset="1" stop-color="white" stop-opacity="0"/>
</linearGradient>
<linearGradient id="paint51_linear_35097_25595" x1="956.571" y1="0" x2="956.571" y2="228.075" gradientUnits="userSpaceOnUse">
<stop stop-color="#EFEFEF" stop-opacity="0.5"/>
<stop offset="1" stop-color="white" stop-opacity="0"/>
</linearGradient>
<linearGradient id="paint52_linear_35097_25595" x1="956.571" y1="0" x2="956.571" y2="228.075" gradientUnits="userSpaceOnUse">
<stop stop-color="#EFEFEF" stop-opacity="0.5"/>
<stop offset="1" stop-color="white" stop-opacity="0"/>
</linearGradient>
<linearGradient id="paint53_linear_35097_25595" x1="956.571" y1="0" x2="956.571" y2="228.075" gradientUnits="userSpaceOnUse">
<stop stop-color="#EFEFEF" stop-opacity="0.5"/>
<stop offset="1" stop-color="white" stop-opacity="0"/>
</linearGradient>
<linearGradient id="paint54_linear_35097_25595" x1="956.571" y1="0" x2="956.571" y2="228.075" gradientUnits="userSpaceOnUse">
<stop stop-color="#EFEFEF" stop-opacity="0.5"/>
<stop offset="1" stop-color="white" stop-opacity="0"/>
</linearGradient>
<linearGradient id="paint55_linear_35097_25595" x1="956.571" y1="0" x2="956.571" y2="228.075" gradientUnits="userSpaceOnUse">
<stop stop-color="#EFEFEF" stop-opacity="0.5"/>
<stop offset="1" stop-color="white" stop-opacity="0"/>
</linearGradient>
<linearGradient id="paint56_linear_35097_25595" x1="956.571" y1="0" x2="956.571" y2="228.075" gradientUnits="userSpaceOnUse">
<stop stop-color="#EFEFEF" stop-opacity="0.5"/>
<stop offset="1" stop-color="white" stop-opacity="0"/>
</linearGradient>
<linearGradient id="paint57_linear_35097_25595" x1="956.571" y1="0" x2="956.571" y2="228.075" gradientUnits="userSpaceOnUse">
<stop stop-color="#EFEFEF" stop-opacity="0.5"/>
<stop offset="1" stop-color="white" stop-opacity="0"/>
</linearGradient>
<linearGradient id="paint58_linear_35097_25595" x1="956.571" y1="0" x2="956.571" y2="228.075" gradientUnits="userSpaceOnUse">
<stop stop-color="#EFEFEF" stop-opacity="0.5"/>
<stop offset="1" stop-color="white" stop-opacity="0"/>
</linearGradient>
<linearGradient id="paint59_linear_35097_25595" x1="956.571" y1="0" x2="956.571" y2="228.075" gradientUnits="userSpaceOnUse">
<stop stop-color="#EFEFEF" stop-opacity="0.5"/>
<stop offset="1" stop-color="white" stop-opacity="0"/>
</linearGradient>
<linearGradient id="paint60_linear_35097_25595" x1="956.571" y1="0" x2="956.571" y2="228.075" gradientUnits="userSpaceOnUse">
<stop stop-color="#EFEFEF" stop-opacity="0.5"/>
<stop offset="1" stop-color="white" stop-opacity="0"/>
</linearGradient>
<linearGradient id="paint61_linear_35097_25595" x1="956.571" y1="0" x2="956.571" y2="228.075" gradientUnits="userSpaceOnUse">
<stop stop-color="#EFEFEF" stop-opacity="0.5"/>
<stop offset="1" stop-color="white" stop-opacity="0"/>
</linearGradient>
<linearGradient id="paint62_linear_35097_25595" x1="956.571" y1="0" x2="956.571" y2="228.075" gradientUnits="userSpaceOnUse">
<stop stop-color="#EFEFEF" stop-opacity="0.5"/>
<stop offset="1" stop-color="white" stop-opacity="0"/>
</linearGradient>
<linearGradient id="paint63_linear_35097_25595" x1="956.571" y1="0" x2="956.571" y2="228.075" gradientUnits="userSpaceOnUse">
<stop stop-color="#EFEFEF" stop-opacity="0.5"/>
<stop offset="1" stop-color="white" stop-opacity="0"/>
</linearGradient>
<linearGradient id="paint64_linear_35097_25595" x1="956.571" y1="0" x2="956.571" y2="228.075" gradientUnits="userSpaceOnUse">
<stop stop-color="#EFEFEF" stop-opacity="0.5"/>
<stop offset="1" stop-color="white" stop-opacity="0"/>
</linearGradient>
<linearGradient id="paint65_linear_35097_25595" x1="956.571" y1="0" x2="956.571" y2="228.075" gradientUnits="userSpaceOnUse">
<stop stop-color="#EFEFEF" stop-opacity="0.5"/>
<stop offset="1" stop-color="white" stop-opacity="0"/>
</linearGradient>
<linearGradient id="paint66_linear_35097_25595" x1="956.571" y1="0" x2="956.571" y2="228.075" gradientUnits="userSpaceOnUse">
<stop stop-color="#EFEFEF" stop-opacity="0.5"/>
<stop offset="1" stop-color="white" stop-opacity="0"/>
</linearGradient>
<linearGradient id="paint67_linear_35097_25595" x1="956.571" y1="0" x2="956.571" y2="228.075" gradientUnits="userSpaceOnUse">
<stop stop-color="#EFEFEF" stop-opacity="0.5"/>
<stop offset="1" stop-color="white" stop-opacity="0"/>
</linearGradient>
<linearGradient id="paint68_linear_35097_25595" x1="956.571" y1="0" x2="956.571" y2="228.075" gradientUnits="userSpaceOnUse">
<stop stop-color="#EFEFEF" stop-opacity="0.5"/>
<stop offset="1" stop-color="white" stop-opacity="0"/>
</linearGradient>
<linearGradient id="paint69_linear_35097_25595" x1="956.571" y1="0" x2="956.571" y2="228.075" gradientUnits="userSpaceOnUse">
<stop stop-color="#EFEFEF" stop-opacity="0.5"/>
<stop offset="1" stop-color="white" stop-opacity="0"/>
</linearGradient>
<linearGradient id="paint70_linear_35097_25595" x1="956.571" y1="0" x2="956.571" y2="228.075" gradientUnits="userSpaceOnUse">
<stop stop-color="#EFEFEF" stop-opacity="0.5"/>
<stop offset="1" stop-color="white" stop-opacity="0"/>
</linearGradient>
<linearGradient id="paint71_linear_35097_25595" x1="956.571" y1="0" x2="956.571" y2="228.075" gradientUnits="userSpaceOnUse">
<stop stop-color="#EFEFEF" stop-opacity="0.5"/>
<stop offset="1" stop-color="white" stop-opacity="0"/>
</linearGradient>
<linearGradient id="paint72_linear_35097_25595" x1="956.571" y1="0" x2="956.571" y2="228.075" gradientUnits="userSpaceOnUse">
<stop stop-color="#EFEFEF" stop-opacity="0.5"/>
<stop offset="1" stop-color="white" stop-opacity="0"/>
</linearGradient>
<linearGradient id="paint73_linear_35097_25595" x1="956.571" y1="0" x2="956.571" y2="228.075" gradientUnits="userSpaceOnUse">
<stop stop-color="#EFEFEF" stop-opacity="0.5"/>
<stop offset="1" stop-color="white" stop-opacity="0"/>
</linearGradient>
<linearGradient id="paint74_linear_35097_25595" x1="956.571" y1="0" x2="956.571" y2="228.075" gradientUnits="userSpaceOnUse">
<stop stop-color="#EFEFEF" stop-opacity="0.5"/>
<stop offset="1" stop-color="white" stop-opacity="0"/>
</linearGradient>
<linearGradient id="paint75_linear_35097_25595" x1="956.571" y1="0" x2="956.571" y2="228.075" gradientUnits="userSpaceOnUse">
<stop stop-color="#EFEFEF" stop-opacity="0.5"/>
<stop offset="1" stop-color="white" stop-opacity="0"/>
</linearGradient>
<linearGradient id="paint76_linear_35097_25595" x1="956.571" y1="0" x2="956.571" y2="228.075" gradientUnits="userSpaceOnUse">
<stop stop-color="#EFEFEF" stop-opacity="0.5"/>
<stop offset="1" stop-color="white" stop-opacity="0"/>
</linearGradient>
<linearGradient id="paint77_linear_35097_25595" x1="956.571" y1="0" x2="956.571" y2="228.075" gradientUnits="userSpaceOnUse">
<stop stop-color="#EFEFEF" stop-opacity="0.5"/>
<stop offset="1" stop-color="white" stop-opacity="0"/>
</linearGradient>
<linearGradient id="paint78_linear_35097_25595" x1="956.571" y1="0" x2="956.571" y2="228.075" gradientUnits="userSpaceOnUse">
<stop stop-color="#EFEFEF" stop-opacity="0.5"/>
<stop offset="1" stop-color="white" stop-opacity="0"/>
</linearGradient>
<linearGradient id="paint79_linear_35097_25595" x1="956.571" y1="0" x2="956.571" y2="228.075" gradientUnits="userSpaceOnUse">
<stop stop-color="#EFEFEF" stop-opacity="0.5"/>
<stop offset="1" stop-color="white" stop-opacity="0"/>
</linearGradient>
<linearGradient id="paint80_linear_35097_25595" x1="956.571" y1="0" x2="956.571" y2="228.075" gradientUnits="userSpaceOnUse">
<stop stop-color="#EFEFEF" stop-opacity="0.5"/>
<stop offset="1" stop-color="white" stop-opacity="0"/>
</linearGradient>
<linearGradient id="paint81_linear_35097_25595" x1="956.571" y1="0" x2="956.571" y2="228.075" gradientUnits="userSpaceOnUse">
<stop stop-color="#EFEFEF" stop-opacity="0.5"/>
<stop offset="1" stop-color="white" stop-opacity="0"/>
</linearGradient>
<linearGradient id="paint82_linear_35097_25595" x1="956.571" y1="0" x2="956.571" y2="228.075" gradientUnits="userSpaceOnUse">
<stop stop-color="#EFEFEF" stop-opacity="0.5"/>
<stop offset="1" stop-color="white" stop-opacity="0"/>
</linearGradient>
<linearGradient id="paint83_linear_35097_25595" x1="956.571" y1="0" x2="956.571" y2="228.075" gradientUnits="userSpaceOnUse">
<stop stop-color="#EFEFEF" stop-opacity="0.5"/>
<stop offset="1" stop-color="white" stop-opacity="0"/>
</linearGradient>
<linearGradient id="paint84_linear_35097_25595" x1="956.571" y1="0" x2="956.571" y2="228.075" gradientUnits="userSpaceOnUse">
<stop stop-color="#EFEFEF" stop-opacity="0.5"/>
<stop offset="1" stop-color="white" stop-opacity="0"/>
</linearGradient>
<linearGradient id="paint85_linear_35097_25595" x1="956.571" y1="0" x2="956.571" y2="228.075" gradientUnits="userSpaceOnUse">
<stop stop-color="#EFEFEF" stop-opacity="0.5"/>
<stop offset="1" stop-color="white" stop-opacity="0"/>
</linearGradient>
<linearGradient id="paint86_linear_35097_25595" x1="956.571" y1="0" x2="956.571" y2="228.075" gradientUnits="userSpaceOnUse">
<stop stop-color="#EFEFEF" stop-opacity="0.5"/>
<stop offset="1" stop-color="white" stop-opacity="0"/>
</linearGradient>
<linearGradient id="paint87_linear_35097_25595" x1="956.571" y1="0" x2="956.571" y2="228.075" gradientUnits="userSpaceOnUse">
<stop stop-color="#EFEFEF" stop-opacity="0.5"/>
<stop offset="1" stop-color="white" stop-opacity="0"/>
</linearGradient>
</defs>
</svg>
